stk,yr,ets,rec2,rec3,rec4,rec5,rec6
1,1948,0.018061,0,0,0.179412,0.018741,0
1,1949,0.35519,0,0.006218,1.029437,0.001271,0
1,1950,0.053069,0,0.000579,0.240545,0.000542,0
1,1951,0.052825,0,9.00E-06,0.158428,0.015217,0
1,1952,0.027821,0,2.80E-05,0.078012,0.01056,0
1,1953,0.137097,0,0.000294,0.537711,0.002886,0
1,1954,0.034427,0,0.000341,0.154781,0.000701,0
1,1955,0.002052,0,1.10E-05,0.025824,0.001632,0
1,1956,0.024684,0,0,0.101035,0.006393,0
1,1957,0.232256,0,0.00073,1.215763,0.003272,0
1,1958,0.037279,0,0.000755,0.102112,0.00024,0
1,1959,0.002586,0,0,0.014682,0.006153,0
1,1960,0.012397,0,2.20E-05,0.069925,0.004202,0
1,1961,0.16048,0,0.00063,0.252123,0.002208,0
1,1962,0.025398,0,0,0.067661,0.005992,0
1,1963,0.004109,0,0.000332,0.090397,0.001825,0
1,1964,0.002319,0,0.001027,0.02594,0.012949,0
1,1965,0.018543,0,0.000432,0.415253,0.001526,0
1,1966,0.01009,0,0.001746,0.08304,0,0
1,1967,0.019949,0,0.000423,0.326142,0.013128,0
1,1968,0.00134,0,1.10E-05,0.010412,0,0
1,1969,0.089746,0,0.000648,1.366181,0.004452,0
1,1970,0.028206,0,0.001212,0.178232,0.001312,0
1,1971,0.08544,0,0.000311,0.42351,0.006993,0
1,1972,0.004219,0,2.50E-05,0.032207,0,0
1,1973,0.295915,0,0.004591,1.342456,0.003951,0
1,1974,0.038013,0,0.001242,0.141307,0.002218,0
1,1975,0.052052,0,0.00015,0.220007,0.002852,0
1,1976,0.011431,0,4.30E-05,0.0288,0.003034,0
1,1977,0.086551,0,0.000572,0.752467,0.008655,0
1,1978,0.035786,0,0.000202,0.07147,0.00118,0
1,1979,0.069277,0,3.40E-05,0.089807,0.017889,0
1,1980,0.012648,0,1.00E-05,0.03795,0.025541,0
1,1981,0.123195,0,4.60E-05,0.33129,0.018805,0
1,1982,0.003749,0,1.30E-05,0.026796,0.001007,0
1,1983,0.020443,0,0.000423,0.17676,0.010949,0
1,1984,0.040202,0,0.00024,0.209867,0.029536,0
1,1985,0.215698,0,0.002414,1.179879,0.026057,0
1,1986,0.027352,0,5.60E-05,0.12828,0.017603,0
1,1987,0.135361,0,8.00E-06,0.494847,0.031065,0
1,1988,0.174002,0,3.30E-05,0.319342,0.059894,0
1,1989,0.365639,0,0.00042,1.091749,0.045932,0
1,1990,0.093371,0,2.00E-06,0.156963,0.009121,0
1,1991,0.138286,0,0.000514,0.129192,0.014581,0
1,1992,0.05838,0,1.00E-05,0.080797,0.019569,0
1,1993,0.679396,0,0.000847,1.652166,0.16177,0
1,1994,0.026703,0,6.00E-06,0.02799,0.001034,0
1,1995,0.108053,0,2.00E-05,0.170595,0.018985,0
1,1996,0.083274,0,0,0.359206,0.10494,0
1,1997,0.216779,0,1.00E-06,0.109249,0.038121,0
1,1998,0.018221,0,2.00E-06,0.024341,0.004349,0
1,1999,0.020883,0,0,0.025927,0.004639,0
1,2000,0.079487,0,0,0.132457,0.003417,0
1,2001,0.158779,0,5.00E-06,0.216279,0.035722,0
1,2002,0.023742,0,0,0.020266,0.0043,0
1,2003,0.012718,0,0,0.008431,0.001588,0
1,2004,0.008948,0,0,0.032387,0.005077198,0
1,2005,0.097771,0,4.90E-05,0.076119303,0.007843862,0
1,2006,0.032016,0,0,0.096013086,0.01060328,0
1,2007,0.00459,0,0,0.010551212,0.000146711,0
1,2008,0.026262,0,1.00E-06,0.183791609,0.009158711,0
1,2009,0.042983,0,3.00E-06,0.172777765,0.030113412,0
1,2010,0.055378,0,5.30E-05,0.191812703,0.026478597,0
1,2011,0.000617,0,3.00E-06,0.002258977,0.000735,0
1,2012,0.019822,NA,NA,NA,NA,NA
1,2013,0.07531,NA,NA,NA,NA,NA
1,2014,0.045781,NA,NA,NA,NA,NA
1,2015,0.0075703,NA,NA,NA,NA,NA
2,1948,NA,0,0,0.000327,0,0
2,1949,0.069684,0,0.003433,1.526554,0,0
2,1950,0.003869,0,0.000591,0.036671,0.002419,0
2,1951,0.002774,0,0,0.056085,0.007559,0
2,1952,3.29E-05,0,8.60E-05,0.003858,2.90E-05,0
2,1953,0.167574,0,0.00083,1.548072,0.00147,0
2,1954,0.005388,0,0.00015,0.135111,0.002704,0
2,1955,0.007197,0,2.90E-05,0.050196,0.00112,0
2,1956,0.000831,0,0,0.013472,0.03263,0
2,1957,0.508285,0,0.000874,1.327094,0.001916,0
2,1958,0.023619,0,0.000672,0.053044,0.000961,0
2,1959,0.007991,0,6.70E-05,0.006092,0.001233,0
2,1960,0.002313,0,2.70E-05,0.006658,0.002932,0
2,1961,0.321547,0,0.000143,0.770385,0.007535,0
2,1962,0.015711,0,4.50E-05,0.043107,0.001917,0
2,1963,0.002403,0,2.50E-05,0.011911,0.000113,0
2,1964,0.001816,0,6.00E-05,0.001806,0.001235,0
2,1965,0.201891,0,0.000228,1.102448,0.021752,0
2,1966,0.007986,0,0.000274,0.071954,0.001851,0
2,1967,0.00155,0,0.000224,0.006294,0.010038,0
2,1968,0.000355,0,0,0.027393,0.003906,0
2,1969,0.194852,0,0.002756,1.602892,0.019888,0
2,1970,0.0147,0,0.000318,0.07052,0,0
2,1971,0.001429,0,0.001243,0.065527,0,0
2,1972,0.007341,0,0,0.01618,0.002586,0
2,1973,0.206276,0,0.00029,0.658158,0.005807,0
2,1974,0.013877,0,0.000855,0.048593,0.001268,0
2,1975,0.011264,0,0.000541,0.214097,0.000478,0
2,1976,0.002817,0,0,0.003339,0,0
2,1977,0.143842,0,0.000104,1.313861,0.043776,0
2,1978,0.012738,0,0.000699,0.06982,0.008928,0
2,1979,0.031918,0,0,0.006854,0,0
2,1980,0.000554,0,0,0.02144,0,0
2,1981,0.229409,0,0,1.97801,0.055891,0
2,1982,0.016758,0,0.000193,0.052097,0.008699,0
2,1983,0.002246,0,0,0.014195,0.003717,0
2,1984,0.001228,0,0.000222,0.014522,0,0
2,1985,0.265387,0,0.007755,3.367086,0.132788,0
2,1986,0.026807,0,0.000264,0.725126,0.091171,0
2,1987,0.005316,0,0.000984,0.283932,0.095155,0
2,1988,0.007072,0,0.001552,0.207234,0,0
2,1989,0.571901,0,0.020256,5.162734,0.144134,0
2,1990,0.188795,0,0.00044,0.372685,0.016654,0
2,1991,0.07686,0,0.000354,0.091441,0.017786,0
2,1992,0.019513,0,0,0.12897,0.006429,0
2,1993,1.79906,0,0.004082,3.249145,0.511029,0
2,1994,0.074911,0,0,0.108011,0.007429,0
2,1995,0.034362,0,0.001366,0.092713,0.039375,0
2,1996,0.053425,0,0.000607,0.810002,0.212391,0
2,1997,0.797917,0,8.10E-05,0.351715,0.079099,0
2,1998,0.136054,0,0.000312,0.26439,0.01256,0
2,1999,0.059398,0,2.30E-05,0.11752,0.016079,0
2,2000,0.440831,0,0.001827,0.868657,0.042459,0
2,2001,0.337986,0,2.90E-05,0.415504,0.08981,0
2,2002,0.034369,0,2.00E-05,0.121483,0.004449,0
2,2003,0.03654,0,1.10E-05,0.015962,0.00581,0
2,2004,0.083204,0,0.00022,0.263681,0.019016748,0
2,2005,0.292637,0,8.90E-05,0.10460365,0.01497404,0
2,2006,0.0271,0,3.70E-05,0.169236096,0.005275031,0
2,2007,0.008067,0,4.80E-05,0.005160259,0.008534019,0
2,2008,0.115325,0,0.000326,0.18324652,0.006667625,0
2,2009,0.085806,0,4.00E-05,0.216742123,0.013637361,0
2,2010,0.07373,0,0.000839,0.13504692,0.034987897,0
2,2011,0.002026,0,0,0.003691344,0.00535,0
2,2012,0.056978,NA,NA,NA,NA,NA
2,2013,0.130493,NA,NA,NA,NA,NA
2,2014,0.048115,NA,NA,NA,NA,NA
2,2015,0.01095,NA,NA,NA,NA,NA
3,1948,0.015172,0,0,0.185175,0.022002,0
3,1949,0.070367,0,0.000133,0.173402,0.006341,0
3,1950,0.130439,0,0.00463,0.903768,0.030719,0
3,1951,0.090072,0,2.60E-05,0.354049,0.101292,0
3,1952,0.039217,0,2.30E-05,0.093984,0.016694,0
3,1953,0.040894,0,3.00E-05,0.156192,0.018023,0
3,1954,0.136439,0,0.003311,1.140205,0.067783,0
3,1955,0.049758,0,2.80E-05,0.602677,0.027091,0
3,1956,0.036747,0,9.20E-05,0.2204,0.026243,0
3,1957,0.036199,0,8.00E-06,0.143835,0.008,0
3,1958,0.11159,0,0.001156,0.323089,0.016215,0
3,1959,0.078251,0,1.70E-05,0.514918,0.026485,0
3,1960,0.037923,0,1.90E-05,0.14334,0.021155,0
3,1961,0.033366,0,0.000288,0.137046,0.010068,0
3,1962,0.084089,0,1.00E-04,0.572029,0.017376,0
3,1963,0.077725,0,0.000977,0.713487,0.013462,0
3,1964,0.030202,0,0.000194,0.170674,0.006969,0
3,1965,0.038255,0,0.000179,0.2311,0.012372,0
3,1966,0.095692,0,0.000833,0.336316,0.022757,0
3,1967,0.055008,0,0.000288,0.531886,0.01835,0
3,1968,0.026948,0,8.50E-05,0.1259,0.003837,0
3,1969,0.044324,0,0.000131,0.235729,0.017385,0
3,1970,0.041923,0,0.00117,0.228808,0.00413,0
3,1971,0.03858,0,0.000496,0.508759,0,0
3,1972,0.03532,0,0.000204,0.711226,0.044784,0
3,1973,0.029383,0,1.10E-05,0.075813,0.010077,0
3,1974,0.040008,0,0.001823,0.281752,0.019534,0
3,1975,0.111969,0,0.003852,1.832708,0.064645,0
3,1976,0.129085,0,0.00015,0.216701,0.027506,0
3,1977,0.020348,0,7.40E-05,0.209138,0.056488,0
3,1978,0.05736,0,0.00086,0.388505,0.04804,0
3,1979,0.269624,0,3.10E-05,0.478737,0.145156,0
3,1980,0.052417,0,0.000207,0.535944,0.219255,0
3,1981,0.021014,0,2.80E-05,0.234136,0.051734,0
3,1982,0.06295,0,0.0019,0.309369,0.046504,0
3,1983,0.111823,0,0.001129,1.097744,0.158607,0
3,1984,0.059694,0,0.00017,0.744589,0.26643,0
3,1985,0.040151,0,8.70E-05,0.097659,0.030996,0
3,1986,0.07486,0,2.30E-05,0.445398,0.116424,0
3,1987,0.183961,0,1.40E-05,0.353471,0.082191,0
3,1988,0.333462,0,0.000158,0.566227,0.425114,0
3,1989,0.038749,0,2.80E-05,0.127212,0.095047,0
3,1990,0.093359,0,0.001145,0.861027,0.089664,0
3,1991,0.094311,0,0.000259,0.299039,0.037271,0
3,1992,0.097338,0,0.000275,0.734393,0.133793,0
3,1993,0.087626,0,1.30E-05,0.068158,0.241673,0
3,1994,0.12298,0,0.000127,0.593409,0.088649,0
3,1995,0.087748,0,7.50E-05,0.127344,0.05654,0
3,1996,0.309564,0,1.60E-05,0.635499,0.176479,0
3,1997,0.051642,0,0,0.068515,0.056658,0
3,1998,0.182986,0,7.30E-05,0.504421,0.133503,0
3,1999,0.125908,0,0,0.143988,0.030474,0
3,2000,0.346687,0,0,0.647582,0.070089,0
3,2001,0.137938,0,0,0.20341,0.083718,0
3,2002,0.321556,0,4.70E-05,0.224262,0.024066,0
3,2003,0.07788,0,5.00E-06,0.034522,0.014605,0
3,2004,0.08649,0,0.000153,0.213103,0.032646743,0
3,2005,0.17455,0,1.20E-05,0.006640015,0.004885414,0
3,2006,0.145611,0,8.70E-05,0.391375934,0.081433672,0
3,2007,0.038803,0,2.00E-05,0.113252126,0.024678208,0
3,2008,0.137941,0,0.000454,0.259519218,0.014452617,0
3,2009,0.027404,0,0,0.151519373,0.047533591,0
3,2010,0.195995254,0,0.012308,1.441852257,0.129017383,0
3,2011,0.051111,0,0,0.042845325,0.00914,0
3,2012,0.078930486,NA,NA,NA,NA,NA
3,2013,0.097523,NA,NA,NA,NA,NA
3,2014,0.458126,NA,NA,NA,NA,NA
3,2015,0.09415,NA,NA,NA,NA,NA
4,1948,0.023945,0,0,0.080266,0,0
4,1949,0.019672,0,4.50E-05,0.062746,0,0
4,1950,0.014253,0,0.00055,0.065365,0.009633,0
4,1951,0.019186,0,0.000378,0.103443,0,0
4,1952,0.016461,0,8.00E-06,0.036992,0.006304,0
4,1953,0.011721,0,3.00E-06,0.070599,0.004977,0
4,1954,0.009283,0,0.000652,0.062971,0.003293,0
4,1955,0.008255,0,4.30E-05,0.092623,0.004289,0
4,1956,0.006174,0,0,0.027586,0.01016,0
4,1957,0.010603,0,0,0.041008,0.000958,0
4,1958,0.013104,0,4.30E-05,0.017945,0.000167,0
4,1959,0.025819,0,1.10E-05,0.056454,0.0054,0
4,1960,0.006728,0,4.00E-06,0.017278,0.000451,0
4,1961,0.006576,0,0,0.026835,0.001313,0
4,1962,0.00555,0,6.00E-06,0.018822,0.002499,0
4,1963,0.019275,0,2.80E-05,0.204973,0.009315,0
4,1964,0.001324,0,0,0.025416,0.002091,0
4,1965,0.002128,0,5.00E-05,0.01677,0.001029,0
4,1966,0.002092,0,0,0.021196,0.001053,0
4,1967,0.027981,0,0.000124,0.193857,0.012513,0
4,1968,0.003419,0,0,0.037393,0.00615,0
4,1969,0.003872,0,0,0.016003,0.001208,0
4,1970,0.000874,0,0.000371,0.015826,0,0
4,1971,0.019965,0,0,0.124161,0.000346,0
4,1972,0.003654,0,0,0.01686,0.000111,0
4,1973,0.004024,0,0,0.010538,0.000124,0
4,1974,0.00185,0,0,0.015702,0.001729,0
4,1975,0.026219,0,0.000122,0.121742,0.000634,0
4,1976,0.002037,0,0,0.007112,0,0
4,1977,0.002207,0,0,0.005875,0.009521,0
4,1978,0.002773,0,0,0.039903,0.000724,0
4,1979,0.030898,0,0,0.015714,0.01427,0
4,1980,0.002639,0,0,0.039381,0.005789,0
4,1981,0.001032,0,0,0.014724,0.001808,0
4,1982,0.001647,0,0,0.003066,0.002211,0
4,1983,0.005806,0,1.70E-05,0.036597,0.001535,0
4,1984,0.009563,0,1.20E-05,0.044712,0.005879,0
4,1985,0.005845,0,0,0.016449,0.002728,0
4,1986,0.002851,0,0,0.020562,0.000636,0
4,1987,0.011071,0,0.000132,0.018171,0.004289,0
4,1988,0.012464,0,0,0.011669,0.001381,0
4,1989,0.002534,0,0,0.004945,0.007897,0
4,1990,0.007513,0,0,0.018847,0.012283,0
4,1991,0.004919,0,0.000114,0.047542,0.001083,0
4,1992,0.00256,0,1.40E-05,0.010556,0.002313,0
4,1993,0.001184,0,0,0.016961,0.003506,0
4,1994,0.00438,0,0,0.006743,0.004106,0
4,1995,0.027558,0,4.00E-05,0.025092,0.002259,0
4,1996,0.008148,0,0,0.020695,0.006081,0
4,1997,0.004755,0,0,0.001335,0.003689,0
4,1998,0.004751,0,0,0.011272,0.005729,0
4,1999,0.008238,0,0,0.019734,0,0
4,2000,0.01248,0,0,0.023887,0.001396,0
4,2001,0.005504,0,0,0.004433,0.002392,0
4,2002,0.008433,0,0,0.007279,0.000395,0
4,2003,0.006076,0,0,0.003702,9.00E-05,0
4,2004,0.000916,0,0,0.003008,0.00308248,0
4,2005,0.00173,0,0,0.001876292,0.000382325,0
4,2006,0.001432,0,0,0.014783217,0.002639654,0
4,2007,0.002133,0,0,0.008358904,1.95E-05,0
4,2008,0.000774,0,0,0.00023418,0.000547969,0
4,2009,0.001686,0,0,0.004968249,0.001241236,0
4,2010,0.008189,0,2.30E-05,0.023583475,0.003044102,0
4,2011,0.003991,0,0,0.005197248,0.000961,0
4,2012,5.90E-05,NA,NA,NA,NA,NA
4,2013,0.003225,NA,NA,NA,NA,NA
4,2014,0.011419,NA,NA,NA,NA,NA
4,2015,0.00346,NA,NA,NA,NA,NA
5,1948,0.010359,0,0,0.062653,0.000684,0
5,1949,0.005484,0,0,0.036748,0.002878,0
5,1950,0.003597,0,1.70E-05,0.039549,0.00599,0
5,1951,0.006769,0,8.00E-06,0.034636,0.013009,0
5,1952,0.010353,0,5.00E-06,0.046167,0.00501,0
5,1953,0.006259,0,0,0.030285,0.001839,0
5,1954,0.009918,0,0.000231,0.038964,0.011293,0
5,1955,0.004657,0,7.00E-06,0.052497,0.00786,0
5,1956,0.008476,0,0,0.017335,0.008029,0
5,1957,0.006813,0,7.20E-05,0.018932,0.002011,0
5,1958,0.010112,0,2.30E-05,0.022591,0.000512,0
5,1959,0.009825,0,0,0.020417,0.003167,0
5,1960,0.004389,0,6.40E-05,0.014715,0.002049,0
5,1961,0.005477,0,3.20E-05,0.022139,0.002154,0
5,1962,0.007213,0,0,0.037568,0.002981,0
5,1963,0.004932,0,1.80E-05,0.00909,0.000265,0
5,1964,0.004959,0,8.10E-05,0.040283,0.008228,0
5,1965,0.004327,0,7.30E-05,0.018867,0.001686,0
5,1966,0.005492,0,0.00032,0.020483,0.002736,0
5,1967,0.00064,0,3.70E-05,0.008226,0.001395,0
5,1968,0.007507,0,9.80E-05,0.100888,0.005411,0
5,1969,0.004852,0,0.000381,0.010279,0.00371,0
5,1970,0.002206,0,3.70E-05,0.0083,0.000523,0
5,1971,0.000422,0,3.30E-05,0.00957,0.002116,0
5,1972,0.007918,0,8.70E-05,0.056973,0.000761,0
5,1973,0.002425,0,2.20E-05,0.001616,0.007723,0
5,1974,0.002343,0,0.000206,0.011541,0.000476,0
5,1975,0.002541,0,7.00E-06,0.005632,0.000797,0
5,1976,0.008628,0,5.60E-05,0.018539,0.001331,0
5,1977,0.00036,0,0,0.002728,0.003189,0
5,1978,0.002493,0,0.000253,0.011888,0.006562,0
5,1979,0.001473,0,0,0.001183,0.001856,0
5,1980,0.005119,0,0.000112,0.047827,0.003784,0
5,1981,0.000639,0,2.90E-05,0.007366,0.001244,0
5,1982,0.002992,0,0,0.002509,0.001233,0
5,1983,0.00278,0,3.80E-05,0.002855,0.001196,0
5,1984,0.014407,0,0.000325,0.032692,0.014038,0
5,1985,0.003264,0,7.00E-06,0.00283,0.001591,0
5,1986,0.002042,0,0,0.002902,0.000111,0
5,1987,0.001388,0,0,0.001399,0.002421,0
5,1988,0.019013,0,0,0.041783,0.008304,0
5,1989,0.001635,0,7.00E-06,0.007357,0.003935,0
5,1990,0.00063,0,0,0.00161,0.000934,0
5,1991,0.000464,0,0,0.000908,0.000553,0
5,1992,0.008224,0,6.00E-06,0.065321,0.002024,0
5,1993,0.005037,0,2.40E-05,0.022386,0.010727,0
5,1994,0.001642,0,0,0.004738,0.022745,0
5,1995,0.001021,0,4.10E-05,0.022745,0.004484,0
5,1996,0.039613,0,0,0.089315,0.022684,0
5,1997,0.005025,0,0,0.025983,0.025281,0
5,1998,0.006746,0,8.00E-06,0.004905,0.011325,0
5,1999,0.006676,0,9.20E-05,0.026426,0.034631,0
5,2000,0.057397,0,5.30E-05,0.107671,0.007672,0
5,2001,0.030014,0,0,0.079275,0.016425,0
5,2002,0.017756,0,4.50E-05,0.021369,0.021419,0
5,2003,0.009458,0,0,0.002439,0.00593,0
5,2004,0.00558,0,4.00E-06,0.039136,0.008848711,0
5,2005,0.0264,0,0,0.006441341,0.00245384,0
5,2006,0.005977,0,0,0.00718197,0.00965152,0
5,2007,0.013813,0,0,0.006256848,0.004426859,0
5,2008,0.007285,0,2.00E-06,0.014789734,0.003640755,0
5,2009,0.011098,0,5.00E-06,0.019972142,0.01521795,0
5,2010,0.004608,0,2.60E-05,0.038268668,0.005849682,0
5,2011,0.008055,0,2.40E-05,0.017945634,0.004859,0
5,2012,0.003218,NA,NA,NA,NA,NA
5,2013,0.015834,NA,NA,NA,NA,NA
5,2014,0.016656,NA,NA,NA,NA,NA
5,2015,0.01559,NA,NA,NA,NA,NA
6,1948,9.60E-05,0,0,0.000618,0,0
6,1949,0.029124,0,0.022455,0.463409,0,0
6,1950,0.000379,0,3.40E-05,0.002014,0,0
6,1951,2.00E-05,0,0,0.000413,0,0
6,1952,0.000102,0,0,0.000562,0,0
6,1953,0.08317,0,0.005902,0.604123,0.00022,0
6,1954,0.000291,0,0,0.010692,0,0
6,1955,5.91E-05,0,0,0.00018,0,0
6,1956,7.70E-05,0,1.80E-05,0.001115,0,0
6,1957,0.209784,0,0.008359,0.98958,0.000144,0
6,1958,0.001834,0,2.70E-05,0.003362,2.30E-05,0
6,1959,6.28E-05,0,0,0.000165,0,0
6,1960,0.000219,0,6.00E-06,0.001469,0,0
6,1961,0.11507,0,0.044481,1.195807,0.000509,0
6,1962,0.000991,0,3.00E-05,0.007257,0,0
6,1963,7.06E-05,0,0,0.000956,0,0
6,1964,0.000358,0,0,0.002812,0,0
6,1965,0.194338,0,0.014161,1.652107,0.000821,0
6,1966,0.001603,0,2.80E-05,0.007038,0.000396,0
6,1967,4.76E-05,0,1.10E-05,0.00175,0,0
6,1968,0.000665,0,0,0.000428,0,0
6,1969,0.131074,0,0.006413,1.626582,0.007768,0
6,1970,0.000585,0,0,0.020339,0,0
6,1971,2.58E-05,0,0,0.000747,0,0
6,1972,7.19E-05,0,9.00E-06,0.000856,0,0
6,1973,0.203768,0,0.005114,2.326864,0.003929,0
6,1974,0.004415,0,2.10E-05,0.029304,0.00157,0
6,1975,0.000193,0,0,0.001865,0,0
6,1976,0.000305,0,0,0.001233,0,0
6,1977,0.30968,0,0.008446,3.810786,0.054029,0
6,1978,0.008476,0,0.000142,0.186073,0.010473,0
6,1979,0.000454,0,0,0.002103,0.003908,0
6,1980,0.000196,0,0,0.002446,0,0
6,1981,0.618483,0,0.019608,9.553856,0.213188,0
6,1982,0.038857,0,0,0.499074,0.056312,0
6,1983,0.001627,0,3.30E-05,0.031515,0.008864,0
6,1984,0.000852,0,8.50E-05,0.006868,0,0
6,1985,1.277377,0,0.028135,12.137664,0.334171,0
6,1986,0.169407,0,4.10E-05,2.364628,0.168115,0
6,1987,0.017835,0,1.10E-05,0.119437,0.057144,0
6,1988,0.006108,0,0,0.026342,0,0
6,1989,1.838399,0,0.010417,10.339444,0.280053,0
6,1990,0.481278,0,0.000585,2.946813,0.336236,0
6,1991,0.045324,0,2.60E-05,0.100196,0.050671,0
6,1992,0.005862,0,1.00E-06,0.029213,0,0
6,1993,2.557017,0,0.001642,6.446036,0.398551,0
6,1994,0.65167,0,0.000248,2.263471,0.212902,0
6,1995,0.210237,0,0,0.119078,0.048228,0
6,1996,0.039378,0,0,0.067906,0.019609,0
6,1997,1.658898,0,7.90E-05,4.358762,0.318446,0
6,1998,1.043457,0,5.60E-05,4.467804,0.272015,0
6,1999,0.174234,0,0,0.581976,0.22861,0
6,2000,0.062846,0,0,0.038143,0.015667,0
6,2001,3.205043,0,4.20E-05,3.576455,0.115416,0
6,2002,2.857293,0,3.80E-05,0.603583,0.036207,0
6,2003,0.276199,0,0,0.082424,0.060604,0
6,2004,0.01017,0,0,0.006545,0.005986006,0
6,2005,1.44329,0,0,0.19805493,0.008051135,0
6,2006,0.160045,0,5.58E-05,0.600702732,0.04795137,0
6,2007,0.069876,0,2.10E-05,0.073106843,0.003424802,0
6,2008,0.004216,0,0,0.003845035,0.006324999,0
6,2009,0.148142,0,1.90E-05,0.286898579,0.021465336,0
6,2010,0.235148,0,0.002958,2.395466731,0.030969297,0
6,2011,0.03133,0,3.07E-05,0.036032515,0.00677,0
6,2012,0.000198,NA,NA,NA,NA,NA
6,2013,0.172695,NA,NA,NA,NA,NA
6,2014,0.817922,NA,NA,NA,NA,NA
6,2015,0.0436,NA,NA,NA,NA,NA
7,1948,0.622337,0,0.032,1.643062,0.011182,0
7,1949,0.056267,0,0.003732,0.560635,0.010368,0
7,1950,0.015141,0,0.001489,0.183278,0.004705,0
7,1951,0.099133,0,0.003925,0.644911,0.020763,0
7,1952,0.434113,0,0.018732,1.763929,0.035975,0
7,1953,0.173398,0,0.001172,0.514554,0.014004,0
7,1954,0.033369,0,0.012234,0.632132,0.004415,0
7,1955,0.114018,0,0.032418,1.407963,0.031011,0
7,1956,0.617148,0,0.013905,2.379854,0.016684,0
7,1957,0.137827,0,7.60E-05,0.117362,0.003149,0
7,1958,0.119983,0,0.004055,0.27832,0.013613,0
7,1959,0.462227,0,0.023792,2.080497,0.018659,0
7,1960,0.422281,0,0.005472,0.958877,0.00598,0
7,1961,0.02493,0,0.000256,0.052713,0.011583,0
7,1962,0.066133,0,0.010657,0.960609,0.013582,0
7,1963,0.105115,0,0.037579,1.112861,0.004045,0
7,1964,0.233125,0,0.007252,1.818921,0.05581,0
7,1965,0.031918,0,0.001787,0.138555,0.00236,0
7,1966,0.196539,0,0.026456,0.744469,0.027636,0
7,1967,0.153941,0,0.028734,1.933329,0.023351,0
7,1968,0.31288,0,0.046952,2.349375,0.021925,0
7,1969,0.042662,0,0.004126,0.369954,0.015839,0
7,1970,0.095882,0,0.016775,0.630046,0.001084,0
7,1971,0.153756,0,0.058786,0.740253,0,0
7,1972,0.555361,0,0.042709,1.947465,0.034424,0
7,1973,0.054489,0,0.008835,0.200775,0.006807,0
7,1974,0.106658,0,0.026487,0.641497,0.004312,0
7,1975,0.216337,0,0.022821,1.389008,0.007375,0
7,1976,0.378066,0,0.008457,1.650944,0.025168,0
7,1977,0.035086,0,0.003346,0.190527,0.002743,0
7,1978,0.146147,0,0.008616,1.169034,0.077743,0
7,1979,0.227928,0,0.009358,1.615466,0.072206,0
7,1980,0.462572,0,0.012504,3.920494,0.473961,0
7,1981,0.032362,0,0.001722,0.180656,0.004547,0
7,1982,0.241916,0,0.052424,1.355953,0.131741,0
7,1983,0.362093,0,0.045476,1.71733,0.036418,0
7,1984,0.560392,0,0.011108,0.500714,0.00289,0
7,1985,0.071274,0,0.00097,0.366037,0.1844,0
7,1986,0.276193,0,0.047835,4.413216,0.279555,0
7,1987,0.401728,0,0.011552,4.032356,0.316979,0
7,1988,0.356008,0,0.002697,2.979547,0.157913,0
7,1989,0.062246,0,0.011841,3.015024,0.086942,0
7,1990,0.807859,0,0.013262,2.412516,0.178745,0
7,1991,1.004286,0,0.004495,1.126703,0.128342,0
7,1992,0.510065,0,0.003754,1.773513,0.078754,0
7,1993,0.551475,0,0.018173,3.380892,0.548667,0
7,1994,0.436491,0,0.010606,1.331935,0.072717,0
7,1995,0.507915,0,0.002778,1.045307,0.179013,0
7,1996,0.923575,0,0.000359,1.175834,0.159331,0
7,1997,0.901643,0,0.000222,0.663879,0.204615,0
7,1998,0.803336,0,0.001084,0.423716,0.073801,0
7,1999,0.857098,0,0.002228,1.44998,0.109275,0
7,2000,0.731788,0,0.003918,0.42496,0.027152,0
7,2001,0.657006,0,0.000176,1.001606,0.089122,0
7,2002,0.381791,0,0.004514,1.119367,0.106118,0
7,2003,0.606449,0,0.000557,0.321849,0.029357,0
7,2004,0.090263,0,0.000854,0.388845,0.033231053,0
7,2005,0.535467,0,0.00072,0.262014068,0.0380082,0
7,2006,0.456669,0,0.004234551,4.459628756,0.339677843,0
7,2007,0.299216,0,0.002369218,1.05734306,0.015920844,0
7,2008,0.131447,0,0.001830392,0.466387067,0.04465155,0
7,2009,0.212488,0,0.001081,1.621556291,0.173906447,0
7,2010,2.124215,0,0.036811643,2.478166869,0.078991769,0
7,2011,0.747985,0,0.0021735,0.786936864,0.083108,0
7,2012,0.164071,NA,NA,NA,NA,NA
7,2013,1.183946,NA,NA,NA,NA,NA
7,2014,1.020713,NA,NA,NA,NA,NA
7,2015,0.65358,NA,NA,NA,NA,NA
8,1948,0.003889,0,0,0.029658,0,0
8,1949,0.010701,0,0.000733,0.025617,0,0
8,1950,0.010277,0,0.000909,0.161081,0,0
8,1951,0.022757,0,0.000125,0.067964,0.000731,0
8,1952,0.005449,0,9.30E-05,0.011156,0,0
8,1953,0.00535,0,0.00015,0.04487,0,0
8,1954,0.023428,0,0.023882,0.428958,0.003444,0
8,1955,0.008774,0,0.000372,0.308775,0.00055,0
8,1956,0.002443,0,2.60E-05,0.010971,0.001766,0
8,1957,0.010175,0,0.000262,0.011959,0,0
8,1958,0.077666,0,0.006184,0.188824,0.00051,0
8,1959,0.051649,0,0.000409,0.175192,0.000368,0
8,1960,0.002901,0,5.10E-05,0.008697,0,0
8,1961,0.003328,0,5.50E-05,0.025649,0,0
8,1962,0.047675,0,0.002939,0.169778,0.000572,0
8,1963,0.049943,0,0.000147,0.112265,0.001674,0
8,1964,0.002712,0,0,0.017994,0.000504,0
8,1965,0.00565,0,0.000183,0.034707,0,0
8,1966,0.025886,0,0.000658,0.139745,0.001425,0
8,1967,0.012505,0,6.60E-05,0.216733,0.002954,0
8,1968,0.003698,0,0,0.021963,0.000145,0
8,1969,0.00653,0,0.000258,0.014617,0,0
8,1970,0.008189,0,0.00047,0.223705,0,0
8,1971,0.017335,0,0.001341,0.132035,0.001934,0
8,1972,0.002752,0,0.00032,0.056465,0,0
8,1973,0.002669,0,0.000419,0.024381,0,0
8,1974,0.042825,0,0.001353,0.247377,0,0
8,1975,0.034208,0,0.001665,0.175012,0.004007,0
8,1976,0.008271,0,3.80E-05,0.018193,0.000191,0
8,1977,0.005463,0,0.000135,0.053835,0.001444,0
8,1978,0.062613,0,0.00073,0.256211,0.004984,0
8,1979,0.048133,0,8.50E-05,0.092992,0.042223,0
8,1980,0.008027,0,1.00E-05,0.045127,0.007711,0
8,1981,0.01121,0,0,0.026268,0,0
8,1982,0.062656,0,0.002737,0.492244,0.013474,0
8,1983,0.029515,0,0.003003,0.261161,0.007562,0
8,1984,0.017172,0,0.000174,0.035743,1.00E-04,0
8,1985,0.00562,0,0.000332,0.032018,0.011226,0
8,1986,0.124614,0,0.001132,0.811714,0.011322,0
8,1987,0.079676,0,0.000314,0.416101,0.025805,0
8,1988,0.01647,0,0,0.009027,0.001816,0
8,1989,0.005507,0,6.80E-05,0.018809,0,0
8,1990,0.2694,0,0.000136,0.272278,0.006413,0
8,1991,0.126869,0,0,0.08431,0.011139,0
8,1992,0.005742,0,0,0.015128,0.002778,0
8,1993,0.010119,0,0,0.006251,0.002465,0
8,1994,0.063419,0,0,0.169885,0.002662,0
8,1995,0.047979,0,1.70E-05,0.064323,0.0017,0
8,1996,0.020569,0,0,0.032991,0.006479,0
8,1997,0.001909,0,0,0.001944,0,0
8,1998,0.032769,0,0.000182,0.210538,0.003684,0
8,1999,0.018379,0,3.20E-05,0.105903,0.027996,0
8,2000,0.025164,0,0,0.058537,0.001026,0
8,2001,0.006582,0,0,0.014842,0.0042,0
8,2002,0.112727,0,0.000851,0.497726,0.009077,0
8,2003,0.031286,0,0,0.011206,0.00087,0
8,2004,0.001311,0,0,0.006671,0.000246588,0
8,2005,0.00359,0,0,0.007820367,0,0
8,2006,0.100612,0,0.000551,1.070611177,0.022130464,0
8,2007,0.009777,0,0,0.018076028,0.000216381,0
8,2008,0.000601,0,0,0.002163809,0.000181098,0
8,2009,0.005134,0,2.00E-06,0.043282323,0.003714475,0
8,2010,0.501183,0,0.000827374,0.290967196,0.004287,0
8,2011,0.013101,0,1.10E-05,0.016758271,0.000807,0
8,2012,0.000464,NA,NA,NA,NA,NA
8,2013,0.021809,NA,NA,NA,NA,NA
8,2014,0.105619,NA,NA,NA,NA,NA
8,2015,0.00772,NA,NA,NA,NA,NA
9,1948,0.010356,0,0,0.022876,0.005454,0
9,1949,0.003175,0,0.005415,0.021384,0,0
9,1950,1.203508,0,0.594356,9.303676,0.012645,0
9,1951,0.137595,0,0.00729,0.519779,0.002251,0
9,1952,0.007101,0,0.001481,0.01432,0.002131,0
9,1953,0.003273,0,0.001456,0.029571,0,0
9,1954,1.814358,0,0.71472,15.095741,0.01206,0
9,1955,0.063313,0,0.011116,0.853267,0.000609,0
9,1956,0.003173,0,0.000555,0.006961,0.000458,0
9,1957,0.002605,0,1.60E-05,0.002206,0,0
9,1958,2.229811,0,0.123575,2.076776,0.004097,0
9,1959,0.134516,0,0.007679,0.374501,0.000106,0
9,1960,0.00185,0,0.000201,0.002333,0,0
9,1961,0.001094,0,0.000204,0.006996,0,0
9,1962,1.120186,0,0.090241,2.74025,0.010891,0
9,1963,0.157158,0,0.078928,3.047429,0.003663,0
9,1964,0.000601,0,0.002346,0.017103,0.000177,0
9,1965,0.002058,0,0.000496,0.024312,0,0
9,1966,1.1971,0,0.096198,3.914887,0.022138,0
9,1967,0.73764,0,0.065955,3.108302,0.008076,0
9,1968,0.003477,0,0.000222,0.020709,7.40E-05,0
9,1969,0.005749,0,0.001625,0.027967,0,0
9,1970,1.406785,0,0.173639,5.373956,0.002667,0
9,1971,0.28889,0,0.021467,0.680311,0.000128,0
9,1972,0.004184,0,0.004098,0.038342,0.002065,0
9,1973,0.00378,0,0.003817,0.064051,0,0
9,1974,1.088787,0,0.14521,6.888446,0.00975,0
9,1975,0.163005,0,0.003181,1.022005,0.001078,0
9,1976,0.00478,0,0.000578,0.013049,0,0
9,1977,0.01236,0,0.00062,0.093025,0,0
9,1978,1.887349,0,0.119355,9.358872,0.115757,0
9,1979,0.293155,0,0.007343,1.475536,0.015681,0
9,1980,0.0025,0,0.001513,0.02135,0.000444,0
9,1981,0.010204,0,4.00E-06,0.009466,0,0
9,1982,3.010136,0,0.079877,9.206624,0.105481,0
9,1983,0.21068,0,0.017088,1.94757,0.016259,0
9,1984,0.004335,0,0.000103,0.032672,0.000399,0
9,1985,0.001484,0,6.10E-05,0.004319,0,0
9,1986,2.317568,0,0.067599,10.620066,0.1944,0
9,1987,0.607337,0,0.008518,3.84021,0.055204,0
9,1988,0.005007,0,1.00E-06,0.006611,0.001608,0
9,1989,0.00057,0,0.000277,0.012858,0,0
9,1990,3.675003,0,0.019675,7.602634,0.125559,0
9,1991,1.24299,0,0.00077,0.845854,0.019352,0
9,1992,0.012716,0,0,0.011466,0.008443,0
9,1993,0.001313,0,2.30E-05,0.015343,0,0
9,1994,1.362408,0,0.000634,2.589723,0.017569,0
9,1995,0.411572,0,0.000475,0.750905,0.020211,0
9,1996,0.011392,0,0,0.03174,0.029362,0
9,1997,0.000985,0,0,0.033707,0.000722,0
9,1998,1.322371,0,0.020892,7.141837,0.020407,0
9,1999,0.256987,0,0.000111,0.67751,0.021292,0
9,2000,0.00046,0,0,0.001388,0,0
9,2001,0.003921,0,8.80E-05,0.006455,0.001243,0
9,2002,5.340236,0,0.042234,7.387191,0.053848,0
9,2003,0.364114,0,1.20E-05,0.120226,0.012198,0
9,2004,0.002994,0,0,0,0.001934881,0
9,2005,0.020855,0,0,0.032714111,0,0
9,2006,2.222933,0,0.045470145,17.33414011,0.159426724,0
9,2007,0.056881,0,5.80E-05,0.208354006,0.002004834,0
9,2008,0.000164,0,0,0,0.009167992,0
9,2009,0.031916,0,0,0.378537736,0,0
9,2010,5.52863,0,0.041205689,8.549218512,0.010668372,0
9,2011,0.090842,0,8.90E-05,0.01920554,0,0
9,2012,1.20E-05,NA,NA,NA,NA,NA
9,2013,0.148777,NA,NA,NA,NA,NA
9,2014,2.112414,NA,NA,NA,NA,NA
9,2015,0.0063758,NA,NA,NA,NA,NA
10,1948,0.077394,0,0,0.179637,0.012353,0
10,1949,0.068459,0,0.044548,0.228462,0.008696,0
10,1950,0.059929,0,0.013166,0.183919,0.03083,0
10,1951,0.020017,0,0.031161,0.107397,0.066404,0
10,1952,0.040587,0,0.014902,0.180787,0.033154,0
10,1953,0.029553,0,0.008205,0.102206,0.016671,0
10,1954,0.01618,0,0.012671,0.128222,0.017949,0
10,1955,0.013836,0,0.0351,0.22116,0.007193,0
10,1956,0.043689,0,0.0205,0.209127,0.042071,0
10,1957,0.013708,0,0.003587,0.037495,0.00534,0
10,1958,0.013619,0,0.021115,0.074626,0.011443,0
10,1959,0.023488,0,0.026205,0.188393,0.036763,0
10,1960,0.032952,0,0.028566,0.119526,0.010607,0
10,1961,0.020431,0,0.021891,0.067104,0.017364,0
10,1962,0.023516,0,0.021342,0.066117,0.008304,0
10,1963,0.03227,0,0.095525,0.281641,0.048565,0
10,1964,0.047783,0,0.039236,0.225898,0.085137,0
10,1965,0.014897,0,0.030602,0.109033,0.01477,0
10,1966,0.018616,0,0.056603,0.155016,0.061319,0
10,1967,0.030749,0,0.054257,0.365358,0.045896,0
10,1968,0.043924,0,0.021213,0.218223,0.035366,0
10,1969,0.023528,0,0.073972,0.451184,0.239195,0
10,1970,0.028362,0,0.119108,0.531214,0.030799,0
10,1971,0.023669,0,0.062316,0.245897,0.046347,0
10,1972,0.04841,0,0.042841,0.424942,0.046655,0
10,1973,0.052342,0,0.044117,0.140353,0.024973,0
10,1974,0.115688,0,0.054695,0.424633,0.207538,0
10,1975,0.033027,0,0.009335,0.080976,0.018616,0
10,1976,0.075318,0,0.029279,0.479356,0.084392,0
10,1977,0.021515,0,0.01558,0.28702,0.098126,0
10,1978,0.094308,0,0.042233,0.493542,0.117215,0
10,1979,0.054609,0,0.013881,0.273583,0.121177,0
10,1980,0.059109,0,0.010131,0.115564,0.036212,0
10,1981,0.046831,0,0.00455,0.105179,0.15643,0
10,1982,0.118049,0,0.048333,1.471487,0.281339,0
10,1983,0.038858,0,0.015268,0.625519,0.149561,0
10,1984,0.038384,0,0.005918,0.347631,0.086729,0
10,1985,0.01131,0,0.012226,0.123208,0.093098,0
10,1986,0.331644,0,0.024019,0.869228,0.315301,0
10,1987,0.157636,0,0.005671,0.6983,0.279598,0
10,1988,0.141072,0,0.029507,0.200724,0.664723,0
10,1989,0.028932,0,0.036435,0.935181,0.173958,0
10,1990,0.166148,0,0.010179,0.200407,0.024968,0
10,1991,0.288623,0,0.000244,0.05527,0.061746,0
10,1992,0.183942,0,0.003522,0.047661,0.046563,0
10,1993,0.244257,0,0.008716,0.180208,0.380162,0
10,1994,0.039155,0,0.001028,0.021899,0.040686,0
10,1995,0.036635,0,0.000486,0.141021,0.028997,0
10,1996,0.051506,0,0.000723,0.034094,0.041519,0
10,1997,0.047569,0,0,0.018165,0.0102,0
10,1998,0.282019,0,0.000277,0.213323,0.403021,0
10,1999,0.047445,0,0,0.047311,0.036027,0
10,2000,0.012922,0,0.000652,0.06371,0.037603,0
10,2001,0.043409,0,5.60E-05,0.110415,0.081203,0
10,2002,0.214962,0,0.000898,0.502582,0.129934,0
10,2003,0.306759,0,8.00E-05,0.006064,0.00701,0
10,2004,0.037323,0,4.70E-05,0.046487,0.029866108,0
10,2005,0.053371,0,0.000361,0.033022688,0.051280156,0
10,2006,0.263476,0,0.000179,0.257768251,0.178227046,0
10,2007,0.089161,0,0.00018,0.188793867,0.054063086,0
10,2008,0.012935,0,0.001015278,0.046215218,0.022852304,0
10,2009,0.053908,0,0.000207188,0.066739115,0.065973984,0
10,2010,0.126009,0,1.75E-05,0.026130872,0.00563714,0
10,2011,0.169371,0,0.000211,0.055490597,0.031284,0
10,2012,0.006064,NA,NA,NA,NA,NA
10,2013,0.077219,NA,NA,NA,NA,NA
10,2014,0.033298,NA,NA,NA,NA,NA
10,2015,0.0439925,NA,NA,NA,NA,NA
11,1948,0.012746,0,0,0.03782,0.001256,0
11,1949,0.009055,0,0.001662,0.037489,0,0
11,1950,0.029928,0,0.003623,0.101664,0,0
11,1951,0.012677,0,0.003498,0.166043,0.004527,0
11,1952,0.017833,0,0.000159,0.032999,0.011266,0
11,1953,0.011543,0,0.000497,0.062317,0.000855,0
11,1954,0.022036,0,0.001631,0.061631,0.001933,0
11,1955,0.025922,0,0.00161,0.27449,0.001184,0
11,1956,0.013718,0,0.001273,0.035165,0.001067,0
11,1957,0.020375,0,9.50E-05,0.026724,0.001264,0
11,1958,0.013324,0,0.003547,0.046269,0.001097,0
11,1959,0.047779,0,0.000114,0.050631,0.001449,0
11,1960,0.01764,0,0.000483,0.022606,0.000414,0
11,1961,0.013396,0,0.000194,0.005954,0,0
11,1962,0.026997,0,0.000524,0.035483,0,0
11,1963,0.020303,0,0.003825,0.131466,0.003157,0
11,1964,0.011067,0,0.001357,0.067696,0.00155,0
11,1965,0.002455,0,0.00138,0.019606,0,0
11,1966,0.016919,0,0.004551,0.040079,0.000435,0
11,1967,0.033198,0,0.007716,0.096671,0.006114,0
11,1968,0.025314,0,3.60E-05,0.042418,0,0
11,1969,0.005942,0,0.001446,0.005031,0,0
11,1970,0.013941,0,0.00091,0.044797,0.00015,0
11,1971,0.009128,0,0.002673,0.047715,0.000313,0
11,1972,0.010366,0,0.000337,0.03002,3.00E-06,0
11,1973,0.000641,0,4.40E-05,0.00048,0.000189,0
11,1974,0.008984,0,0.000636,0.027251,0.002406,0
11,1975,0.011349,0,0.006742,0.12224,0.000267,0
11,1976,0.004435,0,1.40E-05,0.006109,0,0
11,1977,8.20E-05,0,0.000114,0.001457,0,0
11,1978,0.005076,0,0.004837,0.069111,0,0
11,1979,0.032031,0,0.001662,0.106617,0.001627,0
11,1980,0.001657,0,0.000186,0.004639,0,0
11,1981,0.000256,0,0.000579,0.000965,0,0
11,1982,0.016725,0,0.000883,0.012419,0.005529,0
11,1983,0.019944,0,0.000423,0.095192,0.000711,0
11,1984,0.00072,0,0.000215,0.009074,3.20E-05,0
11,1985,0.000424,0,0.000329,0.00198,0.000122,0
11,1986,0.00321,0,0.00021,0.010278,0,0
11,1987,0.032162,0,1.90E-05,0.064919,0.000917,0
11,1988,0.000861,0,9.90E-05,0.006584,0.001142,0
11,1989,0.000418,0,4.00E-06,0.009729,0.001012,0
11,1990,0.00186,0,0.000236,0.022231,0.002336,0
11,1991,0.020157,0,2.30E-05,0.016737,0.000618,0
11,1992,0.001203,0,7.10E-05,0.001813,0,0
11,1993,0.001063,0,1.10E-05,0.000934,0,0
11,1994,0.004399,0,7.00E-06,0.002299,0.000142,0
11,1995,0.010316,0,0.00024,0.014024,0.000512,0
11,1996,0.002022,0,1.20E-05,0.001503,0,0
11,1997,8.80E-05,0,0,0.000699,1.80E-05,0
11,1998,0.001959,0,0.00016,0.005947,7.80E-05,0
11,1999,0.012427,0,9.00E-06,0.002807,3.60E-05,0
11,2000,0.001227,0,1.00E-06,7.20E-05,8.00E-06,0
11,2001,0.000515,0,0,0.000212,0,0
11,2002,0.004873,0,0.000182,0.005003,0.000107,0
11,2003,0.001939,0,1.20E-05,0.000716,0,0
11,2004,5.20E-05,0,0.000111,0.001172,3.47E-05,0
11,2005,0.000112,0,2.00E-05,0.000905755,0,0
11,2006,0.003509,0,0.000834,0.02022683,0.000245491,0
11,2007,0.000538,0,0.000643,0.012192713,0.000220372,0
11,2008,0.000338,0,0.000272,0.001873159,6.25E-05,0
11,2009,0.000705,0,7.30E-05,0.002514464,0.000124609,0
11,2010,0.009669,0,0.001248,0.015991503,0.000138372,0
11,2011,0.006948,0,3.30E-05,0.001594924,0,0
11,2012,0.000835,NA,NA,NA,NA,NA
11,2013,0.002327,NA,NA,NA,NA,NA
11,2014,0.004378,NA,NA,NA,NA,NA
11,2015,0.001113,NA,NA,NA,NA,NA
12,1965,0.000981,0,0.000155,0.003308,0,0
12,1966,0.02970355,0,0.000332,0.030704,0.000303,0
12,1967,0.003855833,0,0.000167,0.004005,0.000114,0
12,1968,8.27E-05,0,0,0.001046,0,0
12,1969,0.000945666,0,0.003839,0.030743,0,0
12,1970,0.003828256,0,0.001317,0.056751,0,0
12,1971,0.000281,0,0.00205,0.015812,0,0
12,1972,0.00019,0,0.002127,0.013156,0,0
12,1973,0.002834553,0,0.010591,0.080696,0,0
12,1974,0.008263424,0,0.001645,0.040703,0.000263,0
12,1975,0.003080562,0,0.00081,0.014691,0.000235,0
12,1976,0.001011116,0,0.000118,0.007097,0,0
12,1977,0.007304632,0,0.000768,0.03806,0.001161,0
12,1978,0.009448701,0,0.001315,0.099561,0.004769,0
12,1979,0.003552173,0,0.000233,0.051559,0.000597,0
12,1980,0.0017611,0,0.000675,0.011292,0.000184,0
12,1981,0.005765133,0,0.000154,0.015829,0.000676,0
12,1982,0.023148899,0,0.001276,0.198075,0.011246,0
12,1983,0.007684385,0,0.000432,0.036858,0,0
12,1984,0.001702762,0,0.000517,0.024388,0.025188,0
12,1985,0.001679286,0,0.001174,0.023668,0.000329,0
12,1986,0.013806559,0,0.000255,0.067751,0.003588,0
12,1987,0.006728876,0,0.000292,0.060858,0.001015,0
12,1988,0.00105,0,0.000394,0.015654,0.00504,0
12,1989,0.00781517,0,0.000178,0.185837,0.009777,0
12,1990,0.018029614,0,0,0.050136,0.000834,0
12,1991,0.011885122,0,0,0.015705,0.000124,0
12,1992,0.002704038,0,0.001049,0.013925,0.002162,0
12,1993,0.01976,0,7.00E-06,0.169441,0.004361,0
12,1994,0.009015075,0,2.30E-05,0.124712,0.002935,0
12,1995,0.007289354,0,4.30E-05,0.037059,0.000918,0
12,1996,0.002968096,0,0.000234,0.08337,0.001817,0
12,1997,0.008798449,0,0,0.040148,0.001033,0
12,1998,0.02278758,0,9.00E-06,0.017568,0.00011,0
12,1999,0.00415005,0,1.20E-05,0.008262,0.000689,0
12,2000,0.001182638,0,8.60E-05,0.012743,0,0
12,2001,0.002845608,0,2.50E-05,0.018585,0,0
12,2002,0.014871219,0,8.00E-06,0.048183,0,0
12,2003,0.004922966,0,0,0.004835,0,0
12,2004,0.001287,0,0,0.005627,6.15E-05,0
12,2005,0.011991998,0,0,0.002520024,0,0
12,2006,0.017720652,0,5.04E-05,0.171209338,0.001231552,0
12,2007,0.001699,0,0,0.002660152,0.000160061,0
12,2008,8.30E-05,0,0,0.000160061,0.000205432,0
12,2009,0.001544792,0,0,0.011966392,0,0
12,2010,0.047723421,0,0.000182,0.088725693,3.20E-05,0
12,2011,0.000879474,0,0,5.76E-05,0,0
12,2012,2.50E-05,NA,NA,NA,NA,NA
12,2013,0.006952834,NA,NA,NA,NA,NA
12,2014,0.021581227,NA,NA,NA,NA,NA
12,2015,3.40E-05,NA,NA,NA,NA,NA
13,1966,0.018955,0,0.00066,0.073515,0.001939,0
13,1967,0.020051,0,0.001764,0.077288,0.008421,0
13,1968,0.003606,0,0.002976,0.141825,0.010577,0
13,1969,0.056211,0,0.003031,0.371636,0.038246,0
13,1970,0.00994,0,0.007393,0.371993,0.004653,0
13,1971,0.004916,0,0.010694,0.139598,0.002345,0
13,1972,0.02542,0,0.007439,0.331589,0.011114,0
13,1973,0.046951,0,0.004227,0.257812,0.011669,0
13,1974,0.04864,0,0.005905,0.252878,0.026097,0
13,1975,0.027741,0,0.002922,0.165459,0.001479,0
13,1976,0.047956,0,0.009408,0.271322,0.023704,0
13,1977,0.04733,0,0.002995,0.217049,0.015719,0
13,1978,0.073948,0,0.010226,1.184905,0.170418,0
13,1979,0.044076,0,0.001244,0.128249,0.011535,0
13,1980,0.071771,0,0.003167,0.331805,0.029742,0
13,1981,0.040667,0,0.002908,0.206879,0.060505,0
13,1982,0.24814,0,0.009112,1.275213,0.22167,0
13,1983,0.037911,0,0.002374,0.219473,0.018144,0
13,1984,0.057406,0,0.007491,0.575398,0.051913,0
13,1985,0.035583,0,0.001101,0.048781,0.019418,0
13,1986,0.092163,0,4.50E-05,0.039242,0.003417,0
13,1987,0.056484,0,0.000798,0.192151,0.027769,0
13,1988,0.047265,0,0.003179,0.334751,0.175848,0
13,1989,0.016372,0,0.002243,0.684087,0.070074,0
13,1990,0.016126,0,0.005895,0.60089,0.027875,0
13,1991,0.037175,0,7.00E-05,0.048888,0.016397,0
13,1992,0.05451,0,0.000684,0.6241,0.128433,0
13,1993,0.078144,0,0.000449,0.38102,0.119185,0
13,1994,0.05453,0,5.70E-05,0.646785,0.06909,0
13,1995,0.02167,0,0.000114,0.170376,0.095953,0
13,1996,0.04675,0,0.000227,0.350965,0.032221,0
13,1997,0.020965,0,1.00E-05,0.192696,0.023291,0
13,1998,0.052905,0,0.000176,0.500753,0.065956,0
13,1999,0.024323,0,1.80E-05,0.182595,0.064316,0
13,2000,0.005058,0,0.000389,0.104221,0.009522,0
13,2001,0.013907,0,5.00E-05,0.145865,0.050168,0
13,2002,0.076688,0,0.000321,0.227687,0.014822,0
13,2003,0.043594,0,2.30E-05,0.127468,0.061308,0
13,2004,0.024376,0,9.20E-05,0.055327,0.05564321,0
13,2005,0.042117,0,5.70E-05,0.060581957,0.004453129,0
13,2006,0.025283,0,0.000417,0.223928794,0.021721115,0
13,2007,0.030678,0,0.001366,0.317317156,0.014163305,0
13,2008,0.001162,0,0,0.016272734,0.046778935,0
13,2009,0.024121,0,6.00E-06,0.203872373,0.026439593,0
13,2010,0.045575,0,0.00054,0.117961262,0.010892682,0
13,2011,0.050105,0,0,0.000532349,0.000177,0
13,2012,0.000657,NA,NA,NA,NA,NA
13,2013,0.02944,NA,NA,NA,NA,NA
13,2014,0.020878,NA,NA,NA,NA,NA
13,2015,0.001959186,NA,NA,NA,NA,NA
14,1967,0.000588,0,0,0.015201,0,0
14,1968,0.000759,0,1.40E-05,0.014846,0.000169,0
14,1969,4.40E-05,0,0,0.000881,0,0
14,1970,9.00E-06,0,0,0.00074,0,0
14,1971,0.000602,0,0.000263,0.015407,0.000819,0
14,1972,0.00181,0,0.000156,0.028193,0.000205,0
14,1973,0.000125,0,0,0.001106,0,0
14,1974,0.00014,0,0,0.000536,0,0
14,1975,0.003396,0,0.000569,0.058841,0.002143,0
14,1976,0.003917,0,6.40E-05,0.020252,0.001106,0
14,1977,0.000317,0,0,0.007426,0.001704,0
14,1978,9.11E-05,0,0.00016,0.00223,0,0
14,1979,0.014746,0,8.00E-06,0.009084,0.005145,0
14,1980,0.007723,0,6.00E-05,0.034268,0.001702,0
14,1981,0.001768,0,0,0.002742,0.001205,0
14,1982,0.001132,0,6.10E-05,0.009104,0.001724,0
14,1983,0.004762,0,0.000124,0.035855,0.002395,0
14,1984,0.009746,0,0.000361,0.042781,0.004283,0
14,1985,0.001408,0,5.00E-06,0.023647,0.008179,0
14,1986,0.005888,0,0.000115,0.033093,0.001113,0
14,1987,0.016283,0,3.60E-05,0.065946,0.010502,0
14,1988,0.022461,0,0,0.043984,0.004663,0
14,1989,0.003946,0,0.000104,0.013765,0.005689,0
14,1990,0.011339,0,0,0.014471,0.007886,0
14,1991,0.020485,0,0,0.010613,0.000771,0
14,1992,0.009203,0,9.00E-06,0.042702,0.007561,0
14,1993,0.007632,0,5.20E-05,0.028621,0.013201,0
14,1994,0.005873,0,0,0.004865,0.008122,0
14,1995,0.010866,0,0,0.031391,0.005357,0
14,1996,0.02797,0,0,0.009409,0.003534,0
14,1997,0.00843,0,1.70E-05,0.00367,0.002475,0
14,1998,0.008153,0,2.50E-05,0.009255,0.00386,0
14,1999,0.005544,0,0,0.030308,0.012588,0
14,2000,0.009598,0,0.000239,0.056019,0.003934,0
14,2001,0.005649,0,0,0.009545,0.002316,0
14,2002,0.007187,0,4.60E-05,0.066869,0.009039,0
14,2003,0.00918,0,0,0.010416,0.002932,0
14,2004,0.002742,0,6.00E-06,0.006985,0.000671847,0
14,2005,0.004286,0,0,0.000906212,0.000626507,0
14,2006,0.011244,0,0,0.018951828,0.011746958,0
14,2007,0.011181,0,0,0.004841171,0.000379407,0
14,2008,0.000431,0,0,0.007872701,0.000706517,0
14,2009,0.001143,0,0,0.006744025,0.001855572,0
14,2010,0.009421,0,4.20E-05,0.025746056,0.001657276,0
14,2011,0.008405,0,1.60E-05,0.001325821,0.000562,0
14,2012,0.001371,NA,NA,NA,NA,NA
14,2013,0.003229,NA,NA,NA,NA,NA
14,2014,0.011195,NA,NA,NA,NA,NA
14,2015,0.00139,NA,NA,NA,NA,NA
15,1980,0.000107,0,0,0.001532,0,0
15,1981,0.017147,0,7.10E-05,0.025296,0,0
15,1982,0.004709,0,0.000192,0.1039,0.005475,0
15,1983,0.000239,0,0,0.002382,0.00025,0
15,1984,0.000397,0,1.20E-05,0.002613,0,0
15,1985,0.00328,0,0.001471,0.042541,0,0
15,1986,0.026356,0,0,0.250911,0.006148,0
15,1987,0.002082,0,4.90E-05,0.020633,0.009762,0
15,1988,0.001026,0,0,0.00332,0,0
15,1989,0.007236,0,0.000578,0.01615,0,0
15,1990,0.079282,0,0.000265,0.311154,0.004738,0
15,1991,0.009856,0,1.00E-05,0.022037,0.003644,0
15,1992,0.002134,0,1.00E-06,0.002104,0.000349,0
15,1993,0.008181,0,5.90E-05,0.011827,0,0
15,1994,0.067707,0,0.000196,0.181988,0.002267,0
15,1995,0.014497,0,1.10E-05,0.01224,0.001925,0
15,1996,0.004193,0,0,0.003404,0.000744,0
15,1997,0.002725,0,4.00E-06,0.002249,0,0
15,1998,0.033948,0,0.000148,0.191273,0.002269,0
15,1999,0.003912,0,0,0.015722,0.010701,0
15,2000,0.003285,0,2.00E-06,0.040512,0.000698,0
15,2001,0.002449,0,0,0.017024,0,0
15,2002,0.098851,0,0.001008,0.675243,0.01581,0
15,2003,0.005081,0,0,0.001305,0.000376,0
15,2004,0.000776,0,2.00E-06,0.003764,0.000147731,0
15,2005,0.004144,0,0,0.005761498,0,0
15,2006,0.130448,0,0.001098,1.012864188,0.02222378,0
15,2007,0.007668,0,0,0.048709655,0.001015996,0
15,2008,0.000292,0,0,0.004789698,0.000614896,0
15,2009,0.004625,0,2.00E-06,0.045092392,0.002350729,0
15,2010,0.47348,0,0.00083332,0.41607897,0.006128801,0
15,2011,0.02472,0,3.40E-05,0.008028729,0.000904,0
15,2012,0.001132,NA,NA,NA,NA,NA
15,2013,0.022416,NA,NA,NA,NA,NA
15,2014,0.126166,NA,NA,NA,NA,NA
15,2015,0.00645,NA,NA,NA,NA,NA
16,1968,0.00663,0,0.003891,0.078371,0.000403,0
16,1969,0.000553,0,0.001042,0.003556,0.000168,0
16,1970,3.52E-05,0,0.000258,0.000154,0,0
16,1971,0.000164,0,0.004926,0.007721,0,0
16,1972,0.005543,0,0.00418,0.128111,0.000322,0
16,1973,0.000617,0,0.001344,0.009447,0.003794,0
16,1974,5.51E-05,0,0.001559,0.001413,0,0
16,1975,0.00174,0,0.003841,0.015888,0,0
16,1976,0.014497,0,0.003009,0.067835,0.00235,0
16,1977,0.001939,0,0.00069,0.017045,0.002975,0
16,1978,0.000195,0,0.000589,0.00086,0.000198,0
16,1979,0.002368,0,0.001866,0.015902,0,0
16,1980,0.018549,0,0.001496,0.076467,0.001381,0
16,1981,0.003433,0,0.000412,0.014267,0.003085,0
16,1982,0.000718,0,0.003361,0.005472,0.000868,0
16,1983,0.004992,0,0.001542,0.026208,0.000348,0
16,1984,0.017075,0,0.00173,0.115017,0.021116,0
16,1985,0.003404,0,0.00634,0.114856,0.010766,0
16,1986,0.003075,0,0.006349,0.02039,0.00061,0
16,1987,0.006837,0,0.001683,0.022546,0.003604,0
16,1988,0.034756,0,0.009599,0.305722,0.004031,0
16,1989,0.015065,0,0.005779,0.038792,0.008523,0
16,1990,0.004917,0,0.000826,0.013177,0.001607,0
16,1991,0.007553,0,0.001242,0.018884,0.001559,0
16,1992,0.015918,0,0.011639,0.175651,0.008143,0
16,1993,0.013441,0,0.000557,0.05441,0.012557,0
16,1994,0.00265,0,0.000815,0.021039,0.01251,0
16,1995,0.00706,0,0.00197,0.020949,0.00054,0
16,1996,0.024971,0,0.000413,0.189011,0.008576,0
16,1997,0.003831,0,0.000742,0.011493,0.001174,0
16,1998,0.004446,0,0.000408,0.003841,0.000563,0
16,1999,0.002621,0,0.002508,0.037729,0.002405,0
16,2000,0.036979,0,0.000624,0.087114,0.004264,0
16,2001,0.006294,0,0.000315,0.04319,0.006741,0
16,2002,0.00185,0,0.001262,0.011045,0.000694,0
16,2003,0.008126,0,0.000213,0.003861,0.000687,0
16,2004,0.008376,0,0.000343,0.040513,0.00846099,0
16,2005,0.013618,0,0.00018,0.014037552,0.000871358,0
16,2006,0.002055,0,0.000978,0.024833696,0.013659254,0
16,2007,0.001932,0,0.006665,0.106618066,0.001191901,0
16,2008,0.003425,0,0.001573,0.066746453,0.010485661,0
16,2009,0.008858,0,0.002695,0.101155787,0.018398812,0
16,2010,0.010561,0,0.002387,0.038010733,0.004145447,0
16,2011,0.041377,0,0.001178,0.03383581,0.00243,0
16,2012,0.010841,NA,NA,NA,NA,NA
16,2013,0.043751,NA,NA,NA,NA,NA
16,2014,0.013454,NA,NA,NA,NA,NA
16,2015,0.01693,NA,NA,NA,NA,NA
17,1973,0.018428,0,0.000146,0.067467,0.005741,0
17,1974,0.003634,0,0.000195,0.020017,0,0
17,1975,0.013998,0,0.00034,0.152807,0.005729,0
17,1976,0.001685,0,2.70E-05,0.007247,0,0
17,1977,0.017648,0,0.000172,0.125303,0.006574,0
17,1978,0.002561,0,8.30E-05,0.028397,0.002767,0
17,1979,0.036634,0,5.00E-06,0.083912,0.017456,0
17,1980,0.002908,0,4.00E-06,0.016037,0.005331,0
17,1981,0.019148,0,5.00E-06,0.073214,0.00353,0
17,1982,0.002315,0,0,0.005364,0.001411,0
17,1983,0.027352,0,3.20E-05,0.13848,0.011219,0
17,1984,0.007721,0,0,0.020594,0.004323,0
17,1985,0.013638,0,0,0.041411,0.005442,0
17,1986,0.003511,0,0,0.01608,0.004758,0
17,1987,0.032364,0,1.60E-05,0.170901,0.020119,0
17,1988,0.008784,0,0,0.048538,0.009201,0
17,1989,0.00494,0,0,0.015466,0.003412,0
17,1990,0.005998,0,0,0.014995,0.000739,0
17,1991,0.060761,0,0.000112,0.047222,0.009005,0
17,1992,0.004503,0,9.00E-06,0.05495,0.049754,0
17,1993,0.009052,0,0,0.051434,0.005268,0
17,1994,0.001948,0,0,0.009887,0.008471,0
17,1995,0.016646,0,2.50E-05,0.065492,0,0
17,1996,0.036224,0,4.00E-06,0.451557,0.095036,0
17,1997,0.007432,0,0,0.002444,0.000742,0
17,1998,0.003544,0,9.00E-06,0.003913,0.000957,0
17,1999,0.009807,0,0,0.011388,0,0
17,2000,0.119329,0,0,0.233547,0.02599,0
17,2001,0.039062,0,0,0.04802,0.048105,0
17,2002,0.001901,0,0,0.005758,0.000422,0
17,2003,0.003133,0,0,0.00337,0.000335,0
17,2004,0.022359,0,3.20E-05,0.200535,0.018897465,0
17,2005,0.021798,0,0,0.0115626,0.004647403,0
17,2006,0.008084,0,2.00E-06,0.043268923,0.021608825,0
17,2007,0.001724,0,0,0.01034465,0.001161134,0
17,2008,0.018491,0,4.00E-06,0.085923949,0.005137997,0
17,2009,0.007896,0,0,0.017151843,0.004628786,0
17,2010,0.019526,0,0.000273,0.12060558,0.077944541,0
17,2011,0.004266,0,0,0.009084445,0.002139,0
17,2012,0.029977,NA,NA,NA,NA,NA
17,2013,0.012637,NA,NA,NA,NA,NA
17,2014,0.053945,NA,NA,NA,NA,NA
17,2015,0.02306,NA,NA,NA,NA,NA
18,1948,0.052810368,0,0,0.026803,0.095917,0
18,1949,0.008858944,0,0,0.006085,0.013251,0
18,1950,0.029212481,0,6.20E-05,0.091231,0.055044,0
18,1951,0.036081363,0,0,0.041761,0.078541,0
18,1952,0.04645405,0,0,0.039952,0.03189,0
18,1953,0.017029776,0,0,0.012688,0.012372,0
18,1954,0.016885554,0,4.20E-05,0.037926,0.013126,0
18,1955,0.0170525,0,5.00E-06,0.078394,0.085616,0
18,1956,0.030999595,0,1.50E-05,0.028169,0.038686,0
18,1957,0.011138505,0,0,0.003474,0.024544,0
18,1958,0.010288609,0,1.20E-05,0.012978,0.003157,0
18,1959,0.015524924,0,1.00E-05,0.0218,0.039932,0
18,1960,0.025488935,0,0,0.005842,0.027406,0
18,1961,0.012931788,0,7.40E-05,0.026282,0.074479,0
18,1962,0.016595272,0,4.60E-05,0.024085,0.032679,0
18,1963,0.01377372,0,6.80E-05,0.088616,0.054052,0
18,1964,0.015255708,0,6.80E-05,0.048016,0.142584,0
18,1965,0.007973816,0,0,0.014943,0.024041,0
18,1966,0.02234458,0,6.50E-05,0.024568,0.051336,0
18,1967,0.012105154,0,2.90E-05,0.024122,0.042747,0
18,1968,0.018392855,0,4.50E-05,0.038212,0.067282,0
18,1969,0.026493482,0,0,0.009262,0.051821,0
18,1970,0.007198327,0,8.10E-05,0.021806,0.032749,0
18,1971,0.015746564,0,0.000462,0.091337,0.123848,0
18,1972,0.01471294,0,3.10E-05,0.0783,0.044584,0
18,1973,0.012363415,0,1.10E-05,0.011903,0.017262,0
18,1974,0.021871979,0,0.000178,0.053388,0.078361,0
18,1975,0.041955304,0,8.10E-05,0.06418,0.020578,0
18,1976,0.037989808,0,4.10E-05,0.013812,0.091485,0
18,1977,0.015999355,0,5.70E-05,0.015331,0.018676,0
18,1978,0.029311027,0,0,0.010736,0.024013,0
18,1979,0.038066117,0,2.20E-05,0.00377,0.034444,0
18,1980,0.019987935,0,8.00E-06,0.010736,0.006169,0
18,1981,0.026741006,0,0,0.002416,0.031641,0
18,1982,0.010056814,0,3.70E-05,0.004318,0.01391,0
18,1983,0.019771924,0,2.20E-05,0.01173,0.050301,0
18,1984,0.01841745,0,0.000107,0.018612,0.056977,0
18,1985,0.004335756,0,2.60E-05,0.00618,0.017002,0
18,1986,0.03044751,0,0,0.006413,0.033585,0
18,1987,0.014960163,0,3.00E-06,0.007374,0.014591,0
18,1988,0.036340357,0,0,0.002587,0.05849,0
18,1989,0.023989454,0,7.00E-06,0.004944,0.011658,0
18,1990,0.014122097,0,1.80E-05,0.001561,0.007538,0
18,1991,0.0225,0,1.00E-06,0.00171,0.032177,0
18,1992,0.011850624,0,0,0.029707,0.070846,0
18,1993,0.025675223,0,1.10E-05,0.016103,0.086635,0
18,1994,0.0106607,0,8.10E-05,0.004617,0.030016,0
18,1995,0.006651,0,0,0.008821,0.04415,0
18,1996,0.056449779,0,1.80E-05,0.021331,0.129612,0
18,1997,0.040717556,0,1.10E-05,0.012324,0.083927,0
18,1998,0.08346836,0,1.90E-05,0.033437,0.098506,0
18,1999,0.037368997,0,0,0.024538,0.118076,0
18,2000,0.04621822,0,1.50E-05,0.041913,0.06936,0
18,2001,0.137313306,0,0,0.007379,0.047231,0
18,2002,0.089790485,0,1.50E-05,0.02498,0.044165,0
18,2003,0.076602053,0,0,0.000373,0.013413,0
18,2004,0.061507201,0,9.00E-06,0.009201,0.030713253,0
18,2005,0.063214116,0,0,0.001726485,0.006609082,0
18,2006,0.03959811,0,8.00E-06,0.012709774,0.054306598,0
18,2007,0.042521507,0,0,0.011425159,0.069776353,0
18,2008,0.013444786,0,9.00E-06,0.014412244,0.06553857,0
18,2009,0.031920542,0,0,0.009166234,0.039967184,0
18,2010,0.016791152,0,3.80E-05,0.015542794,0.028122456,0
18,2011,0.056636435,0,1.10E-05,0.026530619,0.050181,0
18,2012,0.078088966,NA,NA,NA,NA,NA
18,2013,0.056020969,NA,NA,NA,NA,NA
18,2014,0.030292808,NA,NA,NA,NA,NA
18,2015,0.039075901,NA,NA,NA,NA,NA
19,1948,0.026162,0,0,0.043283,0,0
19,1949,0.007949,0,0.011423,0.02565,0,0
19,1950,0.032833,0,0.048269,0.02983,0,0
19,1951,0.017035,0.000903,0.103041,0.018078,0,0
19,1952,0.025751,0,0.018421,0.004633,0,0
19,1953,0.020441,0,0.002232,0.007552,0,0
19,1954,0.027784,0,0.006146,0.008651,0,0
19,1955,0.005584,8.70E-05,0.060115,0.080836,0,0
19,1956,0.002586,0,0.087258,0.0096,0,0
19,1957,0.003785,4.30E-05,0.025371,0.034739,0,0
19,1958,0.014587,0.000107,0.055305,0.00448,0,0
19,1959,0.027738,1.40E-05,0.010452,0.031079,0,0
19,1960,0.017039,0,0.026094,0.003357,0,0
19,1961,0.042346,4.10E-05,0.001634,0.01155,0,0
19,1962,0.008065,0,0.031134,0.019678,0,0
19,1963,0.022258,0,0.050277,0.037548,0,0
19,1964,0.0022,4.70E-05,0.043883,0.007247,0,0
19,1965,0.015003,6.50E-05,0.008237,0.012043,0,0
19,1966,0.032499,1.90E-05,0.042848,0.012577,0,0
19,1967,0.020406,0.000145,0.021814,0.028976,0,0
19,1968,0.005366,0.000126,0.013492,0.004193,0,0
19,1969,0.014685,0,0.00215,0.005152,0,0
19,1970,0.012573,9.80E-05,0.01881,0.020855,0,0
19,1971,0.00379,0,0.061283,0.023176,0,0
19,1972,0.001346,0,0.001153,0.00081,0,0
19,1973,0.003052,0,0.032256,0.005425,0,0
19,1974,0.01692,0,0.006133,0.034205,0,0
19,1975,0.00585,0,0.022979,0.105641,0,0
19,1976,0.005058,0,0.04341,0.001184,0,0
19,1977,0.002236,0,0.016076,0.007982,0,0
19,1978,0.019655,0,0.007016,0.034177,0,0
19,1979,0.045543,0,0.00047,0.010425,0,0
19,1980,0.005092,0,0.013416,0.000977,0,0
19,1981,0.003193,0,0.012466,0.005403,0,0
19,1982,0.009167,0,0.004275,0.024681,0,0
19,1983,0.004171,0,0.007855,0.009995,0,0
19,1984,0.001265,6.90E-05,0.003558,0.001569,0,0
19,1985,0.0041,6.90E-05,0.003694,0.010713,0,0
19,1986,0.007,0,0.00568,0.003927,0,0
19,1987,0.004973,0,0.0033,0.041748,0,0
19,1988,0.001544,0.000185,0.002005,0.001786,0,0
19,1989,0.002867,0,0.000489,0.012934,0,0
19,1990,0.004515,0,0.061732,0.064156,0,0
19,1991,0.014768,0,0.004426,0.033685,0,0
19,1992,0.000313,0,0.000517,0.003219,0,0
19,1993,0.003249,0,0.014645,0.004451,0,0
19,1994,0.009294,0,0.000286,0.020396,0,0
19,1995,0.01646,0,0.001537,0.048276,0,0
19,1996,0.015303,0,0.003058,0.004502,0,0
19,1997,0.001409,0,0.010357,0.071883,0,0
19,1998,0.00445,0,0.01816,0.04605,0,0
19,1999,0.008565,0,0.016673,0.074656,0,0
19,2000,0.004343,0,0.00795,0.003873,0,0
19,2001,0.015234,0,0.05396,0.333007,0,0
19,2002,0.041177,0,0.088078,0.188564,0,0
19,2003,0.008234,0,0.020138,0.083148,0,0
19,2004,0.002106,0,0.107366,0.03485,0,0
19,2005,0.386264,0,0.00577,0.010133059,0,0
19,2006,0.168093,0,0.390122771,0.998291568,0,0
19,2007,0.128166,0,0.304932697,1.33184975,0,0
19,2008,0.006708,0,0.057906511,0.118829728,0,0
19,2009,0.287754,0,0.025206306,0.149543523,0,0
19,2010,0.713749,0,0.229656125,1.263346311,0,0
19,2011,0.72917,0,0.059103921,0.170651137,0,0
19,2012,0.070261,0,0.01456778,0.067387,0,0
19,2013,0.239145,NA,NA,NA,NA,NA
19,2014,0.386606,NA,NA,NA,NA,NA
19,2015,0.11479,NA,NA,NA,NA,NA
