stk,yr,cyc,rec2,rec3,rec4,rec5,rec,eff,ets,
1,1948,4,0,0,0.179412,0.018741,0.198153,0.010859,0.018061,
1,1949,1,0,0.006218,1.029437,0.001271,1.030708,0.168458,0.35519,
1,1950,2,0,0.000579,0.240545,0.000542,0.241087,0.025658,0.053069,
1,1951,3,0,0.000009,0.158428,0.015217,0.173645,0.029785,0.052825,
1,1952,4,0,0.000028,0.078012,0.01056,0.088572,0.015484,0.027821,
1,1953,1,0,0.000294,0.537711,0.002886,0.540597,0.078238,0.137097,
1,1954,2,0,0.000341,0.154781,0.000701,0.155482,0.01801,0.034427,
1,1955,3,0,0.000011,0.025824,0.001632,0.027456,0.001397,0.002052,
1,1956,4,0,0,0.101035,0.006393,0.107428,0.016661,0.024684,
1,1957,1,0,0.00073,1.215763,0.003272,1.219035,0.119273,0.232256,
1,1958,2,0,0.000755,0.102112,0.00024,0.102352,0.022196,0.037279,
1,1959,3,0,0,0.014682,0.006153,0.020835,0.001297,0.002586,
1,1960,4,0,0.000022,0.069925,0.004202,0.074127,0.007401,0.012397,
1,1961,1,0,0.00063,0.252123,0.002208,0.254331,0.087782,0.16048,
1,1962,2,0,0,0.067661,0.005992,0.073653,0.014103,0.025398,
1,1963,3,0,0.000332,0.090397,0.001825,0.092222,0.00259,0.004109,
1,1964,4,0,0.001027,0.02594,0.012949,0.038889,0.0013,0.002319,
1,1965,1,0,0.000432,0.415253,0.001526,0.416779,0.011241,0.018543,
1,1966,2,0,0.001746,0.08304,0,0.08304,0.005959,0.01009,
1,1967,3,0,0.000423,0.326142,0.013128,0.33927,0.011167,0.019949,
1,1968,4,0,0.000011,0.010412,0,0.010412,0.000795,0.00134,
1,1969,1,0,0.000648,1.366181,0.004452,1.370633,0.048796,0.089746,
1,1970,2,0,0.001212,0.178232,0.001312,0.179544,0.015806,0.028206,
1,1971,3,0,0.000311,0.42351,0.006993,0.430503,0.04561,0.08544,
1,1972,4,0,0.000025,0.032207,0,0.032207,0.002253,0.004219,
1,1973,1,0,0.004591,1.342456,0.003951,1.346407,0.153876,0.295915,
1,1974,2,0,0.001242,0.141307,0.002218,0.143525,0.02161,0.038013,
1,1975,3,0,0.00015,0.220007,0.002852,0.222859,0.026252,0.052052,
1,1976,4,0,0.000043,0.0288,0.003034,0.031834,0.006792,0.011431,
1,1977,1,0,0.000572,0.752467,0.008655,0.761122,0.053363,0.086551,
1,1978,2,0,0.000202,0.07147,0.00118,0.07265,0.020004,0.035786,
1,1979,3,0,0.000034,0.089807,0.017889,0.107696,0.03617,0.069277,
1,1980,4,0,0.00001,0.03795,0.025541,0.063491,0.007361,0.012648,
1,1981,1,0,0.000046,0.33129,0.018805,0.350095,0.071485,0.123195,
1,1982,2,0,0.000013,0.026796,0.001007,0.027803,0.002158,0.003749,
1,1983,3,0,0.000423,0.17676,0.010949,0.187709,0.013121,0.020443,
1,1984,4,0,0.00024,0.209867,0.029536,0.239403,0.021868,0.040202,
1,1985,1,0,0.002414,1.179879,0.026057,1.205936,0.118124,0.215698,
1,1986,2,0,0.000056,0.12828,0.017603,0.145883,0.01516,0.027352,
1,1987,3,0,0.000008,0.494847,0.031065,0.525912,0.075524,0.135361,
1,1988,4,0,0.000033,0.319342,0.059894,0.379236,0.088071,0.174002,
1,1989,1,0,0.00042,1.091749,0.045932,1.137681,0.211041,0.365639,
1,1990,2,0,0.000002,0.156963,0.009121,0.166084,0.047065,0.093371,
1,1991,3,0,0.000514,0.129192,0.014581,0.143773,0.085456,0.138286,
1,1992,4,0,0.00001,0.080797,0.019569,0.100366,0.036565,0.05838,
1,1993,1,0,0.000847,1.652166,0.16177,1.813936,0.386806,0.679396,
1,1994,2,0,0.000006,0.02799,0.001034,0.029024,0.014499,0.026703,
1,1995,3,0,0.00002,0.170595,0.018985,0.18958,0.057342,0.108053,
1,1996,4,0,0,0.359206,0.10494,0.464146,0.041063,0.083274,
1,1997,1,0,0.000001,0.109249,0.038121,0.14737,0.073416,0.216779,
1,1998,2,0,0.000002,0.024341,0.004349,0.02869,0.009332,0.018221,
1,1999,3,0,0,0.025927,0.004639,0.030566,0.008189,0.020883,
1,2000,4,0,0,0.132457,0.003417,0.135874,0.035333,0.079487,
1,2001,1,0,0.000005,0.216279,0.035722,0.252001,0.082852,0.158779,
1,2002,2,0,0,0.020266,0.0043,0.024566,0.012921,0.023742,
1,2003,3,0,0,0.008431,0.001588,0.010019,0.006932,0.012718,
1,2004,4,0,0,0.032387,0.005077,0.037464,0.005181,0.008948,
1,2005,1,0,0.000049,0.076119,0.007844,0.083963,0.051153,0.097771,
1,2006,2,0,0,0.096013,0.010603,0.106616,0.015914,0.032016,
1,2007,3,0,0,0.010551,0.000147,0.010698,0.002376,0.00459,
1,2008,4,0,0.000001,0.183792,0.009159,0.192951,0.014446,0.026262,
1,2009,1,0,0.000003,0.172778,0.030113,0.202891,0.021884,0.042983,
1,2010,2,0,0.000053,0.191813,0.024267,0.21608,0.034198,0.055378,
1,2011,3,0,0.000003,0.00207,NA,NA,0.000233,0.000617,
1,2012,4,0,0.000009,NA,NA,NA,0.006812,0.019822,
1,2013,1,NA,NA,NA,NA,NA,0.039658,0.07531,
1,2014,2,NA,NA,NA,NA,NA,0.023298,0.045781,
1,2015,3,NA,NA,NA,NA,NA,0.00406,0.0075703,
2,1948,4,0,0,0.000327,0,0.000327,NA,NA,
2,1949,1,0,0.003433,1.526554,0,1.526554,0.039085,0.069684,
2,1950,2,0,0.000591,0.036671,0.002419,0.03909,0.001834,0.003869,
2,1951,3,0,0,0.056085,0.007559,0.063644,0.001246,0.002774,
2,1952,4,0,0.000086,0.003858,0.000029,0.003887,0.000016,0.0000329,
2,1953,1,0,0.00083,1.548072,0.00147,1.549542,0.078686,0.167574,
2,1954,2,0,0.00015,0.135111,0.002704,0.137815,0.002687,0.005388,
2,1955,3,0,0.000029,0.050196,0.00112,0.051316,0.003274,0.007197,
2,1956,4,0,0,0.013472,0.03263,0.046102,0.000466,0.000831,
2,1957,1,0,0.000874,1.327094,0.001916,1.32901,0.300038,0.508285,
2,1958,2,0,0.000672,0.053044,0.000961,0.054005,0.013152,0.023619,
2,1959,3,0,0.000067,0.006092,0.001233,0.007325,0.00409,0.007991,
2,1960,4,0,0.000027,0.006658,0.002932,0.00959,0.001307,0.002313,
2,1961,1,0,0.000143,0.770385,0.007535,0.77792,0.194461,0.321547,
2,1962,2,0,0.000045,0.043107,0.001917,0.045024,0.009073,0.015711,
2,1963,3,0,0.000025,0.011911,0.000113,0.012024,0.001092,0.002403,
2,1964,4,0,0.00006,0.001806,0.001235,0.003041,0.000824,0.001816,
2,1965,1,0,0.000228,1.102448,0.021752,1.1242,0.122786,0.201891,
2,1966,2,0,0.000274,0.071954,0.001851,0.073805,0.004164,0.007986,
2,1967,3,0,0.000224,0.006294,0.010038,0.016332,0.000897,0.00155,
2,1968,4,0,0,0.027393,0.003906,0.031299,0.000179,0.000355,
2,1969,1,0,0.002756,1.602892,0.019888,1.62278,0.1143,0.194852,
2,1970,2,0,0.000318,0.07052,0,0.07052,0.008027,0.0147,
2,1971,3,0,0.001243,0.065527,0,0.065527,0.000725,0.001429,
2,1972,4,0,0,0.01618,0.002586,0.018766,0.003411,0.007341,
2,1973,1,0,0.00029,0.658158,0.005807,0.663965,0.116703,0.206276,
2,1974,2,0,0.000855,0.048593,0.001268,0.049861,0.007371,0.013877,
2,1975,3,0,0.000541,0.214097,0.000478,0.214575,0.005679,0.011264,
2,1976,4,0,0,0.003339,0,0.003339,0.001674,0.002817,
2,1977,1,0,0.000104,1.313861,0.043776,1.357637,0.075962,0.143842,
2,1978,2,0,0.000699,0.06982,0.008928,0.078748,0.007115,0.012738,
2,1979,3,0,0,0.006854,0,0.006854,0.016711,0.031918,
2,1980,4,0,0,0.02144,0,0.02144,0.000287,0.000554,
2,1981,1,0,0,1.97801,0.055891,2.033901,0.120124,0.229409,
2,1982,2,0,0.000193,0.052097,0.008699,0.060796,0.008681,0.016758,
2,1983,3,0,0,0.014195,0.003717,0.017912,0.001451,0.002246,
2,1984,4,0,0.000222,0.014522,0,0.014522,0.000672,0.001228,
2,1985,1,0,0.007755,3.367086,0.132788,3.499874,0.159048,0.265387,
2,1986,2,0,0.000264,0.725126,0.091171,0.816297,0.015045,0.026807,
2,1987,3,0,0.000984,0.283932,0.095155,0.379087,0.002392,0.005316,
2,1988,4,0,0.001552,0.207234,0,0.207234,0.003638,0.007072,
2,1989,1,0,0.020256,5.162734,0.144134,5.306868,0.327098,0.571901,
2,1990,2,0,0.00044,0.372685,0.016654,0.389339,0.111747,0.188795,
2,1991,3,0,0.000354,0.091441,0.017786,0.109227,0.0402,0.07686,
2,1992,4,0,0,0.12897,0.006429,0.135399,0.012422,0.019513,
2,1993,1,0,0.004082,3.249145,0.511029,3.760174,1.184283,1.79906,
2,1994,2,0,0,0.108011,0.007429,0.11544,0.040705,0.074911,
2,1995,3,0,0.001366,0.092713,0.039375,0.132088,0.017181,0.034362,
2,1996,4,0,0.000607,0.810002,0.212391,1.022393,0.027297,0.053425,
2,1997,1,0,0.000081,0.351715,0.079099,0.430814,0.415149,0.797917,
2,1998,2,0,0.000312,0.26439,0.01256,0.27695,0.067834,0.136054,
2,1999,3,0,0.000023,0.11752,0.016079,0.133599,0.0338,0.059398,
2,2000,4,0,0.001827,0.868657,0.042459,0.911116,0.22624,0.440831,
2,2001,1,0,0.000029,0.415504,0.08981,0.505314,0.179534,0.337986,
2,2002,2,0,0.00002,0.121483,0.004449,0.125932,0.017804,0.034369,
2,2003,3,0,0.000011,0.015962,0.00581,0.021772,0.019208,0.03654,
2,2004,4,0,0.00022,0.263681,0.019017,0.282698,0.05131,0.083204,
2,2005,1,0,0.000089,0.104604,0.014974,0.119578,0.164548,0.292637,
2,2006,2,0,0.000037,0.169236,0.005275,0.174511,0.014283,0.0271,
2,2007,3,0,0.000048,0.00516,0.008534,0.013694,0.004144,0.008067,
2,2008,4,0,0.000326,0.183247,0.006668,0.189915,0.057881,0.115325,
2,2009,1,0,0.00004,0.216742,0.013637,0.230379,0.043271,0.085806,
2,2010,2,0,0.000839,0.135047,0.016199,0.151246,0.043476,0.07373,
2,2011,3,0,0,0.001709,NA,NA,0.000778,0.002026,
2,2012,4,0,0,NA,NA,NA,0.031771,0.056978,
2,2013,1,NA,NA,NA,NA,NA,0.070946,0.130493,
2,2014,2,NA,NA,NA,NA,NA,0.027869,0.048115,
2,2015,3,NA,NA,NA,NA,NA,0.00435,0.01095,
3,1948,4,0,0,0.185175,0.022002,0.207177,0.009242,0.015172,
3,1949,1,0,0.000133,0.173402,0.006341,0.179743,0.040231,0.070367,
3,1950,2,0,0.00463,0.903768,0.030719,0.934487,0.07741,0.130439,
3,1951,3,0,0.000026,0.354049,0.101292,0.455341,0.051413,0.090072,
3,1952,4,0,0.000023,0.093984,0.016694,0.110678,0.01992,0.039217,
3,1953,1,0,0.00003,0.156192,0.018023,0.174215,0.020388,0.040894,
3,1954,2,0,0.003311,1.140205,0.067783,1.207988,0.072273,0.136439,
3,1955,3,0,0.000028,0.602677,0.027091,0.629768,0.029937,0.049758,
3,1956,4,0,0.000092,0.2204,0.026243,0.246643,0.021686,0.036747,
3,1957,1,0,0.000008,0.143835,0.008,0.151835,0.018044,0.036199,
3,1958,2,0,0.001156,0.323089,0.016215,0.339304,0.061581,0.11159,
3,1959,3,0,0.000017,0.514918,0.026485,0.541403,0.041872,0.078251,
3,1960,4,0,0.000019,0.14334,0.021155,0.164495,0.022718,0.037923,
3,1961,1,0,0.000288,0.137046,0.010068,0.147114,0.018136,0.033366,
3,1962,2,0,0.0001,0.572029,0.017376,0.589405,0.044532,0.084089,
3,1963,3,0,0.000977,0.713487,0.013462,0.726949,0.041535,0.077725,
3,1964,4,0,0.000194,0.170674,0.006969,0.177643,0.016161,0.030202,
3,1965,1,0,0.000179,0.2311,0.012372,0.243472,0.020479,0.038255,
3,1966,2,0,0.000833,0.336316,0.022757,0.359073,0.051509,0.095692,
3,1967,3,0,0.000288,0.531886,0.01835,0.550236,0.032467,0.055008,
3,1968,4,0,0.000085,0.1259,0.003837,0.129737,0.01368,0.026948,
3,1969,1,0,0.000131,0.235729,0.017385,0.253114,0.025629,0.044324,
3,1970,2,0,0.00117,0.228808,0.00413,0.232938,0.026727,0.041923,
3,1971,3,0,0.000496,0.508759,0,0.508759,0.020147,0.03858,
3,1972,4,0,0.000204,0.711226,0.044784,0.75601,0.019938,0.03532,
3,1973,1,0,0.000011,0.075813,0.010077,0.08589,0.015424,0.029383,
3,1974,2,0,0.001823,0.281752,0.019534,0.301286,0.023718,0.040008,
3,1975,3,0,0.003852,1.832708,0.064645,1.897353,0.068451,0.111969,
3,1976,4,0,0.00015,0.216701,0.027506,0.244207,0.063865,0.129085,
3,1977,1,0,0.000074,0.209138,0.056488,0.265626,0.010894,0.020348,
3,1978,2,0,0.00086,0.388505,0.04804,0.436545,0.032528,0.05736,
3,1979,3,0,0.000031,0.478737,0.145156,0.623893,0.152583,0.269624,
3,1980,4,0,0.000207,0.535944,0.219255,0.755199,0.028477,0.052417,
3,1981,1,0,0.000028,0.234136,0.051734,0.28587,0.01203,0.021014,
3,1982,2,0,0.0019,0.309369,0.046504,0.355873,0.034888,0.06295,
3,1983,3,0,0.001129,1.097744,0.158607,1.256351,0.061357,0.111823,
3,1984,4,0,0.00017,0.744589,0.26643,1.011019,0.032672,0.059694,
3,1985,1,0,0.000087,0.097659,0.030996,0.128655,0.021969,0.040151,
3,1986,2,0,0.000023,0.445398,0.116424,0.561822,0.044564,0.07486,
3,1987,3,0,0.000014,0.353471,0.082191,0.435662,0.098179,0.183961,
3,1988,4,0,0.000158,0.566227,0.425114,0.991341,0.200537,0.333462,
3,1989,1,0,0.000028,0.127212,0.095047,0.222259,0.015903,0.038749,
3,1990,2,0,0.001145,0.861027,0.089664,0.950691,0.056537,0.093359,
3,1991,3,0,0.000259,0.299039,0.037271,0.33631,0.054349,0.094311,
3,1992,4,0,0.000275,0.734393,0.133793,0.868186,0.055138,0.097338,
3,1993,1,0,0.000013,0.068158,0.241673,0.309831,0.042861,0.087626,
3,1994,2,0,0.000127,0.593409,0.088649,0.682058,0.063584,0.12298,
3,1995,3,0,0.000075,0.127344,0.05654,0.183884,0.041135,0.087748,
3,1996,4,0,0.000016,0.635499,0.176479,0.811978,0.167624,0.309564,
3,1997,1,0,0,0.068515,0.056658,0.125173,0.023241,0.051642,
3,1998,2,0,0.000073,0.504421,0.133503,0.637924,0.096961,0.182986,
3,1999,3,0,0,0.143988,0.030474,0.174462,0.06608,0.125908,
3,2000,4,0,0,0.647582,0.070089,0.717671,0.195386,0.346687,
3,2001,1,0,0,0.20341,0.083718,0.287128,0.06159,0.137938,
3,2002,2,0,0.000047,0.224262,0.024066,0.248328,0.177618,0.321556,
3,2003,3,0,0.000005,0.034522,0.014605,0.049127,0.043829,0.07788,
3,2004,4,0,0.000153,0.213103,0.032647,0.24575,0.053755,0.08649,
3,2005,1,0,0.000012,0.00664,0.004885,0.011525,0.102247,0.17455,
3,2006,2,0,0.000087,0.391376,0.081434,0.47281,0.079834,0.145611,
3,2007,3,0,0.00002,0.113252,0.024678,0.13793,0.019626,0.038803,
3,2008,4,0,0.000454,0.259519,0.014453,0.273972,0.073798,0.137941,
3,2009,1,0,0,0.151519,0.047534,0.199053,0.01577,0.027404,
3,2010,2,0,0.012308,1.441852,0.122167,1.564019,0.109382833,0.195995254,
3,2011,3,0,0,0.04057,NA,NA,0.025856,0.051111,
3,2012,4,0,0.00005,NA,NA,NA,0.05057243,0.078930486,
3,2013,1,NA,NA,NA,NA,NA,0.05413,0.097523,
3,2014,2,NA,NA,NA,NA,NA,0.240406,0.458126,
3,2015,3,NA,NA,NA,NA,NA,0.04761,0.09415,
4,1948,4,0,0,0.080266,0,0.080266,0.012826,0.023945,
4,1949,1,0,0.000045,0.062746,0,0.062746,0.010721,0.019672,
4,1950,2,0,0.00055,0.065365,0.009633,0.074998,0.007298,0.014253,
4,1951,3,0,0.000378,0.103443,0,0.103443,0.01004,0.019186,
4,1952,4,0,0.000008,0.036992,0.006304,0.043296,0.008568,0.016461,
4,1953,1,0,0.000003,0.070599,0.004977,0.075576,0.005734,0.011721,
4,1954,2,0,0.000652,0.062971,0.003293,0.066264,0.004566,0.009283,
4,1955,3,0,0.000043,0.092623,0.004289,0.096912,0.004472,0.008255,
4,1956,4,0,0,0.027586,0.01016,0.037746,0.003639,0.006174,
4,1957,1,0,0,0.041008,0.000958,0.041966,0.006416,0.010603,
4,1958,2,0,0.000043,0.017945,0.000167,0.018112,0.008297,0.013104,
4,1959,3,0,0.000011,0.056454,0.0054,0.061854,0.014614,0.025819,
4,1960,4,0,0.000004,0.017278,0.000451,0.017729,0.003506,0.006728,
4,1961,1,0,0,0.026835,0.001313,0.028148,0.003675,0.006576,
4,1962,2,0,0.000006,0.018822,0.002499,0.021321,0.003219,0.00555,
4,1963,3,0,0.000028,0.204973,0.009315,0.214288,0.011467,0.019275,
4,1964,4,0,0,0.025416,0.002091,0.027507,0.00069,0.001324,
4,1965,1,0,0.00005,0.01677,0.001029,0.017799,0.00117,0.002128,
4,1966,2,0,0,0.021196,0.001053,0.022249,0.001151,0.002092,
4,1967,3,0,0.000124,0.193857,0.012513,0.20637,0.013991,0.027981,
4,1968,4,0,0,0.037393,0.00615,0.043543,0.00171,0.003419,
4,1969,1,0,0,0.016003,0.001208,0.017211,0.001936,0.003872,
4,1970,2,0,0.000371,0.015826,0,0.015826,0.000497,0.000874,
4,1971,3,0,0,0.124161,0.000346,0.124507,0.010761,0.019965,
4,1972,4,0,0,0.01686,0.000111,0.016971,0.001969,0.003654,
4,1973,1,0,0,0.010538,0.000124,0.010662,0.002012,0.004024,
4,1974,2,0,0,0.015702,0.001729,0.017431,0.001046,0.00185,
4,1975,3,0,0.000122,0.121742,0.000634,0.122376,0.014735,0.026219,
4,1976,4,0,0,0.007112,0,0.007112,0.001069,0.002037,
4,1977,1,0,0,0.005875,0.009521,0.015396,0.001214,0.002207,
4,1978,2,0,0,0.039903,0.000724,0.040627,0.001678,0.002773,
4,1979,3,0,0,0.015714,0.01427,0.029984,0.016178,0.030898,
4,1980,4,0,0,0.039381,0.005789,0.04517,0.001376,0.002639,
4,1981,1,0,0,0.014724,0.001808,0.016532,0.000562,0.001032,
4,1982,2,0,0,0.003066,0.002211,0.005277,0.00099,0.001647,
4,1983,3,0,0.000017,0.036597,0.001535,0.038132,0.003484,0.005806,
4,1984,4,0,0.000012,0.044712,0.005879,0.050591,0.004909,0.009563,
4,1985,1,0,0,0.016449,0.002728,0.019177,0.00303,0.005845,
4,1986,2,0,0,0.020562,0.000636,0.021198,0.001396,0.002851,
4,1987,3,0,0.000132,0.018171,0.004289,0.02246,0.00566,0.011071,
4,1988,4,0,0,0.011669,0.001381,0.01305,0.007405,0.012464,
4,1989,1,0,0,0.004945,0.007897,0.012842,0.001367,0.002534,
4,1990,2,0,0,0.018847,0.012283,0.03113,0.005065,0.007513,
4,1991,3,0,0.000114,0.047542,0.001083,0.048625,0.00246,0.004919,
4,1992,4,0,0.000014,0.010556,0.002313,0.012869,0.001117,0.00256,
4,1993,1,0,0,0.016961,0.003506,0.020467,0.000592,0.001184,
4,1994,2,0,0,0.006743,0.004106,0.010849,0.001845,0.00438,
4,1995,3,0,0.00004,0.025092,0.002259,0.027351,0.013467,0.027558,
4,1996,4,0,0,0.020695,0.006081,0.026776,0.004055,0.008148,
4,1997,1,0,0,0.001335,0.003689,0.005024,0.002119,0.004755,
4,1998,2,0,0,0.011272,0.005729,0.017001,0.00283,0.004751,
4,1999,3,0,0,0.019734,0,0.019734,0.003295,0.008238,
4,2000,4,0,0,0.023887,0.001396,0.025283,0.00672,0.01248,
4,2001,1,0,0,0.004433,0.002392,0.006825,0.002752,0.005504,
4,2002,2,0,0,0.007279,0.000395,0.007674,0.004505,0.008433,
4,2003,3,0,0,0.003702,0.00009,0.003792,0.003038,0.006076,
4,2004,4,0,0,0.003008,0.003082,0.00609,0.000458,0.000916,
4,2005,1,0,0,0.001876,0.000382,0.002258,0.000866,0.00173,
4,2006,2,0,0,0.014783,0.00264,0.017423,0.000636,0.001432,
4,2007,3,0,0,0.008359,0.00002,0.008379,0.001075,0.002133,
4,2008,4,0,0,0.000234,0.000548,0.000782,0.000275,0.000774,
4,2009,1,0,0,0.004968,0.001241,0.006209,0.000843,0.001686,
4,2010,2,0,0.000023,0.023583,0.003676,0.027259,0.004095,0.008189,
4,2011,3,0,0,0.006276,NA,NA,0.002037,0.003991,
4,2012,4,0,0.00003,NA,NA,NA,0.00003,0.000059,
4,2013,1,NA,NA,NA,NA,NA,0.001924,0.003225,
4,2014,2,NA,NA,NA,NA,NA,0.006252,0.011419,
4,2015,3,NA,NA,NA,NA,NA,0.00221,0.00346,
5,1948,4,0,0,0.062653,0.000684,0.063337,0.005524,0.010359,
5,1949,1,0,0,0.036748,0.002878,0.039626,0.002109,0.005484,
5,1950,2,0,0.000017,0.039549,0.00599,0.045539,0.001917,0.003597,
5,1951,3,0,0.000008,0.034636,0.013009,0.047645,0.003364,0.006769,
5,1952,4,0,0.000005,0.046167,0.00501,0.051177,0.005116,0.010353,
5,1953,1,0,0,0.030285,0.001839,0.032124,0.0036,0.006259,
5,1954,2,0,0.000231,0.038964,0.011293,0.050257,0.005352,0.009918,
5,1955,3,0,0.000007,0.052497,0.00786,0.060357,0.002905,0.004657,
5,1956,4,0,0,0.017335,0.008029,0.025364,0.005179,0.008476,
5,1957,1,0,0.000072,0.018932,0.002011,0.020943,0.003314,0.006813,
5,1958,2,0,0.000023,0.022591,0.000512,0.023103,0.006235,0.010112,
5,1959,3,0,0,0.020417,0.003167,0.023584,0.005232,0.009825,
5,1960,4,0,0.000064,0.014715,0.002049,0.016764,0.002252,0.004389,
5,1961,1,0,0.000032,0.022139,0.002154,0.024293,0.003014,0.005477,
5,1962,2,0,0,0.037568,0.002981,0.040549,0.004197,0.007213,
5,1963,3,0,0.000018,0.00909,0.000265,0.009355,0.002693,0.004932,
5,1964,4,0,0.000081,0.040283,0.008228,0.048511,0.002666,0.004959,
5,1965,1,0,0.000073,0.018867,0.001686,0.020553,0.002669,0.004327,
5,1966,2,0,0.00032,0.020483,0.002736,0.023219,0.002666,0.005492,
5,1967,3,0,0.000037,0.008226,0.001395,0.009621,0.000358,0.00064,
5,1968,4,0,0.000098,0.100888,0.005411,0.106299,0.003455,0.007507,
5,1969,1,0,0.000381,0.010279,0.00371,0.013989,0.002577,0.004852,
5,1970,2,0,0.000037,0.0083,0.000523,0.008823,0.001205,0.002206,
5,1971,3,0,0.000033,0.00957,0.002116,0.011686,0.000223,0.000422,
5,1972,4,0,0.000087,0.056973,0.000761,0.057734,0.004507,0.007918,
5,1973,1,0,0.000022,0.001616,0.007723,0.009339,0.001345,0.002425,
5,1974,2,0,0.000206,0.011541,0.000476,0.012017,0.001479,0.002343,
5,1975,3,0,0.000007,0.005632,0.000797,0.006429,0.001391,0.002541,
5,1976,4,0,0.000056,0.018539,0.001331,0.01987,0.003976,0.008628,
5,1977,1,0,0,0.002728,0.003189,0.005917,0.000198,0.00036,
5,1978,2,0,0.000253,0.011888,0.006562,0.01845,0.001343,0.002493,
5,1979,3,0,0,0.001183,0.001856,0.003039,0.000693,0.001473,
5,1980,4,0,0.000112,0.047827,0.003784,0.051611,0.002056,0.005119,
5,1981,1,0,0.000029,0.007366,0.001244,0.00861,0.000312,0.000639,
5,1982,2,0,0,0.002509,0.001233,0.003742,0.001533,0.002992,
5,1983,3,0,0.000038,0.002855,0.001196,0.004051,0.001821,0.00278,
5,1984,4,0,0.000325,0.032692,0.014038,0.04673,0.006701,0.014407,
5,1985,1,0,0.000007,0.00283,0.001591,0.004421,0.001922,0.003264,
5,1986,2,0,0,0.002902,0.000111,0.003013,0.00108,0.002042,
5,1987,3,0,0,0.001399,0.002421,0.00382,0.000723,0.001388,
5,1988,4,0,0,0.041783,0.008304,0.050087,0.009207,0.019013,
5,1989,1,0,0.000007,0.007357,0.003935,0.011292,0.000925,0.001635,
5,1990,2,0,0,0.00161,0.000934,0.002544,0.000412,0.00063,
5,1991,3,0,0,0.000908,0.000553,0.001461,0.000264,0.000464,
5,1992,4,0,0.000006,0.065321,0.002024,0.067345,0.004112,0.008224,
5,1993,1,0,0.000024,0.022386,0.010727,0.033113,0.002934,0.005037,
5,1994,2,0,0,0.004738,0.022745,0.027483,0.0008,0.001642,
5,1995,3,0,0.000041,0.022745,0.004484,0.027229,0.000682,0.001021,
5,1996,4,0,0,0.089315,0.022684,0.111999,0.021381,0.039613,
5,1997,1,0,0,0.025983,0.025281,0.051264,0.002367,0.005025,
5,1998,2,0,0.000008,0.004905,0.011325,0.01623,0.003585,0.006746,
5,1999,3,0,0.000092,0.026426,0.034631,0.061057,0.003499,0.006676,
5,2000,4,0,0.000053,0.107671,0.007672,0.115343,0.027668,0.057397,
5,2001,1,0,0,0.079275,0.016425,0.0957,0.016025,0.030014,
5,2002,2,0,0.000045,0.021369,0.021419,0.042788,0.008402,0.017756,
5,2003,3,0,0,0.002439,0.00593,0.008369,0.00489,0.009458,
5,2004,4,0,0.000004,0.039136,0.008849,0.047985,0.003244,0.00558,
5,2005,1,0,0,0.006441,0.002454,0.008895,0.016967,0.0264,
5,2006,2,0,0,0.007182,0.009652,0.016834,0.003442,0.005977,
5,2007,3,0,0,0.006257,0.004427,0.010684,0.008064,0.013813,
5,2008,4,0,0.000002,0.01479,0.003641,0.018431,0.003562,0.007285,
5,2009,1,0,0.000005,0.019972,0.015218,0.03519,0.006039,0.011098,
5,2010,2,0,0.000026,0.038269,0.005546,0.043815,0.002389,0.004608,
5,2011,3,0,0.000024,0.017014,NA,NA,0.00443,0.008055,
5,2012,4,0,0,NA,NA,NA,0.00171,0.003218,
5,2013,1,NA,NA,NA,NA,NA,0.009045,0.015834,
5,2014,2,NA,NA,NA,NA,NA,0.009471,0.016656,
5,2015,3,NA,NA,NA,NA,NA,0.00879,0.01559,
6,1948,4,0,0,0.000618,0,0.000618,0.000048,0.000096,
6,1949,1,0,0.022455,0.463409,0,0.463409,0.01921,0.029124,
6,1950,2,0,0.000034,0.002014,0,0.002014,0.000264,0.000379,
6,1951,3,0,0,0.000413,0,0.000413,0.000009,0.00002,
6,1952,4,0,0,0.000562,0,0.000562,0.000051,0.000102,
6,1953,1,0,0.005902,0.604123,0.00022,0.604343,0.047564,0.08317,
6,1954,2,0,0,0.010692,0,0.010692,0.000146,0.000291,
6,1955,3,0,0,0.00018,0,0.00018,0.00003,0.0000591,
6,1956,4,0,0.000018,0.001115,0,0.001115,0.000039,0.000077,
6,1957,1,0,0.008359,0.98958,0.000144,0.989724,0.132852,0.209784,
6,1958,2,0,0.000027,0.003362,0.000023,0.003385,0.001269,0.001834,
6,1959,3,0,0,0.000165,0,0.000165,0.000029,0.0000628,
6,1960,4,0,0.000006,0.001469,0,0.001469,0.000123,0.000219,
6,1961,1,0,0.044481,1.195807,0.000509,1.196316,0.07,0.11507,
6,1962,2,0,0.00003,0.007257,0,0.007257,0.000566,0.000991,
6,1963,3,0,0,0.000956,0,0.000956,0.00004,7.06E-05,
6,1964,4,0,0,0.002812,0,0.002812,0.000159,0.000358,
6,1965,1,0,0.014161,1.652107,0.000821,1.652928,0.105393,0.194338,
6,1966,2,0,0.000028,0.007038,0.000396,0.007434,0.00104,0.001603,
6,1967,3,0,0.000011,0.00175,0,0.00175,0.000024,4.76E-05,
6,1968,4,0,0,0.000428,0,0.000428,0.000333,0.000665,
6,1969,1,0,0.006413,1.626582,0.007768,1.63435,0.076565,0.131074,
6,1970,2,0,0,0.020339,0,0.020339,0.000388,0.000585,
6,1971,3,0,0,0.000747,0,0.000747,0.000016,2.58E-05,
6,1972,4,0,0.000009,0.000856,0,0.000856,0.000046,7.19E-05,
6,1973,1,0,0.005114,2.326864,0.003929,2.330793,0.112414,0.203768,
6,1974,2,0,0.000021,0.029304,0.00157,0.030874,0.002587,0.004415,
6,1975,3,0,0,0.001865,0,0.001865,0.000105,0.000193,
6,1976,4,0,0,0.001233,0,0.001233,0.000209,0.000305,
6,1977,1,0,0.008446,3.810786,0.054029,3.864815,0.160717,0.30968,
6,1978,2,0,0.000142,0.186073,0.010473,0.196546,0.004349,0.008476,
6,1979,3,0,0,0.002103,0.003908,0.006011,0.000238,0.000454,
6,1980,4,0,0,0.002446,0,0.002446,0.000098,0.000196,
6,1981,1,0,0.019608,9.553856,0.213188,9.767044,0.33229,0.618483,
6,1982,2,0,0,0.499074,0.056312,0.555386,0.020054,0.038857,
6,1983,3,0,0.000033,0.031515,0.008864,0.040379,0.001098,0.001627,
6,1984,4,0,0.000085,0.006868,0,0.006868,0.000551,0.000852,
6,1985,1,0,0.028135,12.137664,0.334171,12.471835,0.692799,1.277377,
6,1986,2,0,0.000041,2.364628,0.168115,2.532743,0.094792,0.169407,
6,1987,3,0,0.000011,0.119437,0.057144,0.176581,0.011238,0.017835,
6,1988,4,0,0,0.026342,0,0.026342,0.004185,0.006108,
6,1989,1,0,0.010417,10.339444,0.280053,10.619497,0.940432,1.838399,
6,1990,2,0,0.000585,2.946813,0.336236,3.283049,0.259218,0.481278,
6,1991,3,0,0.000026,0.100196,0.050671,0.150867,0.024861,0.045324,
6,1992,4,0,0.000001,0.029213,0,0.029213,0.003046,0.005862,
6,1993,1,0,0.001642,6.446036,0.398551,6.844587,1.50735,2.557017,
6,1994,2,0,0.000248,2.263471,0.212902,2.476373,0.356251,0.65167,
6,1995,3,0,0,0.119078,0.048228,0.167306,0.116867,0.210237,
6,1996,4,0,0,0.067906,0.019609,0.087515,0.021719,0.039378,
6,1997,1,0,0.000079,4.358762,0.318446,4.677208,0.904914,1.658898,
6,1998,2,0,0.000056,4.467804,0.272015,4.739819,0.534532,1.043457,
6,1999,3,0,0,0.581976,0.22861,0.810586,0.106908,0.174234,
6,2000,4,0,0,0.038143,0.015667,0.05381,0.037163,0.062846,
6,2001,1,0,0.000042,3.576455,0.115416,3.691871,1.740454,3.205043,
6,2002,2,0,0.000038,0.603583,0.036207,0.63979,1.312599235,2.857293,only Mitchell was run; not sure where this expansion came from?dividied ETS in old DB with 2002 spawner success of .9331
6,2003,3,0,0,0.082424,0.060604,0.143028,0.148235,0.276199,
6,2004,4,0,0,0.006545,0.005986,0.012531,0.006629,0.01017,
6,2005,1,0,0,0.198055,0.008051,0.206106,0.777707359,1.44329,not gapfilled for everything missing except Horsefly
6,2006,2,0,5.60E-05,0.600703,0.047951,0.648654,0.090069,0.160045,
6,2007,3,0,0.000021,0.073107,0.003425,0.076532,0.033601,0.069876,
6,2008,4,0,0,0.003845,0.006325,0.01017,0.002473,0.004216,
6,2009,1,0,0.000019,0.286899,0.021465,0.308364,0.082781,0.148142,
6,2010,2,0,0.002958,2.395467,0.028625,2.424092,0.131546,0.235148,
6,2011,3,0,0.000031,0.0336,NA,NA,0.016936,0.03133,
6,2012,4,0,0.000001,NA,NA,NA,0.000097,0.000198,
6,2013,1,NA,NA,NA,NA,NA,0.093727,0.172695,
6,2014,2,NA,NA,NA,NA,NA,0.430994,0.817922,
6,2015,3,NA,NA,NA,NA,NA,0.02593,0.0436,
7,1948,4,0,0.032,1.643062,0.011182,1.654244,0.364597,0.622337,
7,1949,1,0,0.003732,0.560635,0.010368,0.571003,0.033029,0.056267,
7,1950,2,0,0.001489,0.183278,0.004705,0.187983,0.006555,0.015141,
7,1951,3,0,0.003925,0.644911,0.020763,0.665674,0.057563,0.099133,
7,1952,4,0,0.018732,1.763929,0.035975,1.799904,0.233628,0.434113,
7,1953,1,0,0.001172,0.514554,0.014004,0.528558,0.094471,0.173398,
7,1954,2,0,0.012234,0.632132,0.004415,0.636547,0.021247,0.033369,
7,1955,3,0,0.032418,1.407963,0.031011,1.438974,0.075834,0.114018,
7,1956,4,0,0.013905,2.379854,0.016684,2.396538,0.368607,0.617148,
7,1957,1,0,0.000076,0.117362,0.003149,0.120511,0.083128,0.137827,
7,1958,2,0,0.004055,0.27832,0.013613,0.291933,0.070433,0.119983,
7,1959,3,0,0.023792,2.080497,0.018659,2.099156,0.272891,0.462227,
7,1960,4,0,0.005472,0.958877,0.00598,0.964857,0.244864,0.422281,
7,1961,1,0,0.000256,0.052713,0.011583,0.064296,0.015038,0.02493,
7,1962,2,0,0.010657,0.960609,0.013582,0.974191,0.042125,0.066133,
7,1963,3,0,0.037579,1.112861,0.004045,1.116906,0.057207,0.105115,
7,1964,4,0,0.007252,1.818921,0.05581,1.874731,0.13159,0.233125,
7,1965,1,0,0.001787,0.138555,0.00236,0.140915,0.020813,0.031918,
7,1966,2,0,0.026456,0.744469,0.027636,0.772105,0.107541,0.196539,
7,1967,3,0,0.028734,1.933329,0.023351,1.95668,0.090006,0.153941,
7,1968,4,0,0.046952,2.349375,0.021925,2.3713,0.181912,0.31288,
7,1969,1,0,0.004126,0.369954,0.015839,0.385793,0.025519,0.042662,
7,1970,2,0,0.016775,0.630046,0.001084,0.63113,0.050923,0.095882,
7,1971,3,0,0.058786,0.740253,0,0.740253,0.097365,0.153756,
7,1972,4,0,0.042709,1.947465,0.034424,1.981889,0.332353,0.555361,
7,1973,1,0,0.008835,0.200775,0.006807,0.207582,0.030231,0.054489,
7,1974,2,0,0.026487,0.641497,0.004312,0.645809,0.071127,0.106658,
7,1975,3,0,0.022821,1.389008,0.007375,1.396383,0.133782,0.216337,
7,1976,4,0,0.008457,1.650944,0.025168,1.676112,0.228326,0.378066,
7,1977,1,0,0.003346,0.190527,0.002743,0.19327,0.020385,0.035086,
7,1978,2,0,0.008616,1.169034,0.077743,1.246777,0.08557,0.146147,
7,1979,3,0,0.009358,1.615466,0.072206,1.687672,0.14792,0.227928,
7,1980,4,0,0.012504,3.920494,0.473961,4.394455,0.293234,0.462572,
7,1981,1,0,0.001722,0.180656,0.004547,0.185203,0.020164,0.032362,
7,1982,2,0,0.052424,1.355953,0.131741,1.487694,0.142515,0.241916,
7,1983,3,0,0.045476,1.71733,0.036418,1.753748,0.213715,0.362093,
7,1984,4,0,0.011108,0.500714,0.00289,0.503604,0.283152,0.560392,
7,1985,1,0,0.00097,0.366037,0.1844,0.550437,0.034979,0.071274,
7,1986,2,0,0.047835,4.413216,0.279555,4.692771,0.165504,0.276193,
7,1987,3,0,0.011552,4.032356,0.316979,4.349335,0.268111,0.401728,
7,1988,4,0,0.002697,2.979547,0.157913,3.13746,0.206206,0.356008,
7,1989,1,0,0.011841,3.015024,0.086942,3.101966,0.042811,0.062246,
7,1990,2,0,0.013262,2.412516,0.178745,2.591261,0.497991,0.807859,
7,1991,3,0,0.004495,1.126703,0.128342,1.255045,0.597537,1.004286,
7,1992,4,0,0.003754,1.773513,0.078754,1.852267,0.319959,0.510065,
7,1993,1,0,0.018173,3.380892,0.548667,3.929559,0.322298,0.551475,
7,1994,2,0,0.010606,1.331935,0.072717,1.404652,0.253976,0.436491,
7,1995,3,0,0.002778,1.045307,0.179013,1.22432,0.298027,0.507915,
7,1996,4,0,0.000359,1.175834,0.159331,1.335165,0.504469,0.923575,
7,1997,1,0,0.000222,0.663879,0.204615,0.868494,0.509298,0.901643,
7,1998,2,0,0.001084,0.423716,0.073801,0.497517,0.467624,0.803336,
7,1999,3,0,0.002228,1.44998,0.109275,1.559255,0.432565,0.857098,
7,2000,4,0,0.003918,0.42496,0.027152,0.452112,0.395559,0.731788,
7,2001,1,0,0.000176,1.001606,0.089122,1.090728,0.331244,0.657006,
7,2002,2,0,0.004514,1.119367,0.106118,1.225485,0.21505,0.381791,
7,2003,3,0,0.000557,0.321849,0.029357,0.351206,0.334896,0.606449,
7,2004,4,0,0.000854,0.388845,0.033231,0.422076,0.049193,0.090263,
7,2005,1,0,0.00072,0.262014,0.038008,0.300022,0.285065,0.535467,
7,2006,2,0,0.004235,4.459629,0.339678,4.799307,0.261918,0.456669,
7,2007,3,0,0.002369,1.057343,0.015921,1.073264,0.156518,0.299216,
7,2008,4,0,0.00183,0.466387,0.044652,0.511039,0.068731,0.131447,
7,2009,1,0,0.001081,1.621556,0.173906,1.795462,0.127367,0.212488,
7,2010,2,0,0.036812,2.478167,0.081996,2.560163,1.18154,2.124215,
7,2011,3,0,0.002174,0.816864,NA,NA,0.457653,0.747985,
7,2012,4,0,0.001941,NA,NA,NA,0.090758,0.164071,
7,2013,1,NA,NA,NA,NA,NA,0.624495,1.183946,
7,2014,2,NA,NA,NA,NA,NA,0.665987,1.020713,
7,2015,3,NA,NA,NA,NA,NA,0.42901,0.65358,
8,1948,4,0,0,0.029658,0,0.029658,0.00128,0.003889,
8,1949,1,0,0.000733,0.025617,0,0.025617,0.003476,0.010701,
8,1950,2,0,0.000909,0.161081,0,0.161081,0.004697,0.010277,
8,1951,3,0,0.000125,0.067964,0.000731,0.068695,0.011504,0.022757,
8,1952,4,0,0.000093,0.011156,0,0.011156,0.00278,0.005449,
8,1953,1,0,0.00015,0.04487,0,0.04487,0.002907,0.00535,
8,1954,2,0,0.023882,0.428958,0.003444,0.432402,0.012463,0.023428,
8,1955,3,0,0.000372,0.308775,0.00055,0.309325,0.005178,0.008774,
8,1956,4,0,0.000026,0.010971,0.001766,0.012737,0.001102,0.002443,
8,1957,1,0,0.000262,0.011959,0,0.011959,0.007106,0.010175,
8,1958,2,0,0.006184,0.188824,0.00051,0.189334,0.044285,0.077666,
8,1959,3,0,0.000409,0.175192,0.000368,0.17556,0.025473,0.051649,
8,1960,4,0,0.000051,0.008697,0,0.008697,0.001862,0.002901,
8,1961,1,0,0.000055,0.025649,0,0.025649,0.001957,0.003328,
8,1962,2,0,0.002939,0.169778,0.000572,0.17035,0.027411,0.047675,
8,1963,3,0,0.000147,0.112265,0.001674,0.113939,0.026742,0.049943,
8,1964,4,0,0,0.017994,0.000504,0.018498,0.001321,0.002712,
8,1965,1,0,0.000183,0.034707,0,0.034707,0.00255,0.00565,
8,1966,2,0,0.000658,0.139745,0.001425,0.14117,0.012943,0.025886,
8,1967,3,0,0.000066,0.216733,0.002954,0.219687,0.007264,0.012505,
8,1968,4,0,0,0.021963,0.000145,0.022108,0.002064,0.003698,
8,1969,1,0,0.000258,0.014617,0,0.014617,0.003276,0.00653,
8,1970,2,0,0.00047,0.223705,0,0.223705,0.003603,0.008189,
8,1971,3,0,0.001341,0.132035,0.001934,0.133969,0.009463,0.017335,
8,1972,4,0,0.00032,0.056465,0,0.056465,0.001418,0.002752,
8,1973,1,0,0.000419,0.024381,0,0.024381,0.00115,0.002669,
8,1974,2,0,0.001353,0.247377,0,0.247377,0.025096,0.042825,
8,1975,3,0,0.001665,0.175012,0.004007,0.179019,0.015756,0.034208,
8,1976,4,0,0.000038,0.018193,0.000191,0.018384,0.004898,0.008271,
8,1977,1,0,0.000135,0.053835,0.001444,0.055279,0.002883,0.005463,
8,1978,2,0,0.00073,0.256211,0.004984,0.261195,0.030757,0.062613,
8,1979,3,0,0.000085,0.092992,0.042223,0.135215,0.024866,0.048133,
8,1980,4,0,0.00001,0.045127,0.007711,0.052838,0.004616,0.008027,
8,1981,1,0,0,0.026268,0,0.026268,0.005354,0.01121,
8,1982,2,0,0.002737,0.492244,0.013474,0.505718,0.027219,0.062656,
8,1983,3,0,0.003003,0.261161,0.007562,0.268723,0.014014,0.029515,
8,1984,4,0,0.000174,0.035743,0.0001,0.035843,0.009148,0.017172,
8,1985,1,0,0.000332,0.032018,0.011226,0.043244,0.002684,0.00562,
8,1986,2,0,0.001132,0.811714,0.011322,0.823036,0.057017,0.124614,
8,1987,3,0,0.000314,0.416101,0.025805,0.441906,0.04108,0.079676,
8,1988,4,0,0,0.009027,0.001816,0.010843,0.007989,0.01647,
8,1989,1,0,0.000068,0.018809,0,0.018809,0.002864,0.005507,
8,1990,2,0,0.000136,0.272278,0.006413,0.278691,0.108234,0.2694,
8,1991,3,0,0,0.08431,0.011139,0.095449,0.060797,0.126869,
8,1992,4,0,0,0.015128,0.002778,0.017906,0.003586,0.005742,
8,1993,1,0,0,0.006251,0.002465,0.008716,0.00495,0.010119,
8,1994,2,0,0,0.169885,0.002662,0.172547,0.019152,0.063419,
8,1995,3,0,0.000017,0.064323,0.0017,0.066023,0.023901,0.047979,
8,1996,4,0,0,0.032991,0.006479,0.03947,0.00959,0.020569,
8,1997,1,0,0,0.001944,0,0.001944,0.000836,0.001909,
8,1998,2,0,0.000182,0.210538,0.003684,0.214222,0.014548,0.032769,
8,1999,3,0,0.000032,0.105903,0.027996,0.133899,0.010072,0.018379,
8,2000,4,0,0,0.058537,0.001026,0.059563,0.01186,0.025164,
8,2001,1,0,0,0.014842,0.0042,0.019042,0.003743,0.006582,
8,2002,2,0,0.000851,0.497726,0.009077,0.506803,0.055465,0.112727,
8,2003,3,0,0,0.011206,0.00087,0.012076,0.018483,0.031286,
8,2004,4,0,0,0.006671,0.000247,0.006918,0.000762,0.001311,
8,2005,1,0,0,0.00782,0,0.00782,0.002326,0.00359,
8,2006,2,0,0.000551,1.070611,0.02213,1.092741,0.057783,0.100612,
8,2007,3,0,0,0.018076,0.000216,0.018292,0.005905,0.009777,
8,2008,4,0,0,0.002164,0.000181,0.002345,0.000311,0.000601,
8,2009,1,0,0.000002,0.043282,0.003714,0.046996,0.003093,0.005134,
8,2010,2,0,0.000827,0.290967,0.003627,0.294594,0.287496,0.501183,
8,2011,3,0,0.000011,0.014177,NA,NA,0.007994,0.013101,
8,2012,4,0,0,NA,NA,NA,0.000264,0.000464,
8,2013,1,NA,NA,NA,NA,NA,0.013883,0.021809,
8,2014,2,NA,NA,NA,NA,NA,0.057414,0.105619,
8,2015,3,NA,NA,NA,NA,NA,0.00396,0.00772,
9,1948,4,0,0,0.022876,0.005454,0.02833,0.008502,0.010356,
9,1949,1,0,0.005415,0.021384,0,0.021384,0.002011,0.003175,
9,1950,2,0,0.594356,9.303676,0.012645,9.316321,0.583072,1.203508,
9,1951,3,0,0.00729,0.519779,0.002251,0.52203,0.082094,0.137595,
9,1952,4,0,0.001481,0.01432,0.002131,0.016451,0.004211,0.007101,
9,1953,1,0,0.001456,0.029571,0,0.029571,0.001623,0.003273,
9,1954,2,0,0.71472,15.095741,0.01206,15.107801,1.06764,1.814358,
9,1955,3,0,0.011116,0.853267,0.000609,0.853876,0.044634,0.063313,
9,1956,4,0,0.000555,0.006961,0.000458,0.007419,0.002103,0.003173,
9,1957,1,0,0.000016,0.002206,0,0.002206,0.001651,0.002605,
9,1958,2,0,0.123575,2.076776,0.004097,2.080873,1.128898,2.229811,
9,1959,3,0,0.007679,0.374501,0.000106,0.374607,0.08927,0.134516,
9,1960,4,0,0.000201,0.002333,0,0.002333,0.001322,0.00185,
9,1961,1,0,0.000204,0.006996,0,0.006996,0.000854,0.001094,
9,1962,2,0,0.090241,2.74025,0.010891,2.751141,0.652104,1.120186,
9,1963,3,0,0.078928,3.047429,0.003663,3.051092,0.080246,0.157158,
9,1964,4,0,0.002346,0.017103,0.000177,0.01728,0.000345,0.000601,
9,1965,1,0,0.000496,0.024312,0,0.024312,0.001332,0.002058,
9,1966,2,0,0.096198,3.914887,0.022138,3.937025,0.661765,1.1971,
9,1967,3,0,0.065955,3.108302,0.008076,3.116378,0.402434,0.73764,
9,1968,4,0,0.000222,0.020709,0.000074,0.020783,0.002713,0.003477,
9,1969,1,0,0.001625,0.027967,0,0.027967,0.003166,0.005749,
9,1970,2,0,0.173639,5.373956,0.002667,5.376623,0.787577,1.406785,
9,1971,3,0,0.021467,0.680311,0.000128,0.680439,0.159119,0.28889,
9,1972,4,0,0.004098,0.038342,0.002065,0.040407,0.002155,0.004184,
9,1973,1,0,0.003817,0.064051,0,0.064051,0.002467,0.00378,
9,1974,2,0,0.14521,6.888446,0.00975,6.898196,0.619143,1.088787,
9,1975,3,0,0.003181,1.022005,0.001078,1.023083,0.08554,0.163005,
9,1976,4,0,0.000578,0.013049,0,0.013049,0.003072,0.00478,
9,1977,1,0,0.00062,0.093025,0,0.093025,0.006027,0.01236,
9,1978,2,0,0.119355,9.358872,0.115757,9.474629,1.014791,1.887349,
9,1979,3,0,0.007343,1.475536,0.015681,1.491217,0.162068,0.293155,
9,1980,4,0,0.001513,0.02135,0.000444,0.021794,0.001817,0.0025,
9,1981,1,0,0.000004,0.009466,0,0.009466,0.00595,0.010204,
9,1982,2,0,0.079877,9.206624,0.105481,9.312105,1.568612,3.010136,
9,1983,3,0,0.017088,1.94757,0.016259,1.963829,0.100257,0.21068,
9,1984,4,0,0.000103,0.032672,0.000399,0.033071,0.002403,0.004335,
9,1985,1,0,0.000061,0.004319,0,0.004319,0.000813,0.001484,
9,1986,2,0,0.067599,10.620066,0.1944,10.814466,1.068368,2.317568,
9,1987,3,0,0.008518,3.84021,0.055204,3.895414,0.319714,0.607337,
9,1988,4,0,0.000001,0.006611,0.001608,0.008219,0.003556,0.005007,
9,1989,1,0,0.000277,0.012858,0,0.012858,0.000385,0.00057,
9,1990,2,0,0.019675,7.602634,0.125559,7.728193,1.74553,3.675003,
9,1991,3,0,0.00077,0.845854,0.019352,0.865206,0.615987,1.24299,
9,1992,4,0,0,0.011466,0.008443,0.019909,0.00664,0.012716,
9,1993,1,0,0.000023,0.015343,0,0.015343,0.000753,0.001313,
9,1994,2,0,0.000634,2.589723,0.017569,2.607292,0.664678,1.362408,
9,1995,3,0,0.000475,0.750905,0.020211,0.771116,0.210742,0.411572,
9,1996,4,0,0,0.03174,0.029362,0.061102,0.005493,0.011392,
9,1997,1,0,0,0.033707,0.000722,0.034429,0.000597,0.000985,
9,1998,2,0,0.020892,7.141837,0.020407,7.162244,0.680552,1.322371,
9,1999,3,0,0.000111,0.67751,0.021292,0.698802,0.138275,0.256987,
9,2000,4,0,0,0.001388,0,0.001388,0.000164,0.00046,
9,2001,1,0,0.000088,0.006455,0.001243,0.007698,0.002138,0.003921,
9,2002,2,0,0.042234,7.387191,0.053848,7.441039,2.844548,5.340236,
9,2003,3,0,0.000012,0.120226,0.012198,0.132424,0.189695,0.364114,
9,2004,4,0,0,0,0.001935,0.001935,0.002234,0.002994,
9,2005,1,0,0,0.032714,0,0.032714,0.011793,0.020855,
9,2006,2,0,0.04547,17.33414011,0.159427,17.49356711,1.170689,2.222933,
9,2007,3,0,0.000058,0.208354,0.002005,0.210359,0.032296,0.056881,
9,2008,4,0,0,0,0.009168,0.009168,0.000083,0.000164,
9,2009,1,0,0,0.378538,0,0.378538,0.020208,0.031916,
9,2010,2,0,0.041206,8.549219,0.02459,8.573809,3.073257,5.52863,
9,2011,3,0,0.000089,0.044934,NA,NA,0.046028,0.090842,
9,2012,4,0,0,NA,NA,NA,0.000006,0.000012,
9,2013,1,NA,NA,NA,NA,NA,0.087946,0.148777,
9,2014,2,NA,NA,NA,NA,NA,1.053494,2.112414,
9,2015,3,NA,NA,NA,NA,NA,0.0031787,0.0063758,
10,1948,4,0,0,0.179637,0.012353,0.19199,0.054755,0.077394,
10,1949,1,0,0.044548,0.228462,0.008696,0.237158,0.043328,0.068459,
10,1950,2,0,0.013166,0.183919,0.03083,0.214749,0.04137,0.059929,
10,1951,3,0,0.031161,0.107397,0.066404,0.173801,0.013589,0.020017,
10,1952,4,0,0.014902,0.180787,0.033154,0.213941,0.024744,0.040587,
10,1953,1,0,0.008205,0.102206,0.016671,0.118877,0.016287,0.029553,
10,1954,2,0,0.012671,0.128222,0.017949,0.146171,0.008635,0.01618,
10,1955,3,0,0.0351,0.22116,0.007193,0.228353,0.008185,0.013836,
10,1956,4,0,0.0205,0.209127,0.042071,0.251198,0.027156,0.043689,
10,1957,1,0,0.003587,0.037495,0.00534,0.042835,0.007068,0.013708,
10,1958,2,0,0.021115,0.074626,0.011443,0.086069,0.00551,0.013619,
10,1959,3,0,0.026205,0.188393,0.036763,0.225156,0.011388,0.023488,
10,1960,4,0,0.028566,0.119526,0.010607,0.130133,0.019198,0.032952,
10,1961,1,0,0.021891,0.067104,0.017364,0.084468,0.01055,0.020431,
10,1962,2,0,0.021342,0.066117,0.008304,0.074421,0.014311,0.023516,
10,1963,3,0,0.095525,0.281641,0.048565,0.330206,0.020769,0.03227,
10,1964,4,0,0.039236,0.225898,0.085137,0.311035,0.027978,0.047783,
10,1965,1,0,0.030602,0.109033,0.01477,0.123803,0.009769,0.014897,
10,1966,2,0,0.056603,0.155016,0.061319,0.216335,0.013462,0.018616,
10,1967,3,0,0.054257,0.365358,0.045896,0.411254,0.01758,0.030749,
10,1968,4,0,0.021213,0.218223,0.035366,0.253589,0.031042,0.043924,
10,1969,1,0,0.073972,0.451184,0.239195,0.690379,0.014324,0.023528,
10,1970,2,0,0.119108,0.531214,0.030799,0.562013,0.019252,0.028362,
10,1971,3,0,0.062316,0.245897,0.046347,0.292244,0.016143,0.023669,
10,1972,4,0,0.042841,0.424942,0.046655,0.471597,0.026202,0.04841,
10,1973,1,0,0.044117,0.140353,0.024973,0.165326,0.028374,0.052342,
10,1974,2,0,0.054695,0.424633,0.207538,0.632171,0.085495,0.115688,
10,1975,3,0,0.009335,0.080976,0.018616,0.099592,0.019653,0.033027,
10,1976,4,0,0.029279,0.479356,0.084392,0.563748,0.050023,0.075318,
10,1977,1,0,0.01558,0.28702,0.098126,0.385146,0.012799,0.021515,
10,1978,2,0,0.042233,0.493542,0.117215,0.610757,0.048158,0.094308,
10,1979,3,0,0.013881,0.273583,0.121177,0.39476,0.035168,0.054609,
10,1980,4,0,0.010131,0.115564,0.036212,0.151776,0.032786,0.059109,
10,1981,1,0,0.00455,0.105179,0.15643,0.261609,0.027175,0.046831,
10,1982,2,0,0.048333,1.471487,0.281339,1.752826,0.072353,0.118049,
10,1983,3,0,0.015268,0.625519,0.149561,0.77508,0.021069,0.038858,
10,1984,4,0,0.005918,0.347631,0.086729,0.43436,0.023226,0.038384,
10,1985,1,0,0.012226,0.123208,0.093098,0.216306,0.005757,0.01131,
10,1986,2,0,0.024019,0.869228,0.315301,1.184529,0.197841,0.331644,
10,1987,3,0,0.005671,0.6983,0.279598,0.977898,0.089492,0.157636,
10,1988,4,0,0.029507,0.200724,0.664723,0.865447,0.075537,0.141072,
10,1989,1,0,0.036435,0.935181,0.173958,1.109139,0.01569,0.028932,
10,1990,2,0,0.010179,0.200407,0.024968,0.225375,0.097108,0.166148,
10,1991,3,0,0.000244,0.05527,0.061746,0.117016,0.152077,0.288623,
10,1992,4,0,0.003522,0.047661,0.046563,0.094224,0.093445,0.183942,
10,1993,1,0,0.008716,0.180208,0.380162,0.56037,0.151089,0.244257,
10,1994,2,0,0.001028,0.021899,0.040686,0.062585,0.022315,0.039155,
10,1995,3,0,0.000486,0.141021,0.028997,0.170018,0.018407,0.036635,
10,1996,4,0,0.000723,0.034094,0.041519,0.075613,0.027824,0.051506,
10,1997,1,0,0,0.018165,0.0102,0.028365,0.023274,0.047569,
10,1998,2,0,0.000277,0.213323,0.403021,0.616344,0.172997,0.282019,
10,1999,3,0,0,0.047311,0.036027,0.083338,0.02622,0.047445,
10,2000,4,0,0.000652,0.06371,0.037603,0.101313,0.008333,0.012922,
10,2001,1,0,0.000056,0.110415,0.081203,0.191618,0.028361,0.043409,
10,2002,2,0,0.000898,0.502582,0.129934,0.632516,0.107481,0.214962,Sue needs to follow up with Keri
10,2003,3,0,0.00008,0.006064,0.00701,0.013074,0.152657,0.306759,
10,2004,4,0,0.000047,0.046487,0.029866,0.076353,0.017516,0.037323,Sue needs to follow up with Keri
10,2005,1,0,0.000361,0.033023,0.05128,0.084303,0.027117,0.053371,
10,2006,2,0,0.000179,0.257768,0.178227,0.435995,0.137365,0.263476,
10,2007,3,0,0.00018,0.188794,0.054063,0.242857,0.05429,0.089161,
10,2008,4,0,0.001015,0.046215,0.022852,0.069067,0.006788,0.012935,
10,2009,1,0,0.000207,0.066739,0.065974,0.132713,0.034475,0.053908,
10,2010,2,0,0.000018,0.026131,0.005849,0.03198,0.067762,0.126009,
10,2011,3,0,0.000211,0.057576,NA,NA,0.09242,0.169371,
10,2012,4,0,0.000076,NA,NA,NA,0.002505,0.006064,
10,2013,1,NA,NA,NA,NA,NA,0.046794,0.077219,
10,2014,2,NA,NA,NA,NA,NA,0.01961,0.033298,
10,2015,3,NA,NA,NA,NA,NA,0.026687,0.0439925,
11,1948,4,0,0,0.03782,0.001256,0.039076,NA,NA,
11,1949,1,0,0.001662,0.037489,0,0.037489,NA,NA,
11,1950,2,0,0.003623,0.101664,0,0.101664,NA,NA,
11,1951,3,0,0.003498,0.166043,0.004527,0.17057,NA,NA,
11,1952,4,0,0.000159,0.032999,0.011266,0.044265,NA,NA,
11,1953,1,0,0.000497,0.062317,0.000855,0.063172,NA,NA,
11,1954,2,0,0.001631,0.061631,0.001933,0.063564,NA,NA,
11,1955,3,0,0.00161,0.27449,0.001184,0.275674,NA,NA,
11,1956,4,0,0.001273,0.035165,0.001067,0.036232,NA,NA,
11,1957,1,0,0.000095,0.026724,0.001264,0.027988,NA,NA,
11,1958,2,0,0.003547,0.046269,0.001097,0.047366,NA,NA,
11,1959,3,0,0.000114,0.050631,0.001449,0.05208,NA,NA,
11,1960,4,0,0.000483,0.022606,0.000414,0.02302,NA,NA,
11,1961,1,0,0.000194,0.005954,0,0.005954,NA,NA,
11,1962,2,0,0.000524,0.035483,0,0.035483,NA,NA,
11,1963,3,0,0.003825,0.131466,0.003157,0.134623,NA,NA,
11,1964,4,0,0.001357,0.067696,0.00155,0.069246,NA,NA,
11,1965,1,0,0.00138,0.019606,0,0.019606,NA,NA,
11,1966,2,0,0.004551,0.040079,0.000435,0.040514,NA,NA,
11,1967,3,0,0.007716,0.096671,0.006114,0.102785,NA,NA,
11,1968,4,0,0.000036,0.042418,0,0.042418,NA,NA,
11,1969,1,0,0.001446,0.005031,0,0.005031,NA,NA,
11,1970,2,0,0.00091,0.044797,0.00015,0.044947,NA,NA,
11,1971,3,0,0.002673,0.047715,0.000313,0.048028,NA,NA,
11,1972,4,0,0.000337,0.03002,0.000003,0.030023,NA,NA,
11,1973,1,0,0.000044,0.00048,0.000189,0.000669,NA,NA,
11,1974,2,0,0.000636,0.027251,0.002406,0.029657,NA,NA,
11,1975,3,0,0.006742,0.12224,0.000267,0.122507,NA,NA,
11,1976,4,0,0.000014,0.006109,0,0.006109,NA,NA,
11,1977,1,0,0.000114,0.001457,0,0.001457,NA,NA,
11,1978,2,0,0.004837,0.069111,0,0.069111,NA,NA,
11,1979,3,0,0.001662,0.106617,0.001627,0.108244,NA,NA,
11,1980,4,0,0.000186,0.004639,0,0.004639,NA,NA,
11,1981,1,0,0.000579,0.000965,0,0.000965,NA,NA,
11,1982,2,0,0.000883,0.012419,0.005529,0.017948,NA,NA,
11,1983,3,0,0.000423,0.095192,0.000711,0.095903,NA,NA,
11,1984,4,0,0.000215,0.009074,0.000032,0.009106,NA,NA,
11,1985,1,0,0.000329,0.00198,0.000122,0.002102,NA,NA,
11,1986,2,0,0.00021,0.010278,0,0.010278,NA,NA,
11,1987,3,0,0.000019,0.064919,0.000917,0.065836,NA,NA,
11,1988,4,0,0.000099,0.006584,0.001142,0.007726,NA,NA,
11,1989,1,0,0.000004,0.009729,0.001012,0.010741,NA,NA,
11,1990,2,0,0.000236,0.022231,0.002336,0.024567,NA,NA,
11,1991,3,0,0.000023,0.016737,0.000618,0.017355,NA,NA,
11,1992,4,0,0.000071,0.001813,0,0.001813,NA,NA,
11,1993,1,0,0.000011,0.000934,0,0.000934,NA,NA,
11,1994,2,0,0.000007,0.002299,0.000142,0.002441,NA,NA,
11,1995,3,0,0.00024,0.014024,0.000512,0.014536,NA,NA,
11,1996,4,0,0.000012,0.001503,0,0.001503,NA,NA,
11,1997,1,0,0,0.000699,0.000018,0.000717,NA,NA,
11,1998,2,0,0.00016,0.005947,0.000078,0.006025,NA,NA,
11,1999,3,0,0.000009,0.002807,0.000036,0.002843,NA,NA,
11,2000,4,0,0.000001,0.000072,0.000008,0.00008,NA,NA,
11,2001,1,0,0,0.000212,0,0.000212,NA,NA,
11,2002,2,0,0.000182,0.005003,0.000107,0.00511,NA,NA,
11,2003,3,0,0.000012,0.000716,0,0.000716,NA,NA,
11,2004,4,0,0.000111,0.001172,3.50E-05,0.001207,NA,NA,
11,2005,1,0,0.00002,0.000906,0,0.000906,NA,NA,
11,2006,2,0,0.000834,0.020227,0.000245,0.020472,NA,NA,
11,2007,3,0,0.000643,0.012193,0.00022,0.012413,NA,NA,
11,2008,4,0,0.000272,0.001873,0.000063,0.001936,NA,NA,
11,2009,1,0,0.000073,0.002514,0.000125,0.002639,NA,NA,
11,2010,2,0,0.001248,0.015992,0.000114,0.016106,NA,NA,
11,2011,3,0,0.000033,0.001313,NA,NA,NA,NA,
11,2012,4,0,0.000115,NA,NA,NA,NA,NA,
11,2013,1,NA,NA,NA,NA,NA,NA,NA,
11,2014,2,NA,NA,NA,NA,NA,NA,NA,
11,2015,3,NA,NA,NA,NA,NA,NA,NA,
12,1965,1,0,0.000155,0.003308,0,0.003308,0.000589,0.000981,
12,1966,2,0,0.000332,0.030704,0.000303,0.031007,0.015201,0.02970355,
12,1967,3,0,0.000167,0.004005,0.000114,0.004119,0.001983,0.003855833,
12,1968,4,0,0,0.001046,0,0.001046,0.00005,8.27E-05,
12,1969,1,0,0.003839,0.030743,0,0.030743,0.000491,0.000945666,
12,1970,2,0,0.001317,0.056751,0,0.056751,0.002139,0.003828256,
12,1971,3,0,0.00205,0.015812,0,0.015812,0.000155,0.000281,
12,1972,4,0,0.002127,0.013156,0,0.013156,0.000098,0.00019,
12,1973,1,0,0.010591,0.080696,0,0.080696,0.001688,0.002834553,
12,1974,2,0,0.001645,0.040703,0.000263,0.040966,0.004843,0.008263424,
12,1975,3,0,0.00081,0.014691,0.000235,0.014926,0.001631,0.003080562,
12,1976,4,0,0.000118,0.007097,0,0.007097,0.000753,0.001011116,
12,1977,1,0,0.000768,0.03806,0.001161,0.039221,0.003923,0.007304632,
12,1978,2,0,0.001315,0.099561,0.004769,0.10433,0.003963,0.009448701,
12,1979,3,0,0.000233,0.051559,0.000597,0.052156,0.002023,0.003552173,
12,1980,4,0,0.000675,0.011292,0.000184,0.011476,0.000996,0.0017611,
12,1981,1,0,0.000154,0.015829,0.000676,0.016505,0.002951,0.005765133,
12,1982,2,0,0.001276,0.198075,0.011246,0.209321,0.011734,0.023148899,
12,1983,3,0,0.000432,0.036858,0,0.036858,0.004909,0.007684385,
12,1984,4,0,0.000517,0.024388,0.025188,0.049576,0.000941,0.001702762,
12,1985,1,0,0.001174,0.023668,0.000329,0.023997,0.00096,0.001679286,
12,1986,2,0,0.000255,0.067751,0.003588,0.071339,0.006213,0.013806559,
12,1987,3,0,0.000292,0.060858,0.001015,0.061873,0.003766,0.006728876,
12,1988,4,0,0.000394,0.015654,0.00504,0.020694,0.000784,0.00105,
12,1989,1,0,0.000178,0.185837,0.009777,0.195614,0.005067,0.00781517,
12,1990,2,0,0,0.050136,0.000834,0.05097,0.008415,0.018029614,
12,1991,3,0,0,0.015705,0.000124,0.015829,0.007292,0.011885122,
12,1992,4,0,0.001049,0.013925,0.002162,0.016087,0.001378,0.002704038,
12,1993,1,0,0.000007,0.169441,0.004361,0.173802,0.009829,0.01976,
12,1994,2,0,0.000023,0.124712,0.002935,0.127647,0.00389,0.009015075,
12,1995,3,0,0.000043,0.037059,0.000918,0.037977,0.004319,0.007289354,
12,1996,4,0,0.000234,0.08337,0.001817,0.085187,0.001759,0.002968096,
12,1997,1,0,0,0.040148,0.001033,0.041181,0.005056,0.008798449,
12,1998,2,0,0.000009,0.017568,0.00011,0.017678,0.011873,0.02278758,
12,1999,3,0,0.000012,0.008262,0.000689,0.008951,0.002079,0.00415005,
12,2000,4,0,0.000086,0.012743,0,0.012743,0.000671,0.001182638,
12,2001,1,0,0.000025,0.018585,0,0.018585,0.001851,0.002845608,
12,2002,2,0,0.000008,0.048183,0,0.048183,0.008001,0.014871219,
12,2003,3,0,0,0.004835,0,0.004835,0.003179,0.004922966,
12,2004,4,0,0,0.005627,6.10E-05,0.005688,0.000778,0.001287,
12,2005,1,0,0,0.00252,0,0.00252,0.008261,0.011991998,
12,2006,2,0,0.00005,0.171209,0.001232,0.172441,0.010971,0.017720652,
12,2007,3,0,0,0.00266,0.00016,0.00282,0.000849,0.001699,
12,2008,4,0,0,0.00016,0.000205,0.000365,0.000063,0.000083,
12,2009,1,0,0,0.011966,0,0.011966,0.000792,0.001544792,
12,2010,2,0,0.000182,0.088726,0.000154,0.08888,0.026687,0.047723421,
12,2011,3,0,0,0.000106,NA,NA,0.00033,0.000879474,
12,2012,4,0,0,NA,NA,NA,0.000013,0.000025,
12,2013,1,NA,NA,NA,NA,NA,0.004181,0.006952834,
12,2014,2,NA,NA,NA,NA,NA,0.012327,0.021581227,
12,2015,3,NA,NA,NA,NA,NA,0.000017,0.000034,
13,1966,2,0,0.00066,0.073515,0.001939,0.075454,0.00986,0.018955,
13,1967,3,0,0.001764,0.077288,0.008421,0.085709,0.010618,0.020051,
13,1968,4,0,0.002976,0.141825,0.010577,0.152402,0.002202,0.003606,
13,1969,1,0,0.003031,0.371636,0.038246,0.409882,0.030604,0.056211,
13,1970,2,0,0.007393,0.371993,0.004653,0.376646,0.005003,0.00994,
13,1971,3,0,0.010694,0.139598,0.002345,0.141943,0.002656,0.004916,
13,1972,4,0,0.007439,0.331589,0.011114,0.342703,0.015026,0.02542,
13,1973,1,0,0.004227,0.257812,0.011669,0.269481,0.024885,0.046951,
13,1974,2,0,0.005905,0.252878,0.026097,0.278975,0.028099,0.04864,
13,1975,3,0,0.002922,0.165459,0.001479,0.166938,0.016033,0.027741,
13,1976,4,0,0.009408,0.271322,0.023704,0.295026,0.028243,0.047956,
13,1977,1,0,0.002995,0.217049,0.015719,0.232768,0.02851,0.04733,
13,1978,2,0,0.010226,1.184905,0.170418,1.355323,0.042315,0.073948,
13,1979,3,0,0.001244,0.128249,0.011535,0.139784,0.025702,0.044076,
13,1980,4,0,0.003167,0.331805,0.029742,0.361547,0.043286,0.071771,
13,1981,1,0,0.002908,0.206879,0.060505,0.267384,0.022627,0.040667,
13,1982,2,0,0.009112,1.275213,0.22167,1.496883,0.11503,0.24814,
13,1983,3,0,0.002374,0.219473,0.018144,0.237617,0.02738,0.037911,
13,1984,4,0,0.007491,0.575398,0.051913,0.627311,0.030434,0.057406,
13,1985,1,0,0.001101,0.048781,0.019418,0.068199,0.022773,0.035583,
13,1986,2,0,0.000045,0.039242,0.003417,0.042659,0.041837,0.092163,
13,1987,3,0,0.000798,0.192151,0.027769,0.21992,0.030105,0.056484,
13,1988,4,0,0.003179,0.334751,0.175848,0.510599,0.027428,0.047265,
13,1989,1,0,0.002243,0.684087,0.070074,0.754161,0.010365,0.016372,
13,1990,2,0,0.005895,0.60089,0.027875,0.628765,0.00853,0.016126,
13,1991,3,0,0.00007,0.048888,0.016397,0.065285,0.018489,0.037175,
13,1992,4,0,0.000684,0.6241,0.128433,0.752533,0.02848,0.05451,
13,1993,1,0,0.000449,0.38102,0.119185,0.500205,0.034018,0.078144,
13,1994,2,0,0.000057,0.646785,0.06909,0.715875,0.030208,0.05453,
13,1995,3,0,0.000114,0.170376,0.095953,0.266329,0.010904,0.02167,
13,1996,4,0,0.000227,0.350965,0.032221,0.383186,0.026848,0.04675,
13,1997,1,0,0.00001,0.192696,0.023291,0.215987,0.010724,0.020965,
13,1998,2,0,0.000176,0.500753,0.065956,0.566709,0.029811,0.052905,
13,1999,3,0,0.000018,0.182595,0.064316,0.246911,0.013106,0.024323,
13,2000,4,0,0.000389,0.104221,0.009522,0.113743,0.002732,0.005058,
13,2001,1,0,0.00005,0.145865,0.050168,0.196033,0.008035,0.013907,
13,2002,2,0,0.000321,0.227687,0.014822,0.242509,0.036269,0.076688,
13,2003,3,0,0.000023,0.127468,0.061308,0.188776,0.024683,0.043594,
13,2004,4,0,0.000092,0.055327,0.055643,0.11097,0.013968,0.024376,
13,2005,1,0,0.000057,0.060582,0.004453,0.065035,0.023597,0.042117,
13,2006,2,0,0.000417,0.223929,0.021721,0.24565,0.013618,0.025283,
13,2007,3,0,0.001366,0.317317,0.014163,0.33148,0.015825,0.030678,
13,2008,4,0,0,0.016273,0.046779,0.063052,0.000617,0.001162,
13,2009,1,0,0.000006,0.203872,0.02644,0.230312,0.012871,0.024121,
13,2010,2,0,0.00054,0.117961,0.009035,0.126996,0.025328,0.045575,
13,2011,3,0,0,0.000442,NA,NA,0.024535,0.050105,
13,2012,4,0,0.000018,NA,NA,NA,0.000397,0.000657,
13,2013,1,NA,NA,NA,NA,NA,0.015535,0.02944,
13,2014,2,NA,NA,NA,NA,NA,0.010446,0.020878,
13,2015,3,NA,NA,NA,NA,NA,0.001133,0.001959186,
14,1967,3,0,0,0.015201,0,0.015201,0.000294,0.000588,
14,1968,4,0,0.000014,0.014846,0.000169,0.015015,0.000577,0.000759,
14,1969,1,0,0,0.000881,0,0.000881,0.000022,0.000044,
14,1970,2,0,0,0.00074,0,0.00074,0.000005,0.000009,
14,1971,3,0,0.000263,0.015407,0.000819,0.016226,0.000306,0.000602,
14,1972,4,0,0.000156,0.028193,0.000205,0.028398,0.00103,0.00181,
14,1973,1,0,0,0.001106,0,0.001106,0.000083,0.000125,
14,1974,2,0,0,0.000536,0,0.000536,0.00007,0.00014,
14,1975,3,0,0.000569,0.058841,0.002143,0.060984,0.002181,0.003396,
14,1976,4,0,0.000064,0.020252,0.001106,0.021358,0.002373,0.003917,
14,1977,1,0,0,0.007426,0.001704,0.00913,0.000174,0.000317,
14,1978,2,0,0.00016,0.00223,0,0.00223,0.000046,9.11E-05,
14,1979,3,0,0.000008,0.009084,0.005145,0.014229,0.008046,0.014746,
14,1980,4,0,0.00006,0.034268,0.001702,0.03597,0.004413,0.007723,
14,1981,1,0,0,0.002742,0.001205,0.003947,0.001067,0.001768,
14,1982,2,0,0.000061,0.009104,0.001724,0.010828,0.000656,0.001132,
14,1983,3,0,0.000124,0.035855,0.002395,0.03825,0.002596,0.004762,
14,1984,4,0,0.000361,0.042781,0.004283,0.047064,0.006291,0.009746,
14,1985,1,0,0.000005,0.023647,0.008179,0.031826,0.000696,0.001408,
14,1986,2,0,0.000115,0.033093,0.001113,0.034206,0.003323,0.005888,
14,1987,3,0,0.000036,0.065946,0.010502,0.076448,0.009212,0.016283,
14,1988,4,0,0,0.043984,0.004663,0.048647,0.013209,0.022461,
14,1989,1,0,0.000104,0.013765,0.005689,0.019454,0.002813,0.003946,
14,1990,2,0,0,0.014471,0.007886,0.022357,0.006702,0.011339,
14,1991,3,0,0,0.010613,0.000771,0.011384,0.011945,0.020485,
14,1992,4,0,0.000009,0.042702,0.007561,0.050263,0.006103,0.009203,
14,1993,1,0,0.000052,0.028621,0.013201,0.041822,0.00503,0.007632,
14,1994,2,0,0,0.004865,0.008122,0.012987,0.003515,0.005873,
14,1995,3,0,0,0.031391,0.005357,0.036748,0.005988,0.010866,
14,1996,4,0,0,0.009409,0.003534,0.012943,0.015409,0.02797,
14,1997,1,0,0.000017,0.00367,0.002475,0.006145,0.004379,0.00843,
14,1998,2,0,0.000025,0.009255,0.00386,0.013115,0.004972,0.008153,
14,1999,3,0,0,0.030308,0.012588,0.042896,0.003341,0.005544,
14,2000,4,0,0.000239,0.056019,0.003934,0.059953,0.004796,0.009598,
14,2001,1,0,0,0.009545,0.002316,0.011861,0.003343,0.005649,
14,2002,2,0,0.000046,0.066869,0.009039,0.075908,0.004936,0.007187,
14,2003,3,0,0,0.010416,0.002932,0.013348,0.005317,0.00918,
14,2004,4,0,0.000006,0.006985,0.000672,0.007657,0.001594,0.002742,
14,2005,1,0,0,0.000906,0.000627,0.001533,0.002817,0.004286,
14,2006,2,0,0,0.018952,0.011747,0.030699,0.008278,0.011244,
14,2007,3,0,0,0.004841,0.000379,0.00522,0.0069,0.011181,
14,2008,4,0,0,0.007873,0.000707,0.00858,0.00021,0.000431,
14,2009,1,0,0,0.006744,0.001856,0.0086,0.000715,0.001143,
14,2010,2,0,0.000042,0.025746,0.00224,0.027986,0.005564,0.009421,
14,2011,3,0,0.000016,0.001792,NA,NA,0.004498,0.008405,
14,2012,4,0,0,NA,NA,NA,0.000747,0.001371,
14,2013,1,NA,NA,NA,NA,NA,0.001951,0.003229,
14,2014,2,NA,NA,NA,NA,NA,0.006828,0.011195,
14,2015,3,NA,NA,NA,NA,NA,0.00095,0.00139,
15,1980,4,0,0,0.001532,0,0.001532,0.000062,0.000107,
15,1981,1,0,0.000071,0.025296,0,0.025296,0.006887,0.017147,
15,1982,2,0,0.000192,0.1039,0.005475,0.109375,0.002544,0.004709,
15,1983,3,0,0,0.002382,0.00025,0.002632,0.000133,0.000239,
15,1984,4,0,0.000012,0.002613,0,0.002613,0.000265,0.000397,
15,1985,1,0,0.001471,0.042541,0,0.042541,0.001436,0.00328,
15,1986,2,0,0,0.250911,0.006148,0.257059,0.011299,0.026356,
15,1987,3,0,0.000049,0.020633,0.009762,0.030395,0.001148,0.002082,
15,1988,4,0,0,0.00332,0,0.00332,0.000723,0.001026,
15,1989,1,0,0.000578,0.01615,0,0.01615,0.003928,0.007236,
15,1990,2,0,0.000265,0.311154,0.004738,0.315892,0.034411,0.079282,
15,1991,3,0,0.00001,0.022037,0.003644,0.025681,0.004539,0.009856,
15,1992,4,0,0.000001,0.002104,0.000349,0.002453,0.001385,0.002134,
15,1993,1,0,0.000059,0.011827,0,0.011827,0.003259,0.008181,
15,1994,2,0,0.000196,0.181988,0.002267,0.184255,0.026711,0.067707,
15,1995,3,0,0.000011,0.01224,0.001925,0.014165,0.00781,0.014497,
15,1996,4,0,0,0.003404,0.000744,0.004148,0.002205,0.004193,
15,1997,1,0,0.000004,0.002249,0,0.002249,0.001415,0.002725,
15,1998,2,0,0.000148,0.191273,0.002269,0.193542,0.017001,0.033948,
15,1999,3,0,0,0.015722,0.010701,0.026423,0.002034,0.003912,
15,2000,4,0,0.000002,0.040512,0.000698,0.04121,0.001732,0.003285,
15,2001,1,0,0,0.017024,0,0.017024,0.001336,0.002449,
15,2002,2,0,0.001008,0.675243,0.01581,0.691053,0.050375,0.098851,
15,2003,3,0,0,0.001305,0.000376,0.001681,0.002477,0.005081,
15,2004,4,0,0.000002,0.003764,0.000148,0.003912,0.000432,0.000776,
15,2005,1,0,0,0.005778,0,0.005778,0.002686,0.004144,
15,2006,2,0,0.001098,1.012864,0.022204326,1.035068326,0.072735,0.130448,
15,2007,3,0,0,0.048667,0.001015996,0.049682996,0.004758,0.007668,
15,2008,4,0,0,0.00479,0.000615,0.005405,0.000139,0.000292,
15,2009,1,0,0.000002,0.045092,0.002345,0.047437,0.002665,0.004625,
15,2010,2,0,0.000833,0.415074,NA,NA,0.273905,0.47348,
15,2011,3,0,0.000034,NA,NA,NA,0.012451,0.02472,
15,2012,4,NA,NA,NA,NA,NA,0.000644,0.001132,
15,2013,1,NA,NA,NA,NA,NA,0.010957,0.022416,
15,2014,2,NA,NA,NA,NA,NA,0.068761,0.126166,
15,2015,3,NA,NA,NA,NA,NA,0.00354,0.00645,
16,1968,4,0,0.003891,0.078371,0.000403,0.078774,0.003834,0.00663,
16,1969,1,0,0.001042,0.003556,0.000168,0.003724,0.00036,0.000553,
16,1970,2,0,0.000258,0.000154,0,0.000154,0.000014,3.52E-05,
16,1971,3,0,0.004926,0.007721,0,0.007721,0.000115,0.000164,
16,1972,4,0,0.00418,0.128111,0.000322,0.128433,0.003128,0.005543,
16,1973,1,0,0.001344,0.009447,0.003794,0.013241,0.000351,0.000617,
16,1974,2,0,0.001559,0.001413,0,0.001413,0.000037,5.51E-05,
16,1975,3,0,0.003841,0.015888,0,0.015888,0.001246,0.00174,
16,1976,4,0,0.003009,0.067835,0.00235,0.070185,0.00882,0.014497,
16,1977,1,0,0.00069,0.017045,0.002975,0.02002,0.001174,0.001939,
16,1978,2,0,0.000589,0.00086,0.000198,0.001058,0.000129,0.000195,
16,1979,3,0,0.001866,0.015902,0,0.015902,0.001649,0.002368,
16,1980,4,0,0.001496,0.076467,0.001381,0.077848,0.011032,0.018549,
16,1981,1,0,0.000412,0.014267,0.003085,0.017352,0.001907,0.003433,
16,1982,2,0,0.003361,0.005472,0.000868,0.00634,0.000439,0.000718,
16,1983,3,0,0.001542,0.026208,0.000348,0.026556,0.003055,0.004992,
16,1984,4,0,0.00173,0.115017,0.021116,0.136133,0.009148,0.017075,
16,1985,1,0,0.00634,0.114856,0.010766,0.125622,0.002032,0.003404,
16,1986,2,0,0.006349,0.02039,0.00061,0.021,0.00188,0.003075,
16,1987,3,0,0.001683,0.022546,0.003604,0.02615,0.004105,0.006837,
16,1988,4,0,0.009599,0.305722,0.004031,0.309753,0.017841,0.034756,
16,1989,1,0,0.005779,0.038792,0.008523,0.047315,0.009795,0.015065,
16,1990,2,0,0.000826,0.013177,0.001607,0.014784,0.003304,0.004917,
16,1991,3,0,0.001242,0.018884,0.001559,0.020443,0.004618,0.007553,
16,1992,4,0,0.011639,0.175651,0.008143,0.183794,0.009224,0.015918,
16,1993,1,0,0.000557,0.05441,0.012557,0.066967,0.00878,0.013441,
16,1994,2,0,0.000815,0.021039,0.01251,0.033549,0.001706,0.00265,
16,1995,3,0,0.00197,0.020949,0.00054,0.021489,0.004533,0.00706,
16,1996,4,0,0.000413,0.189011,0.008576,0.197587,0.014139,0.024971,
16,1997,1,0,0.000742,0.011493,0.001174,0.012667,0.001877,0.003831,
16,1998,2,0,0.000408,0.003841,0.000563,0.004404,0.002442,0.004446,
16,1999,3,0,0.002508,0.037729,0.002405,0.040134,0.001765,0.002621,
16,2000,4,0,0.000624,0.087114,0.004264,0.091378,0.016571,0.036979,
16,2001,1,0,0.000315,0.04319,0.006741,0.049931,0.004007,0.006294,
16,2002,2,0,0.001262,0.011045,0.000694,0.011739,0.001144,0.00185,
16,2003,3,0,0.000213,0.003861,0.000687,0.004548,0.005036,0.008126,
16,2004,4,0,0.000343,0.040513,0.008461,0.048974,0.005483,0.008376,
16,2005,1,0,0.00018,0.014038,0.000871,0.014909,0.008851,0.013618,
16,2006,2,0,0.000978,0.024834,0.013659,0.038493,0.001456,0.002055,
16,2007,3,0,0.006665,0.106618,0.001192,0.10781,0.001079,0.001932,
16,2008,4,0,0.001573,0.066746,0.010486,0.077232,0.001752,0.003425,
16,2009,1,0,0.002695,0.101156,0.018399,0.119555,0.005274,0.008858,
16,2010,2,0,0.002387,0.038011,0.00482,0.042831,0.005903,0.010561,
16,2011,3,0,0.001178,0.039339,NA,NA,0.026445,0.041377,
16,2012,4,0,0.002043,NA,NA,NA,0.006899,0.010841,
16,2013,1,NA,NA,NA,NA,NA,0.023053,0.043751,
16,2014,2,NA,NA,NA,NA,NA,0.008495,0.013454,
16,2015,3,NA,NA,NA,NA,NA,0.00969,0.01693,
17,1973,1,0,0.000146,0.067467,0.005741,0.073208,0.010726,0.018428,
17,1974,2,0,0.000195,0.020017,0,0.020017,0.002072,0.003634,
17,1975,3,0,0.00034,0.152807,0.005729,0.158536,0.008655,0.013998,
17,1976,4,0,0.000027,0.007247,0,0.007247,0.000898,0.001685,
17,1977,1,0,0.000172,0.125303,0.006574,0.131877,0.010085,0.017648,
17,1978,2,0,0.000083,0.028397,0.002767,0.031164,0.001527,0.002561,
17,1979,3,0,0.000005,0.083912,0.017456,0.101368,0.021272,0.036634,
17,1980,4,0,0.000004,0.016037,0.005331,0.021368,0.001603,0.002908,
17,1981,1,0,0.000005,0.073214,0.00353,0.076744,0.011363,0.019148,
17,1982,2,0,0,0.005364,0.001411,0.006775,0.001423,0.002315,
17,1983,3,0,0.000032,0.13848,0.011219,0.149699,0.015945,0.027352,
17,1984,4,0,0,0.020594,0.004323,0.024917,0.003847,0.007721,
17,1985,1,0,0,0.041411,0.005442,0.046853,0.007731,0.013638,
17,1986,2,0,0,0.01608,0.004758,0.020838,0.002051,0.003511,
17,1987,3,0,0.000016,0.170901,0.020119,0.19102,0.015643,0.032364,
17,1988,4,0,0,0.048538,0.009201,0.057739,0.004514,0.008784,
17,1989,1,0,0,0.015466,0.003412,0.018878,0.002653,0.00494,
17,1990,2,0,0,0.014995,0.000739,0.015734,0.003405,0.005998,
17,1991,3,0,0.000112,0.047222,0.009005,0.056227,0.033387,0.060761,
17,1992,4,0,0.000009,0.05495,0.049754,0.104704,0.002355,0.004503,
17,1993,1,0,0,0.051434,0.005268,0.056702,0.004797,0.009052,
17,1994,2,0,0,0.009887,0.008471,0.018358,0.001077,0.001948,
17,1995,3,0,0.000025,0.065492,0,0.065492,0.008452,0.016646,
17,1996,4,0,0.000004,0.451557,0.095036,0.546593,0.018036,0.036224,
17,1997,1,0,0,0.002444,0.000742,0.003186,0.002624,0.007432,
17,1998,2,0,0.000009,0.003913,0.000957,0.00487,0.001983,0.003544,
17,1999,3,0,0,0.011388,0,0.011388,0.005026,0.009807,
17,2000,4,0,0,0.233547,0.02599,0.259537,0.065446,0.119329,
17,2001,1,0,0,0.04802,0.048105,0.096125,0.017875,0.039062,
17,2002,2,0,0,0.005758,0.000422,0.00618,0.001031,0.001901,
17,2003,3,0,0,0.00337,0.000335,0.003705,0.001677,0.003133,
17,2004,4,0,0.000032,0.200535,0.018897,0.219432,0.013773,0.022359,
17,2005,1,0,0,0.011563,0.004647,0.01621,0.012141,0.021798,
17,2006,2,0,0.000002,0.043269,0.021609,0.064878,0.004487,0.008084,
17,2007,3,0,0,0.010345,0.001161,0.011506,0.001006,0.001724,
17,2008,4,0,0.000004,0.085924,0.005138,0.091062,0.010169,0.018491,
17,2009,1,0,0,0.017152,0.004629,0.021781,0.003718,0.007896,
17,2010,2,0,0.000273,0.120606,0.082201,0.202807,0.011892,0.019526,
17,2011,3,0,0,0.009581,NA,NA,0.001195,0.004266,
17,2012,4,0,0.000016,NA,NA,NA,0.016766,0.029977,
17,2013,1,NA,NA,NA,NA,NA,0.007129,0.012637,
17,2014,2,NA,NA,NA,NA,NA,0.030742,0.053945,
17,2015,3,NA,NA,NA,NA,NA,0.00941,0.02306,
18,1948,4,0,0,0.026803,0.095917,0.12272,0.02034,0.052810368,
18,1949,1,0,0,0.006085,0.013251,0.019336,0.004449,0.008858944,
18,1950,2,0,0.000062,0.091231,0.055044,0.146275,0.013313,0.029212481,
18,1951,3,0,0,0.041761,0.078541,0.120302,0.017922,0.036081363,
18,1952,4,0,0,0.039952,0.03189,0.071842,0.021904,0.04645405,
18,1953,1,0,0,0.012688,0.012372,0.02506,0.009303,0.017029776,
18,1954,2,0,0.000042,0.037926,0.013126,0.051052,0.008332,0.016885554,
18,1955,3,0,0.000005,0.078394,0.085616,0.16401,0.011221,0.0170525,
18,1956,4,0,0.000015,0.028169,0.038686,0.066855,0.011107,0.030999595,
18,1957,1,0,0,0.003474,0.024544,0.028018,0.00513,0.011138505,
18,1958,2,0,0.000012,0.012978,0.003157,0.016135,0.006658,0.010288609,
18,1959,3,0,0.00001,0.0218,0.039932,0.061732,0.006096,0.015524924,
18,1960,4,0,0,0.005842,0.027406,0.033248,0.012532,0.025488935,
18,1961,1,0,0.000074,0.026282,0.074479,0.100761,0.006542,0.012931788,
18,1962,2,0,0.000046,0.024085,0.032679,0.056764,0.008479,0.016595272,
18,1963,3,0,0.000068,0.088616,0.054052,0.142668,0.005798,0.01377372,
18,1964,4,0,0.000068,0.048016,0.142584,0.1906,0.00632,0.015255708,
18,1965,1,0,0,0.014943,0.024041,0.038984,0.003387,0.007973816,
18,1966,2,0,0.000065,0.024568,0.051336,0.075904,0.010735,0.02234458,
18,1967,3,0,0.000029,0.024122,0.042747,0.066869,0.005241,0.012105154,
18,1968,4,0,0.000045,0.038212,0.067282,0.105494,0.008194,0.018392855,
18,1969,1,0,0,0.009262,0.051821,0.061083,0.011739,0.026493482,
18,1970,2,0,0.000081,0.021806,0.032749,0.054555,0.003123,0.007198327,
18,1971,3,0,0.000462,0.091337,0.123848,0.215185,0.006696,0.015746564,
18,1972,4,0,0.000031,0.0783,0.044584,0.122884,0.006575,0.01471294,
18,1973,1,0,0.000011,0.011903,0.017262,0.029165,0.004713,0.012363415,
18,1974,2,0,0.000178,0.053388,0.078361,0.131749,0.008859,0.021871979,
18,1975,3,0,0.000081,0.06418,0.020578,0.084758,0.021376,0.041955304,
18,1976,4,0,0.000041,0.013812,0.091485,0.105297,0.019475,0.037989808,
18,1977,1,0,0.000057,0.015331,0.018676,0.034007,0.007798,0.015999355,
18,1978,2,0,0,0.010736,0.024013,0.034749,0.014116,0.029311027,
18,1979,3,0,0.000022,0.00377,0.034444,0.038214,0.020384,0.038066117,
18,1980,4,0,0.000008,0.010736,0.006169,0.016905,0.009191,0.019987935,
18,1981,1,0,0,0.002416,0.031641,0.034057,0.013301,0.026741006,
18,1982,2,0,0.000037,0.004318,0.01391,0.018228,0.00509,0.010056814,
18,1983,3,0,0.000022,0.01173,0.050301,0.062031,0.010093,0.019771924,
18,1984,4,0,0.000107,0.018612,0.056977,0.075589,0.008759,0.01841745,
18,1985,1,0,0.000026,0.00618,0.017002,0.023182,0.002113,0.004335756,
18,1986,2,0,0,0.006413,0.033585,0.039998,0.012305,0.03044751,
18,1987,3,0,0.000003,0.007374,0.014591,0.021965,0.005533,0.014960163,
18,1988,4,0,0,0.002587,0.05849,0.061077,0.019026,0.036340357,
18,1989,1,0,0.000007,0.004944,0.011658,0.016602,0.009051,0.023989454,
18,1990,2,0,0.000018,0.001561,0.007538,0.009099,0.006037,0.014122097,
18,1991,3,0,0.000001,0.00171,0.032177,0.033887,0.010867,0.0225,
18,1992,4,0,0,0.029707,0.070846,0.100553,0.004411,0.011850624,
18,1993,1,0,0.000011,0.016103,0.086635,0.102738,0.01143,0.025675223,
18,1994,2,0,0.000081,0.004617,0.030016,0.034633,0.004087,0.0106607,
18,1995,3,0,0,0.008821,0.04415,0.052971,0.003185,0.006651,
18,1996,4,0,0.000018,0.021331,0.129612,0.150943,0.021678,0.056449779,
18,1997,1,0,0.000011,0.012324,0.083927,0.096251,0.017239,0.040717556,
18,1998,2,0,0.000019,0.033437,0.098506,0.131943,0.049869,0.08346836,
18,1999,3,0,0,0.024538,0.118076,0.142614,0.019388,0.037368997,
18,2000,4,0,0.000015,0.041913,0.06936,0.111273,0.018581,0.04621822,
18,2001,1,0,0,0.007379,0.047231,0.05461,0.074627,0.137313306,
18,2002,2,0,0.000015,0.02498,0.044165,0.069145,0.039138,0.089790485,
18,2003,3,0,0,0.000373,0.013413,0.013786,0.03997,0.076602053,
18,2004,4,0,0.000009,0.009201,0.030713,0.039914,0.033786,0.061507201,
18,2005,1,0,0,0.001726,0.006609,0.008335,0.033806,0.063214116,
18,2006,2,0,0.000008,0.01271,0.054307,0.067017,0.021301,0.03959811,
18,2007,3,0,0,0.011425,0.069776,0.081201,0.019935,0.042521507,
18,2008,4,0,0.000009,0.014412,0.065539,0.079951,0.006348,0.013444786,
18,2009,1,0,0,0.009166,0.039967,0.049133,0.018838,0.031920542,
18,2010,2,0,0.000038,0.015543,0.023919,0.039462,0.008783,0.016791152,
18,2011,3,0,0.000011,0.022565,NA,0.022565,0.030439,0.056636435,
18,2012,4,0,0,NA,NA,NA,0.041415,0.078088966,
18,2013,1,NA,NA,NA,NA,NA,0.030166,0.056020969,
18,2014,2,NA,NA,NA,NA,NA,0.014427,0.030292808,
18,2015,3,NA,NA,NA,NA,NA,0.018361,0.039075901,
19,1948,4,0,0,0.043283,0,0.043283,0.014577,0.026162,
19,1949,1,0,0.011423,0.02565,0,0.037073,0.004372,0.007949,
19,1950,2,0,0.048269,0.02983,0,0.078099,0.018216,0.032833,
19,1951,3,0.000903,0.103041,0.018078,0,0.121119,0.013181,0.017035,
19,1952,4,0,0.018421,0.004633,0,0.023054,0.017215,0.025751,
19,1953,1,0,0.002232,0.007552,0,0.009784,0.007641,0.020441,
19,1954,2,0,0.006146,0.008651,0,0.014797,0.016869,0.027784,
19,1955,3,0.000087,0.060115,0.080836,0,0.140951,0.003405,0.005584,
19,1956,4,0,0.087258,0.0096,0,0.096858,0.001266,0.002586,
19,1957,1,0.000043,0.025371,0.034739,0,0.06011,0.00182,0.003785,
19,1958,2,0.000107,0.055305,0.00448,0,0.059785,0.006404,0.014587,
19,1959,3,0.000014,0.010452,0.031079,0,0.041531,0.017657,0.027738,
19,1960,4,0,0.026094,0.003357,0,0.029451,0.007076,0.017039,
19,1961,1,0.000041,0.001634,0.01155,0,0.013184,0.021725,0.042346,
19,1962,2,0,0.031134,0.019678,0,0.050812,0.004155,0.008065,
19,1963,3,0,0.050277,0.037548,0,0.087825,0.009803,0.022258,
19,1964,4,0.000047,0.043883,0.007247,0,0.05113,0.001101,0.0022,
19,1965,1,0.000065,0.008237,0.012043,0,0.02028,0.007779,0.015003,
19,1966,2,0.000019,0.042848,0.012577,0,0.055425,0.009295,0.032499,
19,1967,3,0.000145,0.021814,0.028976,0,0.05079,0.012672,0.020406,
19,1968,4,0.000126,0.013492,0.004193,0,0.017685,0.002854,0.005366,
19,1969,1,0,0.00215,0.005152,0,0.007302,0.007559,0.014685,
19,1970,2,0.000098,0.01881,0.020855,0,0.039665,0.006471,0.012573,
19,1971,3,0,0.061283,0.023176,0,0.084459,0.00197,0.00379,
19,1972,4,0,0.001153,0.00081,0,0.001963,0.000794,0.001346,
19,1973,1,0,0.032256,0.005425,0,0.037681,0.001571,0.003052,
19,1974,2,0,0.006133,0.034205,0,0.040338,0.008709,0.01692,
19,1975,3,0,0.022979,0.105641,0,0.12862,0.003381,0.00585,
19,1976,4,0,0.04341,0.001184,0,0.044594,0.002933,0.005058,
19,1977,1,0,0.016076,0.007982,0,0.024058,0.001374,0.002236,
19,1978,2,0,0.007016,0.034177,0,0.041193,0.010488,0.019655,
19,1979,3,0,0.00047,0.010425,0,0.010895,0.020234,0.045543,
19,1980,4,0,0.013416,0.000977,0,0.014393,0.002262,0.005092,
19,1981,1,0,0.012466,0.005403,0,0.017869,0.001788,0.003193,
19,1982,2,0,0.004275,0.024681,0,0.028956,0.004686,0.009167,
19,1983,3,0,0.007855,0.009995,0,0.01785,0.002132,0.004171,
19,1984,4,0.000069,0.003558,0.001569,0,0.005127,0.000689,0.001265,
19,1985,1,0.000069,0.003694,0.010713,0,0.014407,0.001825,0.0041,
19,1986,2,0,0.00568,0.003927,0,0.009607,0.004145,0.007,
19,1987,3,0,0.0033,0.041748,0,0.045048,0.002686,0.004973,
19,1988,4,0.000185,0.002005,0.001786,0,0.003791,0.000947,0.001544,
19,1989,1,0,0.000489,0.012934,0,0.013423,0.001997,0.002867,
19,1990,2,0,0.061732,0.064156,0,0.125888,0.001888,0.004515,
19,1991,3,0,0.004426,0.033685,0,0.038111,0.007958,0.014768,
19,1992,4,0,0.000517,0.003219,0,0.003736,0.000172,0.000313,
19,1993,1,0,0.014645,0.004451,0,0.019096,0.002271,0.003249,
19,1994,2,0,0.000286,0.020396,0,0.020682,0.006087,0.009294,
19,1995,3,0,0.001537,0.048276,0,0.049813,0.006758,0.01646,
19,1996,4,0,0.003058,0.004502,0,0.00756,0.008255,0.015303,
19,1997,1,0,0.010357,0.071883,0,0.08224,0.001084,0.001409,
19,1998,2,0,0.01816,0.04605,0,0.06421,0.003012,0.00445,
19,1999,3,0,0.016673,0.074656,0,0.091329,0.005592,0.008565,
19,2000,4,0,0.00795,0.003873,0,0.011823,0.001745,0.004343,
19,2001,1,0,0.05396,0.333007,0,0.386967,0.008335,0.015234,
19,2002,2,0,0.088078,0.188564,0,0.276642,0.024384,0.041177,
19,2003,3,0,0.020138,0.083148,0,0.103286,0.006043,0.008234,
19,2004,4,0,0.107366,0.03485,0,0.142216,0.000986,0.002106,
19,2005,1,0,0.00577,0.010133,0,0.015903,0.211547,0.386264,
19,2006,2,0,0.390123,0.998292,0,1.388415,0.090944,0.168093,
19,2007,3,0,0.304933,1.33185,0,1.636783,0.057444,0.128166,
19,2008,4,0,0.057907,0.11883,0,0.176737,0.004409,0.006708,
19,2009,1,0.000021,0.025206,0.149544,0,0.17475,0.100603,0.287754,
19,2010,2,0.000098,0.229656,1.263346,0.001833,1.493002,0.399661,0.713749,
19,2011,3,0.00003,0.059104,0.200394,NA,NA,0.38708,0.72917,
19,2012,4,0.000026,0.017107,NA,NA,NA,0.032895,0.070261,
19,2013,1,0.000031,NA,NA,NA,NA,0.078023,0.239145,
19,2014,2,NA,NA,NA,NA,NA,0.238373,0.386606,
19,2015,3,NA,NA,NA,NA,NA,0.0583,0.11479,
