stk,yr,cyc,rec2,rec3,rec4,rec5,rec,eff,juv
1,1948,4,0,0,0.179412,0.018741,0.198153,0.010859,NA
1,1949,1,0,0.006218,1.029437,0.001271,1.030708,0.168458,NA
1,1950,2,0,0.000579,0.240545,0.000542,0.241087,0.025658,NA
1,1951,3,0,0.000009,0.158428,0.015217,0.173645,0.029785,NA
1,1952,4,0,0.000028,0.078012,0.01056,0.088572,0.015484,NA
1,1953,1,0,0.000294,0.537711,0.002886,0.540597,0.078238,NA
1,1954,2,0,0.000341,0.154781,0.000701,0.155482,0.01801,NA
1,1955,3,0,0.000011,0.025824,0.001632,0.027456,0.001397,NA
1,1956,4,0,0,0.101035,0.006393,0.107428,0.016661,NA
1,1957,1,0,0.00073,1.215763,0.003272,1.219035,0.119273,NA
1,1958,2,0,0.000755,0.102112,0.00024,0.102352,0.022196,NA
1,1959,3,0,0,0.014682,0.006153,0.020835,0.001297,NA
1,1960,4,0,0.000022,0.069925,0.004202,0.074127,0.007401,NA
1,1961,1,0,0.00063,0.252123,0.002208,0.254331,0.087782,NA
1,1962,2,0,0,0.067661,0.005992,0.073653,0.014103,NA
1,1963,3,0,0.000332,0.090397,0.001825,0.092222,0.00259,NA
1,1964,4,0,0.001027,0.02594,0.012949,0.038889,0.0013,NA
1,1965,1,0,0.000432,0.415253,0.001526,0.416779,0.011241,NA
1,1966,2,0,0.001746,0.08304,0,0.08304,0.005959,NA
1,1967,3,0,0.000423,0.326142,0.013128,0.33927,0.011167,NA
1,1968,4,0,0.000011,0.010412,0,0.010412,0.000793,NA
1,1969,1,0,0.000648,1.366181,0.004452,1.370633,0.048796,NA
1,1970,2,0,0.001212,0.178232,0.001312,0.179544,0.015806,NA
1,1971,3,0,0.000311,0.42351,0.006993,0.430503,0.04561,NA
1,1972,4,0,0.000025,0.032207,0,0.032207,0.002253,NA
1,1973,1,0,0.004591,1.342456,0.003951,1.346407,0.153876,NA
1,1974,2,0,0.001242,0.141307,0.002218,0.143525,0.02161,NA
1,1975,3,0,0.00015,0.220007,0.002852,0.222859,0.026252,NA
1,1976,4,0,0.000043,0.0288,0.003034,0.031834,0.006792,NA
1,1977,1,0,0.000572,0.752467,0.008655,0.761122,0.053363,NA
1,1978,2,0,0.000202,0.07147,0.00118,0.07265,0.020004,NA
1,1979,3,0,0.000034,0.089807,0.017889,0.107696,0.03617,NA
1,1980,4,0,0.00001,0.03795,0.025541,0.063491,0.007361,NA
1,1981,1,0,0.000046,0.33129,0.018805,0.350095,0.071485,NA
1,1982,2,0,0.000013,0.026796,0.001007,0.027803,0.002158,NA
1,1983,3,0,0.000423,0.17676,0.010949,0.187709,0.013121,NA
1,1984,4,0,0.00024,0.209867,0.029536,0.239403,0.021868,NA
1,1985,1,0,0.002414,1.179879,0.026057,1.205936,0.118124,NA
1,1986,2,0,0.000056,0.12828,0.017603,0.145883,0.01516,NA
1,1987,3,0,0.000008,0.494847,0.031065,0.525912,0.075524,NA
1,1988,4,0,0.000033,0.319342,0.059894,0.379236,0.088071,NA
1,1989,1,0,0.00042,1.091749,0.045932,1.137681,0.211041,NA
1,1990,2,0,0.000002,0.156963,0.009121,0.166084,0.047065,NA
1,1991,3,0,0.000514,0.129192,0.014581,0.143773,0.085456,NA
1,1992,4,0,0.00001,0.080797,0.019569,0.100366,0.036565,NA
1,1993,1,0,0.000847,1.652166,0.16177,1.813936,0.386806,NA
1,1994,2,0,0.000006,0.02799,0.001034,0.029024,0.014499,NA
1,1995,3,0,0.00002,0.170595,0.018985,0.18958,0.057342,NA
1,1996,4,0,0,0.359206,0.10494,0.464146,0.041063,NA
1,1997,1,0,0.000001,0.109249,0.038121,0.14737,0.073416,NA
1,1998,2,0,0.000002,0.024341,0.004349,0.02869,0.009332,NA
1,1999,3,0,0,0.025927,0.004639,0.030566,0.008189,NA
1,2000,4,0,0,0.132457,0.003417,0.135874,0.035333,NA
1,2001,1,0,0.000005,0.216279,0.035722,0.252001,0.082852,NA
1,2002,2,0,0,0.020266,0.0043,0.024566,0.012921,NA
1,2003,3,0,0,0.008431,0.001588,0.010019,0.006932,NA
1,2004,4,0,0,0.032387,0.005077198,0.037464198,0.005181,NA
1,2005,1,0,0.000049,0.076119303,0.007843862,0.083963164,0.051153,NA
1,2006,2,0,0,0.096013086,0.01060328,0.106616366,0.015914,NA
1,2007,3,0,0,0.010551212,0.000146711,0.010697922,0.002376,NA
1,2008,4,0,0.000001,0.183791609,0.009158711,0.19295032,0.014446,NA
1,2009,1,0,0.000003,0.172777765,0.030113412,0.202891177,0.021884,NA
1,2010,2,0,0.000053,0.191812703,0.026478597,0.2182913,0.034198,NA
1,2011,3,0,0.000003,0.002258977,0.000735,0.002993977,0.000233,NA
1,2012,4,NA,NA,NA,NA,NA,0.006812,NA
1,2013,1,NA,NA,NA,NA,NA,0.039658,NA
1,2014,2,NA,NA,NA,NA,NA,0.023298,NA
1,2015,3,NA,NA,NA,NA,NA,0.00406,NA
2,1948,4,0,0,0.000327,0,0.000327,NA,NA
2,1949,1,0,0.003433,1.526554,0,1.526554,0.039085,NA
2,1950,2,0,0.000591,0.036671,0.002419,0.03909,0.001834,NA
2,1951,3,0,0,0.056085,0.007559,0.063644,0.001246,NA
2,1952,4,0,0.000086,0.003858,0.000029,0.003887,0.000016,NA
2,1953,1,0,0.00083,1.548072,0.00147,1.549542,0.078686,NA
2,1954,2,0,0.00015,0.135111,0.002704,0.137815,0.002687,NA
2,1955,3,0,0.000029,0.050196,0.00112,0.051316,0.003274,NA
2,1956,4,0,0,0.013472,0.03263,0.046102,0.000466,NA
2,1957,1,0,0.000874,1.327094,0.001916,1.32901,0.300038,NA
2,1958,2,0,0.000672,0.053044,0.000961,0.054005,0.013152,NA
2,1959,3,0,0.000067,0.006092,0.001233,0.007325,0.00409,NA
2,1960,4,0,0.000027,0.006658,0.002932,0.00959,0.001307,NA
2,1961,1,0,0.000143,0.770385,0.007535,0.77792,0.194461,NA
2,1962,2,0,0.000045,0.043107,0.001917,0.045024,0.009073,NA
2,1963,3,0,0.000025,0.011911,0.000113,0.012024,0.001092,NA
2,1964,4,0,0.00006,0.001806,0.001235,0.003041,0.000824,NA
2,1965,1,0,0.000228,1.102448,0.021752,1.1242,0.122786,NA
2,1966,2,0,0.000274,0.071954,0.001851,0.073805,0.004164,NA
2,1967,3,0,0.000224,0.006294,0.010038,0.016332,0.000897,NA
2,1968,4,0,0,0.027393,0.003906,0.031299,0.000179,NA
2,1969,1,0,0.002756,1.602892,0.019888,1.62278,0.1143,NA
2,1970,2,0,0.000318,0.07052,0,0.07052,0.008027,NA
2,1971,3,0,0.001243,0.065527,0,0.065527,0.000725,NA
2,1972,4,0,0,0.01618,0.002586,0.018766,0.003411,NA
2,1973,1,0,0.00029,0.658158,0.005807,0.663965,0.116703,NA
2,1974,2,0,0.000855,0.048593,0.001268,0.049861,0.007371,NA
2,1975,3,0,0.000541,0.214097,0.000478,0.214575,0.005679,NA
2,1976,4,0,0,0.003339,0,0.003339,0.001674,NA
2,1977,1,0,0.000104,1.313861,0.043776,1.357637,0.075962,NA
2,1978,2,0,0.000699,0.06982,0.008928,0.078748,0.007115,NA
2,1979,3,0,0,0.006854,0,0.006854,0.016711,NA
2,1980,4,0,0,0.02144,0,0.02144,0.000287,NA
2,1981,1,0,0,1.97801,0.055891,2.033901,0.120124,NA
2,1982,2,0,0.000193,0.052097,0.008699,0.060796,0.008681,NA
2,1983,3,0,0,0.014195,0.003717,0.017912,0.001451,NA
2,1984,4,0,0.000222,0.014522,0,0.014522,0.000672,NA
2,1985,1,0,0.007755,3.367086,0.132788,3.499874,0.159048,NA
2,1986,2,0,0.000264,0.725126,0.091171,0.816297,0.015045,NA
2,1987,3,0,0.000984,0.283932,0.095155,0.379087,0.002392,NA
2,1988,4,0,0.001552,0.207234,0,0.207234,0.003638,NA
2,1989,1,0,0.020256,5.162734,0.144134,5.306868,0.327098,NA
2,1990,2,0,0.00044,0.372685,0.016654,0.389339,0.111747,NA
2,1991,3,0,0.000354,0.091441,0.017786,0.109227,0.0402,NA
2,1992,4,0,0,0.12897,0.006429,0.135399,0.012422,NA
2,1993,1,0,0.004082,3.249145,0.511029,3.760174,1.184283,NA
2,1994,2,0,0,0.108011,0.007429,0.11544,0.040705,NA
2,1995,3,0,0.001366,0.092713,0.039375,0.132088,0.017181,NA
2,1996,4,0,0.000607,0.810002,0.212391,1.022393,0.027297,NA
2,1997,1,0,0.000081,0.351715,0.079099,0.430814,0.415149,NA
2,1998,2,0,0.000312,0.26439,0.01256,0.27695,0.067834,NA
2,1999,3,0,0.000023,0.11752,0.016079,0.133599,0.0338,NA
2,2000,4,0,0.001827,0.868657,0.042459,0.911116,0.22624,NA
2,2001,1,0,0.000029,0.415504,0.08981,0.505314,0.179534,NA
2,2002,2,0,0.00002,0.121483,0.004449,0.125932,0.01782,NA
2,2003,3,0,0.000011,0.015962,0.00581,0.021772,0.019208,NA
2,2004,4,0,0.00022,0.263681,0.019016748,0.282697748,0.05131,NA
2,2005,1,0,0.000089,0.10460365,0.01497404,0.11957769,0.164548,NA
2,2006,2,0,0.000037,0.169236096,0.005275031,0.174511128,0.014283,NA
2,2007,3,0,0.000048,0.005160259,0.008534019,0.013694277,0.004144,NA
2,2008,4,0,0.000326,0.18324652,0.006667625,0.189914145,0.057881,NA
2,2009,1,0,0.00004,0.216742123,0.013637361,0.230379484,0.043271,NA
2,2010,2,0,0.000839,0.13504692,0.034987897,0.170034817,0.043476,NA
2,2011,3,0,0,0.003691344,0.00535,0.009041344,0.000778,NA
2,2012,4,NA,NA,NA,NA,NA,0.031771,NA
2,2013,1,NA,NA,NA,NA,NA,0.070946,NA
2,2014,2,NA,NA,NA,NA,NA,0.027869,NA
2,2015,3,NA,NA,NA,NA,NA,0.00435,NA
3,1948,4,0,0,0.185175,0.022002,0.207177,0.009242,NA
3,1949,1,0,0.000133,0.173402,0.006341,0.179743,0.040231,NA
3,1950,2,0,0.00463,0.903768,0.030719,0.934487,0.07741,NA
3,1951,3,0,0.000026,0.354049,0.101292,0.455341,0.051413,NA
3,1952,4,0,0.000023,0.093984,0.016694,0.110678,0.01992,NA
3,1953,1,0,0.00003,0.156192,0.018023,0.174215,0.020388,NA
3,1954,2,0,0.003311,1.140205,0.067783,1.207988,0.072273,NA
3,1955,3,0,0.000028,0.602677,0.027091,0.629768,0.029937,NA
3,1956,4,0,0.000092,0.2204,0.026243,0.246643,0.021686,NA
3,1957,1,0,0.000008,0.143835,0.008,0.151835,0.018044,NA
3,1958,2,0,0.001156,0.323089,0.016215,0.339304,0.061581,NA
3,1959,3,0,0.000017,0.514918,0.026485,0.541403,0.041872,NA
3,1960,4,0,0.000019,0.14334,0.021155,0.164495,0.022718,NA
3,1961,1,0,0.000288,0.137046,0.010068,0.147114,0.018136,NA
3,1962,2,0,0.0001,0.572029,0.017376,0.589405,0.044532,NA
3,1963,3,0,0.000977,0.713487,0.013462,0.726949,0.041535,NA
3,1964,4,0,0.000194,0.170674,0.006969,0.177643,0.016161,NA
3,1965,1,0,0.000179,0.2311,0.012372,0.243472,0.020479,NA
3,1966,2,0,0.000833,0.336316,0.022757,0.359073,0.051509,NA
3,1967,3,0,0.000288,0.531886,0.01835,0.550236,0.032467,NA
3,1968,4,0,0.000085,0.1259,0.003837,0.129737,0.01368,NA
3,1969,1,0,0.000131,0.235729,0.017385,0.253114,0.025629,NA
3,1970,2,0,0.00117,0.228808,0.00413,0.232938,0.026727,NA
3,1971,3,0,0.000496,0.508759,0,0.508759,0.020147,NA
3,1972,4,0,0.000204,0.711226,0.044784,0.75601,0.019938,NA
3,1973,1,0,0.000011,0.075813,0.010077,0.08589,0.015424,NA
3,1974,2,0,0.001823,0.281752,0.019534,0.301286,0.023718,NA
3,1975,3,0,0.003852,1.832708,0.064645,1.897353,0.068451,NA
3,1976,4,0,0.00015,0.216701,0.027506,0.244207,0.063865,NA
3,1977,1,0,0.000074,0.209138,0.056488,0.265626,0.010894,NA
3,1978,2,0,0.00086,0.388505,0.04804,0.436545,0.032528,NA
3,1979,3,0,0.000031,0.478737,0.145156,0.623893,0.152583,NA
3,1980,4,0,0.000207,0.535944,0.219255,0.755199,0.028477,NA
3,1981,1,0,0.000028,0.234136,0.051734,0.28587,0.01203,NA
3,1982,2,0,0.0019,0.309369,0.046504,0.355873,0.034888,NA
3,1983,3,0,0.001129,1.097744,0.158607,1.256351,0.061357,NA
3,1984,4,0,0.00017,0.744589,0.26643,1.011019,0.032672,NA
3,1985,1,0,0.000087,0.097659,0.030996,0.128655,0.021969,NA
3,1986,2,0,0.000023,0.445398,0.116424,0.561822,0.044564,NA
3,1987,3,0,0.000014,0.353471,0.082191,0.435662,0.098179,NA
3,1988,4,0,0.000158,0.566227,0.425114,0.991341,0.200537,NA
3,1989,1,0,0.000028,0.127212,0.095047,0.222259,0.015903,NA
3,1990,2,0,0.001145,0.861027,0.089664,0.950691,0.056537,NA
3,1991,3,0,0.000259,0.299039,0.037271,0.33631,0.054349,65.55888
3,1992,4,0,0.000275,0.734393,0.133793,0.868186,0.055138,53.022
3,1993,1,0,0.000013,0.068158,0.241673,0.309831,0.042861,49.77
3,1994,2,0,0.000127,0.593409,0.088649,0.682058,0.063584,39.866
3,1995,3,0,0.000075,0.127344,0.05654,0.183884,0.041135,21.233
3,1996,4,0,0.000016,0.635499,0.176479,0.811978,0.167624,36.942
3,1997,1,0,0,0.068515,0.056658,0.125173,0.023241,24.851
3,1998,2,0,0.000073,0.504421,0.133503,0.637924,0.096961,79.02
3,1999,3,0,0,0.143988,0.030474,0.174462,0.06608,24.681
3,2000,4,0,0,0.647582,0.070089,0.717671,0.195386,75.156
3,2001,1,0,0,0.20341,0.083718,0.287128,0.06159,48.435
3,2002,2,0,0.000047,0.224262,0.024066,0.248328,0.177618,60.29
3,2003,3,0,0.000005,0.034522,0.014605,0.049127,0.043829,30.593
3,2004,4,0,0.000153,0.213103,0.032646743,0.245749743,0.053755,NA
3,2005,1,0,0.000012,0.006640015,0.004885414,0.011525429,0.102247,NA
3,2006,2,0,0.000087,0.391375934,0.081433672,0.472809606,0.079834,NA
3,2007,3,0,0.00002,0.113252126,0.024678208,0.137930334,0.019626,NA
3,2008,4,0,0.000454,0.259519218,0.014452617,0.273971835,0.073798,NA
3,2009,1,0,0,0.151519373,0.047533591,0.199052964,0.01577,NA
3,2010,2,0,0.012308,1.441852257,0.129017383,1.57086964,0.109383,NA
3,2011,3,0,0,0.042845325,0.00914,0.051985325,0.025856,NA
3,2012,4,NA,NA,NA,NA,NA,0.050572,NA
3,2013,1,NA,NA,NA,NA,NA,0.05413,NA
3,2014,2,NA,NA,NA,NA,NA,0.240406,NA
3,2015,3,NA,NA,NA,NA,NA,0.047613,NA
4,1948,4,0,0,0.080266,0,0.080266,0.012826,NA
4,1949,1,0,0.000045,0.062746,0,0.062746,0.010744,NA
4,1950,2,0,0.00055,0.065365,0.009633,0.074998,0.007352,NA
4,1951,3,0,0.000378,0.103443,0,0.103443,0.010254,NA
4,1952,4,0,0.000008,0.036992,0.006304,0.043296,0.008632,NA
4,1953,1,0,0.000003,0.070599,0.004977,0.075576,0.005741,NA
4,1954,2,0,0.000652,0.062971,0.003293,0.066264,0.004566,NA
4,1955,3,0,0.000043,0.092623,0.004289,0.096912,0.004472,NA
4,1956,4,0,0,0.027586,0.01016,0.037746,0.003639,NA
4,1957,1,0,0,0.041008,0.000958,0.041966,0.006416,NA
4,1958,2,0,0.000043,0.017945,0.000167,0.018112,0.008308,NA
4,1959,3,0,0.000011,0.056454,0.0054,0.061854,0.014614,NA
4,1960,4,0,0.000004,0.017278,0.000451,0.017729,0.003525,NA
4,1961,1,0,0,0.026835,0.001313,0.028148,0.00368,NA
4,1962,2,0,0.000006,0.018822,0.002499,0.021321,0.003219,NA
4,1963,3,0,0.000028,0.204973,0.009315,0.214288,0.011467,NA
4,1964,4,0,0,0.025416,0.002091,0.027507,0.00069,NA
4,1965,1,0,0.00005,0.01677,0.001029,0.017799,0.00117,NA
4,1966,2,0,0,0.021196,0.001053,0.022249,0.001151,NA
4,1967,3,0,0.000124,0.193857,0.012513,0.20637,0.013991,NA
4,1968,4,0,0,0.037393,0.00615,0.043543,0.00171,NA
4,1969,1,0,0,0.016003,0.001208,0.017211,0.001936,NA
4,1970,2,0,0.000371,0.015826,0,0.015826,0.000497,NA
4,1971,3,0,0,0.124161,0.000346,0.124507,0.010761,NA
4,1972,4,0,0,0.01686,0.000111,0.016971,0.001969,NA
4,1973,1,0,0,0.010538,0.000124,0.010662,0.002012,NA
4,1974,2,0,0,0.015702,0.001729,0.017431,0.001046,NA
4,1975,3,0,0.000122,0.121742,0.000634,0.122376,0.014735,NA
4,1976,4,0,0,0.007112,0,0.007112,0.001069,NA
4,1977,1,0,0,0.005875,0.009521,0.015396,0.001214,NA
4,1978,2,0,0,0.039903,0.000724,0.040627,0.001678,NA
4,1979,3,0,0,0.015714,0.01427,0.029984,0.016178,NA
4,1980,4,0,0,0.039381,0.005789,0.04517,0.001376,NA
4,1981,1,0,0,0.014724,0.001808,0.016532,0.000562,NA
4,1982,2,0,0,0.003066,0.002211,0.005277,0.00099,NA
4,1983,3,0,0.000017,0.036597,0.001535,0.038132,0.003484,NA
4,1984,4,0,0.000012,0.044712,0.005879,0.050591,0.004909,NA
4,1985,1,0,0,0.016449,0.002728,0.019177,0.00303,NA
4,1986,2,0,0,0.020562,0.000636,0.021198,0.001396,NA
4,1987,3,0,0.000132,0.018171,0.004289,0.02246,0.00566,NA
4,1988,4,0,0,0.011669,0.001381,0.01305,0.007405,NA
4,1989,1,0,0,0.004945,0.007897,0.012842,0.001367,NA
4,1990,2,0,0,0.018847,0.012283,0.03113,0.005065,NA
4,1991,3,0,0.000114,0.047542,0.001083,0.048625,0.00246,NA
4,1992,4,0,0.000014,0.010556,0.002313,0.012869,0.001117,NA
4,1993,1,0,0,0.016961,0.003506,0.020467,0.000592,NA
4,1994,2,0,0,0.006743,0.004106,0.010849,0.001845,NA
4,1995,3,0,0.00004,0.025092,0.002259,0.027351,0.013467,NA
4,1996,4,0,0,0.020695,0.006081,0.026776,0.004055,NA
4,1997,1,0,0,0.001335,0.003689,0.005024,0.002119,NA
4,1998,2,0,0,0.011272,0.005729,0.017001,0.00283,NA
4,1999,3,0,0,0.019734,0,0.019734,0.003295,NA
4,2000,4,0,0,0.023887,0.001396,0.025283,0.00672,NA
4,2001,1,0,0,0.004433,0.002392,0.006825,0.002752,NA
4,2002,2,0,0,0.007279,0.000395,0.007674,0.004505,NA
4,2003,3,0,0,0.003702,0.00009,0.003792,0.003038,NA
4,2004,4,0,0,0.003008,0.00308248,0.00609048,0.000458,NA
4,2005,1,0,0,0.001876292,0.000382325,0.002258617,0.000866,NA
4,2006,2,0,0,0.014783217,0.002639654,0.017422871,0.000636,NA
4,2007,3,0,0,0.008358904,1.95E-05,0.008378419,0.001075,NA
4,2008,4,0,0,0.00023418,0.000547969,0.000782149,0.000275,NA
4,2009,1,0,0,0.004968249,0.001241236,0.006209484,0.000843,NA
4,2010,2,0,0.000023,0.023583475,0.003044102,0.026627577,0.004095,NA
4,2011,3,0,0,0.005197248,0.000961,0.006158248,0.002037,NA
4,2012,4,NA,NA,NA,NA,NA,0.00003,NA
4,2013,1,NA,NA,NA,NA,NA,0.001924,NA
4,2014,3,NA,NA,NA,NA,NA,0.006252,NA
4,2015,4,NA,NA,NA,NA,NA,0.002211,NA
5,1948,4,0,0,0.062653,0.000684,0.063337,0.005524,NA
5,1949,1,0,0,0.036748,0.002878,0.039626,0.002109,NA
5,1950,2,0,0.000017,0.039549,0.00599,0.045539,0.001917,NA
5,1951,3,0,0.000008,0.034636,0.013009,0.047645,0.003364,NA
5,1952,4,0,0.000005,0.046167,0.00501,0.051177,0.005116,NA
5,1953,1,0,0,0.030285,0.001839,0.032124,0.0036,NA
5,1954,2,0,0.000231,0.038964,0.011293,0.050257,0.005352,NA
5,1955,3,0,0.000007,0.052497,0.00786,0.060357,0.002905,NA
5,1956,4,0,0,0.017335,0.008029,0.025364,0.005179,NA
5,1957,1,0,0.000072,0.018932,0.002011,0.020943,0.003314,NA
5,1958,2,0,0.000023,0.022591,0.000512,0.023103,0.006235,NA
5,1959,3,0,0,0.020417,0.003167,0.023584,0.005232,NA
5,1960,4,0,0.000064,0.014715,0.002049,0.016764,0.002252,NA
5,1961,1,0,0.000032,0.022139,0.002154,0.024293,0.003014,NA
5,1962,2,0,0,0.037568,0.002981,0.040549,0.004197,NA
5,1963,3,0,0.000018,0.00909,0.000265,0.009355,0.002693,NA
5,1964,4,0,0.000081,0.040283,0.008228,0.048511,0.002666,NA
5,1965,1,0,0.000073,0.018867,0.001686,0.020553,0.002669,NA
5,1966,2,0,0.00032,0.020483,0.002736,0.023219,0.002666,NA
5,1967,3,0,0.000037,0.008226,0.001395,0.009621,0.000358,NA
5,1968,4,0,0.000098,0.100888,0.005411,0.106299,0.003455,NA
5,1969,1,0,0.000381,0.010279,0.00371,0.013989,0.002577,NA
5,1970,2,0,0.000037,0.0083,0.000523,0.008823,0.001205,NA
5,1971,3,0,0.000033,0.00957,0.002116,0.011686,0.000223,NA
5,1972,4,0,0.000087,0.056973,0.000761,0.057734,0.004507,NA
5,1973,1,0,0.000022,0.001616,0.007723,0.009339,0.001345,NA
5,1974,2,0,0.000206,0.011541,0.000476,0.012017,0.001479,NA
5,1975,3,0,0.000007,0.005632,0.000797,0.006429,0.001391,NA
5,1976,4,0,0.000056,0.018539,0.001331,0.01987,0.003976,NA
5,1977,1,0,0,0.002728,0.003189,0.005917,0.000198,NA
5,1978,2,0,0.000253,0.011888,0.006562,0.01845,0.001343,NA
5,1979,3,0,0,0.001183,0.001856,0.003039,0.000693,NA
5,1980,4,0,0.000112,0.047827,0.003784,0.051611,0.002056,NA
5,1981,1,0,0.000029,0.007366,0.001244,0.00861,0.000312,NA
5,1982,2,0,0,0.002509,0.001233,0.003742,0.001533,NA
5,1983,3,0,0.000038,0.002855,0.001196,0.004051,0.001821,NA
5,1984,4,0,0.000325,0.032692,0.014038,0.04673,0.006701,NA
5,1985,1,0,0.000007,0.00283,0.001591,0.004421,0.001922,NA
5,1986,2,0,0,0.002902,0.000111,0.003013,0.00108,NA
5,1987,3,0,0,0.001399,0.002421,0.00382,0.000723,NA
5,1988,4,0,0,0.041783,0.008304,0.050087,0.009207,NA
5,1989,1,0,0.000007,0.007357,0.003935,0.011292,0.000925,NA
5,1990,2,0,0,0.00161,0.000934,0.002544,0.000412,NA
5,1991,3,0,0,0.000908,0.000553,0.001461,0.000264,NA
5,1992,4,0,0.000006,0.065321,0.002024,0.067345,0.004112,NA
5,1993,1,0,0.000024,0.022386,0.010727,0.033113,0.002934,NA
5,1994,2,0,0,0.004738,0.022745,0.027483,0.0008,NA
5,1995,3,0,0.000041,0.022745,0.004484,0.027229,0.000682,NA
5,1996,4,0,0,0.089315,0.022684,0.111999,0.021381,NA
5,1997,1,0,0,0.025983,0.025281,0.051264,0.002367,NA
5,1998,2,0,0.000008,0.004905,0.011325,0.01623,0.003585,NA
5,1999,3,0,0.000092,0.026426,0.034631,0.061057,0.003499,NA
5,2000,4,0,0.000053,0.107671,0.007672,0.115343,0.027668,NA
5,2001,1,0,0,0.079275,0.016425,0.0957,0.016025,NA
5,2002,2,0,0.000045,0.021369,0.021419,0.042788,0.008402,NA
5,2003,3,0,0,0.002439,0.00593,0.008369,0.00489,NA
5,2004,4,0,0.000004,0.039136,0.008848711,0.047984711,0.003244,NA
5,2005,1,0,0,0.006441341,0.00245384,0.008895181,0.016967,NA
5,2006,2,0,0,0.00718197,0.00965152,0.01683349,0.003442,NA
5,2007,3,0,0,0.006256848,0.004426859,0.010683707,0.008064,NA
5,2008,4,0,0.000002,0.014789734,0.003640755,0.018430489,0.003562,NA
5,2009,1,0,0.000005,0.019972142,0.01521795,0.035190092,0.006039,NA
5,2010,2,0,0.000026,0.038268668,0.005849682,0.04411835,0.002389,NA
5,2011,3,0,0.000024,0.017945634,0.004859,0.022804634,0.00443,NA
5,2012,4,NA,NA,NA,NA,NA,0.00171,NA
5,2013,1,NA,NA,NA,NA,NA,0.009045,NA
5,2014,2,NA,NA,NA,NA,NA,0.009471,NA
5,2015,3,NA,NA,NA,NA,NA,0.008794,NA
6,1948,4,0,0,0.000618,0,0.000618,0.000048,NA
6,1949,1,0,0.022455,0.463409,0,0.463409,0.01921,NA
6,1950,2,0,0.000034,0.002014,0,0.002014,0.000264,NA
6,1951,3,0,0,0.000413,0,0.000413,0.000009,NA
6,1952,4,0,0,0.000562,0,0.000562,0.000051,NA
6,1953,1,0,0.005902,0.604123,0.00022,0.604343,0.047564,NA
6,1954,2,0,0,0.010692,0,0.010692,0.000146,NA
6,1955,3,0,0,0.00018,0,0.00018,0.00003,NA
6,1956,4,0,0.000018,0.001115,0,0.001115,0.000039,NA
6,1957,1,0,0.008359,0.98958,0.000144,0.989724,0.132852,NA
6,1958,2,0,0.000027,0.003362,0.000023,0.003385,0.001269,NA
6,1959,3,0,0,0.000165,0,0.000165,0.000029,NA
6,1960,4,0,0.000006,0.001469,0,0.001469,0.000123,NA
6,1961,1,0,0.044481,1.195807,0.000509,1.196316,0.07,NA
6,1962,2,0,0.00003,0.007257,0,0.007257,0.000566,NA
6,1963,3,0,0,0.000956,0,0.000956,0.00004,NA
6,1964,4,0,0,0.002812,0,0.002812,0.000159,NA
6,1965,1,0,0.014161,1.652107,0.000821,1.652928,0.105393,NA
6,1966,2,0,0.000028,0.007038,0.000396,0.007434,0.00104,NA
6,1967,3,0,0.000011,0.00175,0,0.00175,0.000024,NA
6,1968,4,0,0,0.000428,0,0.000428,0.000333,NA
6,1969,1,0,0.006413,1.626582,0.007768,1.63435,0.076565,NA
6,1970,2,0,0,0.020339,0,0.020339,0.000388,NA
6,1971,3,0,0,0.000747,0,0.000747,0.000016,NA
6,1972,4,0,0.000009,0.000856,0,0.000856,0.000046,NA
6,1973,1,0,0.005114,2.326864,0.003929,2.330793,0.112414,NA
6,1974,2,0,0.000021,0.029304,0.00157,0.030874,0.002587,NA
6,1975,3,0,0,0.001865,0,0.001865,0.000105,NA
6,1976,4,0,0,0.001233,0,0.001233,0.000209,0.1144
6,1977,1,0,0.008446,3.810786,0.054029,3.864815,0.160717,49.6
6,1978,2,0,0.000142,0.186073,0.010473,0.196546,0.004349,NA
6,1979,3,0,0,0.002103,0.003908,0.006011,0.000238,NA
6,1980,4,0,0,0.002446,0,0.002446,0.000098,NA
6,1981,1,0,0.019608,9.553856,0.213188,9.767044,0.33229,67.58437134
6,1982,2,0,0,0.499074,0.056312,0.555386,0.020054,NA
6,1983,3,0,0.000033,0.031515,0.008864,0.040379,0.001098,NA
6,1984,4,0,0.000085,0.006868,0,0.006868,0.000551,NA
6,1985,1,0,0.028135,12.137664,0.334171,12.471835,0.692799,46.51545387
6,1986,2,0,0.000041,2.364628,0.168115,2.532743,0.094792,14.68396132
6,1987,3,0,0.000011,0.119437,0.057144,0.176581,0.011238,11.00922524
6,1988,4,0,0,0.026342,0,0.026342,0.004185,NA
6,1989,1,0,0.010417,10.339444,0.280053,10.619497,0.942522,58.01335528
6,1990,2,0,0.000585,2.946813,0.336236,3.283049,0.259553,5.244447045
6,1991,3,0,0.000026,0.100196,0.050671,0.150867,0.024861,12.29105445
6,1992,4,0,0.000001,0.029213,0,0.029213,0.003046,NA
6,1993,1,0,0.001642,6.446036,0.398551,6.844587,1.50735,62.55041577
6,1994,2,0,0.000248,2.263471,0.212902,2.476373,0.356251,16.75337446
6,1995,3,0,0,0.119078,0.048228,0.167306,0.116867,NA
6,1996,4,0,0,0.067906,0.019609,0.087515,0.021719,NA
6,1997,1,0,0.000079,4.358762,0.318446,4.677208,0.904914,53.90736355
6,1998,2,0,0.000056,4.467804,0.272015,4.739819,0.534532,36.11553759
6,1999,3,0,0,0.581976,0.22861,0.810586,0.106908,13.789241
6,2000,4,0,0,0.038143,0.015667,0.05381,0.037163,5.159686
6,2001,1,0,0.000042,3.576455,0.115416,3.691871,1.740454,65.39519864
6,2002,2,0,0.000038,0.603583,0.036207,0.63979,1.312599235,48.39503225
6,2003,3,0,0,0.082424,0.060604,0.143028,0.148333,10.372264
6,2004,4,0,0,0.006545,0.005986006,0.012531006,0.006629,1.86
6,2005,1,0,0,0.19805493,0.008051135,0.206106064,0.777707359,51.80610829
6,2006,2,0,5.58E-05,0.600702732,0.04795137,0.648654102,0.090069,15.164301
6,2007,3,0,0.000021,0.073106843,0.003424802,0.076531645,0.033601,NA
6,2008,4,0,0,0.003845035,0.006324999,0.010170034,0.002473,NA
6,2009,1,0,0.000019,0.286898579,0.021465336,0.308363914,0.082781,14.182463
6,2010,2,0,0.002958,2.395466731,0.030969297,2.426436028,0.131546,24.970095
6,2011,3,0,3.07E-05,0.036032515,0.00677,0.042802515,0.016936,6.427365
6,2012,4,NA,NA,NA,NA,NA,0.000097,NA
6,2013,1,NA,NA,NA,NA,NA,0.093727,15.426032
6,2014,2,NA,NA,NA,NA,NA,0.430994,71.001784
6,2015,3,NA,NA,NA,NA,NA,0.025749,NA
7,1948,4,0,0.032,1.643062,0.011182,1.654244,0.364597,NA
7,1949,1,0,0.003732,0.560635,0.010368,0.571003,0.033029,3.14683
7,1950,2,0,0.001489,0.183278,0.004705,0.187983,0.006555,1.170491
7,1951,3,0,0.003925,0.644911,0.020763,0.665674,0.057563,11.504581
7,1952,4,0,0.018732,1.763929,0.035975,1.799904,0.233628,22.973478
7,1953,1,0,0.001172,0.514554,0.014004,0.528558,0.094471,7.690383
7,1954,2,0,0.012234,0.632132,0.004415,0.636547,0.021247,3.007274
7,1955,3,0,0.032418,1.407963,0.031011,1.438974,0.075834,9.15912
7,1956,4,0,0.013905,2.379854,0.016684,2.396538,0.368607,28.242157
7,1957,1,0,0.000076,0.117362,0.003149,0.120511,0.083128,9.458468
7,1958,2,0,0.004055,0.27832,0.013613,0.291933,0.070433,6.902846
7,1959,3,0,0.023792,2.080497,0.018659,2.099156,0.272891,32.629026
7,1960,4,0,0.005472,0.958877,0.00598,0.964857,0.244864,33.817514
7,1961,1,0,0.000256,0.052713,0.011583,0.064296,0.015038,1.593017
7,1962,2,0,0.010657,0.960609,0.013582,0.974191,0.042125,8.808628
7,1963,3,0,0.037579,1.112861,0.004045,1.116906,0.057207,9.263733
7,1964,4,0,0.007252,1.818921,0.05581,1.874731,0.13159,23.643449
7,1965,1,0,0.001787,0.138555,0.00236,0.140915,0.020813,2.343404
7,1966,2,0,0.026456,0.744469,0.027636,0.772105,0.107541,16.816182
7,1967,3,0,0.028734,1.933329,0.023351,1.95668,0.090006,8.812334
7,1968,4,0,0.046952,2.349375,0.021925,2.3713,0.181912,31.772048
7,1969,1,0,0.004126,0.369954,0.015839,0.385793,0.025519,3.570614
7,1970,2,0,0.016775,0.630046,0.001084,0.63113,0.050923,3.848709
7,1971,3,0,0.058786,0.740253,0,0.740253,0.097365,7.608969
7,1972,4,0,0.042709,1.947465,0.034424,1.981889,0.332353,20.273314
7,1973,1,0,0.008835,0.200775,0.006807,0.207582,0.030231,4.300031
7,1974,2,0,0.026487,0.641497,0.004312,0.645809,0.071127,7.245661
7,1975,3,0,0.022821,1.389008,0.007375,1.396383,0.133782,14.145005
7,1976,4,0,0.008457,1.650944,0.025168,1.676112,0.228326,26.010772
7,1977,1,0,0.003346,0.190527,0.002743,0.19327,0.020385,2.268157
7,1978,2,0,0.008616,1.169034,0.077743,1.246777,0.08557,16.490014
7,1979,3,0,0.009358,1.615466,0.072206,1.687672,0.14792,21.152257
7,1980,4,0,0.012504,3.920494,0.473961,4.394455,0.293234,35.037719
7,1981,1,0,0.001722,0.180656,0.004547,0.185203,0.020164,1.704324
7,1982,2,0,0.052424,1.355953,0.131741,1.487694,0.142515,13.967231
7,1983,3,0,0.045476,1.71733,0.036418,1.753748,0.213715,19.714627
7,1984,4,0,0.011108,0.500714,0.00289,0.503604,0.283152,9.843219347
7,1985,1,0,0.00097,0.366037,0.1844,0.550437,0.034979,5.591056048
7,1986,2,0,0.047835,4.413216,0.279555,4.692771,0.165504,18.884731
7,1987,3,0,0.011552,4.032356,0.316979,4.349335,0.268111,21.69502098
7,1988,4,0,0.002697,2.979547,0.157913,3.13746,0.206206,20.90073508
7,1989,1,0,0.011841,3.015024,0.086942,3.101966,0.042811,0
7,1990,2,0,0.013262,2.412516,0.178745,2.591261,0.497991,34.1683739
7,1991,3,0,0.004495,1.126703,0.128342,1.255045,0.597537,39.72180988
7,1992,4,0,0.003754,1.773513,0.078754,1.852267,0.319959,12.86643198
7,1993,1,0,0.018173,3.380892,0.548667,3.929559,0.322298,27.2578109
7,1994,2,0,0.010606,1.331935,0.072717,1.404652,0.253976,16.97692671
7,1995,3,0,0.002778,1.045307,0.179013,1.22432,0.298027,39.82647267
7,1996,4,0,0.000359,1.175834,0.159331,1.335165,0.504469,18.70049583
7,1997,1,0,0.000222,0.663879,0.204615,0.868494,0.509298,21.83762514
7,1998,2,0,0.001084,0.423716,0.073801,0.497517,0.467624,11.07824373
7,1999,3,0,0.002228,1.44998,0.109275,1.559255,0.432565,19.98533248
7,2000,4,0,0.003918,0.42496,0.027152,0.452112,0.395559,19.475377
7,2001,1,0,0.000176,1.001606,0.089122,1.090728,0.331244,35.71094532
7,2002,2,0,0.004514,1.119367,0.106118,1.225485,0.21505,19.62517685
7,2003,3,0,0.000557,0.321849,0.029357,0.351206,0.334896,25.06021523
7,2004,4,0,0.000854,0.388845,0.033231053,0.422076053,0.049193,10.9742493
7,2005,1,0,0.00072,0.262014068,0.0380082,0.300022268,0.285065,76.50790521
7,2006,2,0,0.004234551,4.459628756,0.339677843,4.799306599,0.261918,72.78287079
7,2007,3,0,0.002369218,1.05734306,0.015920844,1.073263904,0.156518,25.22333649
7,2008,4,0,0.001830392,0.466387067,0.04465155,0.511038617,0.068731,12.11548406
7,2009,1,0,0.001081,1.621556291,0.173906447,1.795462738,0.127367,33.83781271
7,2010,2,0,0.036811643,2.478166869,0.078991769,2.557158638,1.18154,54.97223555
7,2011,3,0,0.0021735,0.786936864,0.083108,0.870044864,0.457653,43.22418393
7,2012,4,NA,NA,NA,NA,NA,0.090758,11.492488
7,2013,1,NA,NA,NA,NA,NA,0.624495,NA
7,2014,2,NA,NA,NA,NA,NA,0.665987,62.471644
7,2015,3,NA,NA,NA,NA,NA,0.429012,NA
8,1948,4,0,0,0.029658,0,0.029658,0.00128,NA
8,1949,1,0,0.000733,0.025617,0,0.025617,0.003476,NA
8,1950,2,0,0.000909,0.161081,0,0.161081,0.004697,NA
8,1951,3,0,0.000125,0.067964,0.000731,0.068695,0.011504,NA
8,1952,4,0,0.000093,0.011156,0,0.011156,0.00278,NA
8,1953,1,0,0.00015,0.04487,0,0.04487,0.002907,NA
8,1954,2,0,0.023882,0.428958,0.003444,0.432402,0.012463,NA
8,1955,3,0,0.000372,0.308775,0.00055,0.309325,0.005178,NA
8,1956,4,0,0.000026,0.010971,0.001766,0.012737,0.001102,NA
8,1957,1,0,0.000262,0.011959,0,0.011959,0.007106,NA
8,1958,2,0,0.006184,0.188824,0.00051,0.189334,0.044285,NA
8,1959,3,0,0.000409,0.175192,0.000368,0.17556,0.025473,NA
8,1960,4,0,0.000051,0.008697,0,0.008697,0.001862,NA
8,1961,1,0,0.000055,0.025649,0,0.025649,0.001957,NA
8,1962,2,0,0.002939,0.169778,0.000572,0.17035,0.027411,NA
8,1963,3,0,0.000147,0.112265,0.001674,0.113939,0.026742,NA
8,1964,4,0,0,0.017994,0.000504,0.018498,0.001321,NA
8,1965,1,0,0.000183,0.034707,0,0.034707,0.00255,NA
8,1966,2,0,0.000658,0.139745,0.001425,0.14117,0.012943,NA
8,1967,3,0,0.000066,0.216733,0.002954,0.219687,0.007264,NA
8,1968,4,0,0,0.021963,0.000145,0.022108,0.002064,NA
8,1969,1,0,0.000258,0.014617,0,0.014617,0.003276,NA
8,1970,2,0,0.00047,0.223705,0,0.223705,0.003603,NA
8,1971,3,0,0.001341,0.132035,0.001934,0.133969,0.009463,NA
8,1972,4,0,0.00032,0.056465,0,0.056465,0.001418,NA
8,1973,1,0,0.000419,0.024381,0,0.024381,0.00115,NA
8,1974,2,0,0.001353,0.247377,0,0.247377,0.025096,NA
8,1975,3,0,0.001665,0.175012,0.004007,0.179019,0.015756,NA
8,1976,4,0,0.000038,0.018193,0.000191,0.018384,0.004898,NA
8,1977,1,0,0.000135,0.053835,0.001444,0.055279,0.002883,NA
8,1978,2,0,0.00073,0.256211,0.004984,0.261195,0.030757,NA
8,1979,3,0,0.000085,0.092992,0.042223,0.135215,0.024866,NA
8,1980,4,0,0.00001,0.045127,0.007711,0.052838,0.004616,NA
8,1981,1,0,0,0.026268,0,0.026268,0.005354,NA
8,1982,2,0,0.002737,0.492244,0.013474,0.505718,0.027219,NA
8,1983,3,0,0.003003,0.261161,0.007562,0.268723,0.014014,NA
8,1984,4,0,0.000174,0.035743,0.0001,0.035843,0.009148,NA
8,1985,1,0,0.000332,0.032018,0.011226,0.043244,0.002684,NA
8,1986,2,0,0.001132,0.811714,0.011322,0.823036,0.057017,NA
8,1987,3,0,0.000314,0.416101,0.025805,0.441906,0.04108,NA
8,1988,4,0,0,0.009027,0.001816,0.010843,0.007989,NA
8,1989,1,0,0.000068,0.018809,0,0.018809,0.002864,NA
8,1990,2,0,0.000136,0.272278,0.006413,0.278691,0.108234,NA
8,1991,3,0,0,0.08431,0.011139,0.095449,0.060797,NA
8,1992,4,0,0,0.015128,0.002778,0.017906,0.003586,NA
8,1993,1,0,0,0.006251,0.002465,0.008716,0.00495,NA
8,1994,2,0,0,0.169885,0.002662,0.172547,0.019152,NA
8,1995,3,0,0.000017,0.064323,0.0017,0.066023,0.023901,NA
8,1996,4,0,0,0.032991,0.006479,0.03947,0.00959,NA
8,1997,1,0,0,0.001944,0,0.001944,0.000836,NA
8,1998,2,0,0.000182,0.210538,0.003684,0.214222,0.014548,NA
8,1999,3,0,0.000032,0.105903,0.027996,0.133899,0.010072,NA
8,2000,4,0,0,0.058537,0.001026,0.059563,0.01186,NA
8,2001,1,0,0,0.014842,0.0042,0.019042,0.003743,NA
8,2002,2,0,0.000851,0.497726,0.009077,0.506803,0.055465,NA
8,2003,3,0,0,0.011206,0.00087,0.012076,0.018483,NA
8,2004,4,0,0,0.006671,0.000246588,0.006917588,0.000762,NA
8,2005,1,0,0,0.007820367,0,0.007820367,0.002326,NA
8,2006,2,0,0.000551,1.070611177,0.022130464,1.092741641,0.057783,NA
8,2007,3,0,0,0.018076028,0.000216381,0.018292409,0.005905,NA
8,2008,4,0,0,0.002163809,0.000181098,0.002344906,0.000311,NA
8,2009,1,0,0.000002,0.043282323,0.003714475,0.046996798,0.003093,NA
8,2010,2,0,0.000827374,0.290967196,0.004287,0.295254196,0.287496,NA
8,2011,3,0,0.000011,0.016758271,0.000807,0.017565271,0.007994,NA
8,2012,4,NA,NA,NA,NA,NA,0.000264,NA
8,2013,1,NA,NA,NA,NA,NA,0.013883,NA
8,2014,2,NA,NA,NA,NA,NA,0.057414,NA
8,2015,3,NA,NA,NA,NA,NA,0.00396,NA
9,1948,4,0,0,0.022876,0.005454,0.02833,0.008502,NA
9,1949,1,0,0.005415,0.021384,0,0.021384,0.002011,NA
9,1950,2,0,0.594356,9.303676,0.012645,9.316321,0.583072,NA
9,1951,3,0,0.00729,0.519779,0.002251,0.52203,0.082094,NA
9,1952,4,0,0.001481,0.01432,0.002131,0.016451,0.004211,NA
9,1953,1,0,0.001456,0.029571,0,0.029571,0.001623,NA
9,1954,2,0,0.71472,15.095741,0.01206,15.107801,1.06764,NA
9,1955,3,0,0.011116,0.853267,0.000609,0.853876,0.044634,NA
9,1956,4,0,0.000555,0.006961,0.000458,0.007419,0.002103,NA
9,1957,1,0,0.000016,0.002206,0,0.002206,0.001651,NA
9,1958,2,0,0.123575,2.076776,0.004097,2.080873,1.128919,NA
9,1959,3,0,0.007679,0.374501,0.000106,0.374607,0.08927,NA
9,1960,4,0,0.000201,0.002333,0,0.002333,0.001322,NA
9,1961,1,0,0.000204,0.006996,0,0.006996,0.000854,NA
9,1962,2,0,0.090241,2.74025,0.010891,2.751141,0.652104,NA
9,1963,3,0,0.078928,3.047429,0.003663,3.051092,0.080246,NA
9,1964,4,0,0.002346,0.017103,0.000177,0.01728,0.000345,NA
9,1965,1,0,0.000496,0.024312,0,0.024312,0.001332,NA
9,1966,2,0,0.096198,3.914887,0.022138,3.937025,0.661765,NA
9,1967,3,0,0.065955,3.108302,0.008076,3.116378,0.402452,NA
9,1968,4,0,0.000222,0.020709,0.000074,0.020783,0.002713,NA
9,1969,1,0,0.001625,0.027967,0,0.027967,0.003166,NA
9,1970,2,0,0.173639,5.373956,0.002667,5.376623,0.787577,NA
9,1971,3,0,0.021467,0.680311,0.000128,0.680439,0.159119,NA
9,1972,4,0,0.004098,0.038342,0.002065,0.040407,0.002155,NA
9,1973,1,0,0.003817,0.064051,0,0.064051,0.002467,NA
9,1974,2,0,0.14521,6.888446,0.00975,6.898196,0.619143,90.475861
9,1975,3,0,0.003181,1.022005,0.001078,1.023083,0.08554,21.208499
9,1976,4,0,0.000578,0.013049,0,0.013049,0.003072,12.460947
9,1977,1,0,0.00062,0.093025,0,0.093025,0.006027,3.901516
9,1978,2,0,0.119355,9.358872,0.115757,9.474629,1.014791,172.618632
9,1979,3,0,0.007343,1.475536,0.015681,1.491217,0.162067,51.295653
9,1980,4,0,0.001513,0.02135,0.000444,0.021794,0.001817,NA
9,1981,1,0,0.000004,0.009466,0,0.009466,0.00595,NA
9,1982,2,0,0.079877,9.206624,0.105481,9.312105,1.568612,137.424814
9,1983,3,0,0.017088,1.94757,0.016259,1.963829,0.100257,34.362244
9,1984,4,0,0.000103,0.032672,0.000399,0.033071,0.002403,NA
9,1985,1,0,0.000061,0.004319,0,0.004319,0.000833,NA
9,1986,2,0,0.067599,10.620066,0.1944,10.814466,1.068368,141.256617
9,1987,3,0,0.008518,3.84021,0.055204,3.895414,0.319714,153.543643
9,1988,4,0,0.000001,0.006611,0.001608,0.008219,0.003556,15.103054
9,1989,1,0,0.000277,0.012858,0,0.012858,0.000385,14.765826
9,1990,2,0,0.019675,7.602634,0.125559,7.728193,1.74553,99.46963604
9,1991,3,0,0.00077,0.845854,0.019352,0.865206,0.615987,56.186507
9,1992,4,0,0,0.011466,0.008443,0.019909,0.00664,10.687339
9,1993,1,0,0.000023,0.015343,0,0.015343,0.000753,NA
9,1994,2,0,0.000634,2.589723,0.017569,2.607292,0.664678,75.71313646
9,1995,3,0,0.000475,0.750905,0.020211,0.771116,0.210742,16.49657183
9,1996,4,0,0,0.03174,0.029362,0.061102,0.005493,NA
9,1997,1,0,0,0.033707,0.000722,0.034429,0.000597,NA
9,1998,2,0,0.020892,7.141837,0.020407,7.162244,0.680552,40.253416
9,1999,3,0,0.000111,0.67751,0.021292,0.698802,0.138275,NA
9,2000,4,0,0,0.001388,0,0.001388,0.000164,NA
9,2001,1,0,0.000088,0.006455,0.001243,0.007698,0.002138,NA
9,2002,2,0,0.042234,7.387191,0.053848,7.441039,2.844548,132.234134
9,2003,3,0,0.000012,0.120226,0.012198,0.132424,0.189695,18.45659393
9,2004,4,0,0,0,0.001934881,0.001934881,0.002234,NA
9,2005,1,0,0,0.032714111,0,0.032714111,0.011794,NA
9,2006,2,0,0.045470145,17.33414011,0.159426724,17.49356683,1.170692,104.566067
9,2007,3,0,0.000058,0.208354006,0.002004834,0.210358839,0.032296,NA
9,2008,4,0,0,0,0.009167992,0.009167992,0.000083,NA
9,2009,1,0,0,0.378537736,0,0.378537736,0.020208,NA
9,2010,2,0,0.041205689,8.549218512,0.010668372,8.559886885,3.073257,186.846785
9,2011,3,0,0.000089,0.01920554,0,0.01920554,0.046028,11.176047
9,2012,4,NA,NA,NA,NA,NA,0.000006,NA
9,2013,1,NA,NA,NA,NA,NA,0.087946,NA
9,2014,2,NA,NA,NA,NA,NA,1.053494,129.200513
9,2015,3,NA,NA,NA,NA,NA,0.003178,NA
10,1948,4,0,0,0.179637,0.012353,0.19199,0.054755,NA
10,1949,1,0,0.044548,0.228462,0.008696,0.237158,0.043328,NA
10,1950,2,0,0.013166,0.183919,0.03083,0.214749,0.04137,NA
10,1951,3,0,0.031161,0.107397,0.066404,0.173801,0.013589,NA
10,1952,4,0,0.014902,0.180787,0.033154,0.213941,0.024744,NA
10,1953,1,0,0.008205,0.102206,0.016671,0.118877,0.016287,NA
10,1954,2,0,0.012671,0.128222,0.017949,0.146171,0.008635,NA
10,1955,3,0,0.0351,0.22116,0.007193,0.228353,0.008185,NA
10,1956,4,0,0.0205,0.209127,0.042071,0.251198,0.027156,NA
10,1957,1,0,0.003587,0.037495,0.00534,0.042835,0.007068,NA
10,1958,2,0,0.021115,0.074626,0.011443,0.086069,0.00551,NA
10,1959,3,0,0.026205,0.188393,0.036763,0.225156,0.011388,NA
10,1960,4,0,0.028566,0.119526,0.010607,0.130133,0.019198,NA
10,1961,1,0,0.021891,0.067104,0.017364,0.084468,0.01055,NA
10,1962,2,0,0.021342,0.066117,0.008304,0.074421,0.014311,NA
10,1963,3,0,0.095525,0.281641,0.048565,0.330206,0.020769,NA
10,1964,4,0,0.039236,0.225898,0.085137,0.311035,0.027978,NA
10,1965,1,0,0.030602,0.109033,0.01477,0.123803,0.009769,NA
10,1966,2,0,0.056603,0.155016,0.061319,0.216335,0.013462,NA
10,1967,3,0,0.054257,0.365358,0.045896,0.411254,0.01758,NA
10,1968,4,0,0.021213,0.218223,0.035366,0.253589,0.031042,NA
10,1969,1,0,0.073972,0.451184,0.239195,0.690379,0.014324,NA
10,1970,2,0,0.119108,0.531214,0.030799,0.562013,0.019252,NA
10,1971,3,0,0.062316,0.245897,0.046347,0.292244,0.016143,NA
10,1972,4,0,0.042841,0.424942,0.046655,0.471597,0.026202,NA
10,1973,1,0,0.044117,0.140353,0.024973,0.165326,0.028374,NA
10,1974,2,0,0.054695,0.424633,0.207538,0.632171,0.085495,NA
10,1975,3,0,0.009335,0.080976,0.018616,0.099592,0.019653,NA
10,1976,4,0,0.029279,0.479356,0.084392,0.563748,0.050023,NA
10,1977,1,0,0.01558,0.28702,0.098126,0.385146,0.012799,NA
10,1978,2,0,0.042233,0.493542,0.117215,0.610757,0.048158,NA
10,1979,3,0,0.013881,0.273583,0.121177,0.39476,0.035168,NA
10,1980,4,0,0.010131,0.115564,0.036212,0.151776,0.032786,NA
10,1981,1,0,0.00455,0.105179,0.15643,0.261609,0.027175,NA
10,1982,2,0,0.048333,1.471487,0.281339,1.752826,0.072353,NA
10,1983,3,0,0.015268,0.625519,0.149561,0.77508,0.021069,NA
10,1984,4,0,0.005918,0.347631,0.086729,0.43436,0.023226,NA
10,1985,1,0,0.012226,0.123208,0.093098,0.216306,0.005757,NA
10,1986,2,0,0.024019,0.869228,0.315301,1.184529,0.197841,NA
10,1987,3,0,0.005671,0.6983,0.279598,0.977898,0.089492,NA
10,1988,4,0,0.029507,0.200724,0.664723,0.865447,0.075537,NA
10,1989,1,0,0.036435,0.935181,0.173958,1.109139,0.01569,NA
10,1990,2,0,0.010179,0.200407,0.024968,0.225375,0.097108,NA
10,1991,3,0,0.000244,0.05527,0.061746,0.117016,0.152077,NA
10,1992,4,0,0.003522,0.047661,0.046563,0.094224,0.093445,NA
10,1993,1,0,0.008716,0.180208,0.380162,0.56037,0.151089,NA
10,1994,2,0,0.001028,0.021899,0.040686,0.062585,0.022315,NA
10,1995,3,0,0.000486,0.141021,0.028997,0.170018,0.018407,NA
10,1996,4,0,0.000723,0.034094,0.041519,0.075613,0.027824,NA
10,1997,1,0,0,0.018165,0.0102,0.028365,0.023274,NA
10,1998,2,0,0.000277,0.213323,0.403021,0.616344,0.172997,NA
10,1999,3,0,0,0.047311,0.036027,0.083338,0.02622,NA
10,2000,4,0,0.000652,0.06371,0.037603,0.101313,0.008333,NA
10,2001,1,0,0.000056,0.110415,0.081203,0.191618,0.028361,NA
10,2002,2,0,0.000898,0.502582,0.129934,0.632516,0.107481,NA
10,2003,3,0,0.00008,0.006064,0.00701,0.013074,0.152657,NA
10,2004,4,0,0.000047,0.046487,0.029866108,0.076353108,0.017516,NA
10,2005,1,0,0.000361,0.033022688,0.051280156,0.084302844,0.027117,NA
10,2006,2,0,0.000179,0.257768251,0.178227046,0.435995298,0.137365,NA
10,2007,3,0,0.00018,0.188793867,0.054063086,0.242856953,0.05429,NA
10,2008,4,0,0.001015278,0.046215218,0.022852304,0.069067522,0.006788,NA
10,2009,1,0,0.000207188,0.066739115,0.065973984,0.132713099,0.034475,NA
10,2010,2,0,0.0000175,0.026130872,0.00563714,0.031768012,0.067762,NA
10,2011,3,0,0.000211,0.055490597,0.031284,0.086774597,0.09242,NA
10,2012,4,NA,NA,NA,NA,NA,0.002505,NA
10,2013,1,NA,NA,NA,NA,NA,0.046794,NA
10,2014,2,NA,NA,NA,NA,NA,0.01961,NA
10,2015,3,NA,NA,NA,NA,NA,0.026687,NA
11,1948,4,0,0,0.03782,0.001256,0.039076,NA,NA
11,1949,1,0,0.001662,0.037489,0,0.037489,NA,NA
11,1950,2,0,0.003623,0.101664,0,0.101664,NA,NA
11,1951,3,0,0.003498,0.166043,0.004527,0.17057,NA,0.388873
11,1952,4,0,0.000159,0.032999,0.011266,0.044265,NA,0.620213
11,1953,1,0,0.000497,0.062317,0.000855,0.063172,NA,NA
11,1954,2,0,0.001631,0.061631,0.001933,0.063564,NA,1.903296
11,1955,3,0,0.00161,0.27449,0.001184,0.275674,NA,2.688063
11,1956,4,0,0.001273,0.035165,0.001067,0.036232,NA,0.97612
11,1957,1,0,0.000095,0.026724,0.001264,0.027988,NA,0.319495
11,1958,2,0,0.003547,0.046269,0.001097,0.047366,NA,1.427228
11,1959,3,0,0.000114,0.050631,0.001449,0.05208,NA,1.327842
11,1960,4,0,0.000483,0.022606,0.000414,0.02302,NA,1.025404
11,1961,1,0,0.000194,0.005954,0,0.005954,NA,1.200498
11,1962,2,0,0.000524,0.035483,0,0.035483,NA,NA
11,1963,3,0,0.003825,0.131466,0.003157,0.134623,NA,NA
11,1964,4,0,0.001357,0.067696,0.00155,0.069246,NA,NA
11,1965,1,0,0.00138,0.019606,0,0.019606,NA,0.131106
11,1966,2,0,0.004551,0.040079,0.000435,0.040514,NA,2.101506
11,1967,3,0,0.007716,0.096671,0.006114,0.102785,NA,2.441694
11,1968,4,0,0.000036,0.042418,0,0.042418,NA,1.005291
11,1969,1,0,0.001446,0.005031,0,0.005031,NA,0.186787
11,1970,2,0,0.00091,0.044797,0.00015,0.044947,NA,0.799934
11,1971,3,0,0.002673,0.047715,0.000313,0.048028,NA,1.086016
11,1972,4,0,0.000337,0.03002,0.000003,0.030023,NA,0.167111
11,1973,1,0,0.000044,0.00048,0.000189,0.000669,NA,NA
11,1974,2,0,0.000636,0.027251,0.002406,0.029657,NA,0.9863
11,1975,3,0,0.006742,0.12224,0.000267,0.122507,NA,1.219211
11,1976,4,0,0.000014,0.006109,0,0.006109,NA,0.167982
11,1977,1,0,0.000114,0.001457,0,0.001457,NA,NA
11,1978,2,0,0.004837,0.069111,0,0.069111,NA,NA
11,1979,3,0,0.001662,0.106617,0.001627,0.108244,NA,NA
11,1980,4,0,0.000186,0.004639,0,0.004639,NA,NA
11,1981,1,0,0.000579,0.000965,0,0.000965,NA,NA
11,1982,2,0,0.000883,0.012419,0.005529,0.017948,NA,NA
11,1983,3,0,0.000423,0.095192,0.000711,0.095903,NA,NA
11,1984,4,0,0.000215,0.009074,0.000032,0.009106,NA,NA
11,1985,1,0,0.000329,0.00198,0.000122,0.002102,NA,NA
11,1986,2,0,0.00021,0.010278,0,0.010278,NA,NA
11,1987,3,0,0.000019,0.064919,0.000917,0.065836,NA,NA
11,1988,4,0,0.000099,0.006584,0.001142,0.007726,NA,0.065184
11,1989,1,0,0.000004,0.009729,0.001012,0.010741,NA,0.052865
11,1990,2,0,0.000236,0.022231,0.002336,0.024567,NA,0.178357
11,1991,3,0,0.000023,0.016737,0.000618,0.017355,NA,NA
11,1992,4,0,0.000071,0.001813,0,0.001813,NA,NA
11,1993,1,0,0.000011,0.000934,0,0.000934,NA,NA
11,1994,2,0,0.000007,0.002299,0.000142,0.002441,NA,NA
11,1995,3,0,0.00024,0.014024,0.000512,0.014536,NA,NA
11,1996,4,0,0.000012,0.001503,0,0.001503,NA,NA
11,1997,1,0,0,0.000699,0.000018,0.000717,NA,NA
11,1998,2,0,0.00016,0.005947,0.000078,0.006025,NA,NA
11,1999,3,0,0.000009,0.002807,0.000036,0.002843,NA,0.062564
11,2000,4,0,0.000001,0.000072,0.000008,0.00008,NA,0.009545
11,2001,1,0,0,0.000212,0,0.000212,NA,0.013701
11,2002,2,0,0.000182,0.005003,0.000107,0.00511,NA,0.117005
11,2003,3,0,0.000012,0.000716,0,0.000716,NA,0.098609
11,2004,4,0,0.000111,0.001172,3.47E-05,0.001206688,NA,0.107874
11,2005,1,0,0.00002,0.000905755,0,0.000905755,NA,0.097928
11,2006,2,0,0.000834,0.02022683,0.000245491,0.020472321,NA,0.389158
11,2007,3,0,0.000643,0.012192713,0.000220372,0.012413084,NA,0.340148
11,2008,4,0,0.000272,0.001873159,6.25E-05,0.001935708,NA,0.145282
11,2009,1,0,0.000073,0.002514464,0.000124609,0.002639073,NA,0.174103
11,2010,2,0,0.001248,0.015991503,0.000138372,0.016129876,NA,0.318447
11,2011,3,0,0.000033,0.001594924,0,0.001594924,NA,0.119786
11,2012,4,NA,NA,NA,NA,NA,NA,0.103169
11,2013,1,NA,NA,NA,NA,NA,NA,0.109949
11,2014,2,NA,NA,NA,NA,NA,NA,0.050857
11,2015,3,NA,NA,NA,NA,NA,NA,NA
12,1953,1,0,0,0.000394,0,0.000394,0.000024,NA
12,1954,2,0,0.001898,0.035946,0,0.035946,0.001729,NA
12,1955,3,0,0.000016,0.004376,0,0.004376,0.00002,NA
12,1956,4,NA,0,0,0,0,NA,NA
12,1957,1,0,0,0.000047,0,0.000047,0.00002,NA
12,1958,2,0,0.000895,0.024738,0.000012,0.02475,0.002749,NA
12,1959,3,0,0.000134,0.005431,0,0.005431,0.000286,NA
12,1960,4,0,0,0.000021,0,0.000021,NA,NA
12,1961,1,0,0.000002,0.002721,0,0.002721,0.000012,NA
12,1962,2,0,0.001878,0.070118,0.000184,0.070302,0.006326,NA
12,1963,3,0,0.002207,0.056214,0.000016,0.05623,0.001116,NA
12,1964,4,0,0.000042,0.000571,0,0.000571,0.000005,NA
12,1965,1,0,0.000155,0.003308,0,0.003308,0.000589,NA
12,1966,2,0,0.000332,0.030704,0.000303,0.031007,0.015201,NA
12,1967,3,0,0.000167,0.004005,0.000114,0.004119,0.001983,NA
12,1968,4,0,0,0.001046,0,0.001046,0.00005,NA
12,1969,1,0,0.003839,0.030743,0,0.030743,0.000491,NA
12,1970,2,0,0.001317,0.056751,0,0.056751,0.002139,NA
12,1971,3,0,0.00205,0.015812,0,0.015812,0.000155,NA
12,1972,4,0,0.002127,0.013156,0,0.013156,0.000098,NA
12,1973,1,0,0.010591,0.080696,0,0.080696,0.001688,NA
12,1974,2,0,0.001645,0.040703,0.000263,0.040966,0.004843,NA
12,1975,3,0,0.00081,0.014691,0.000235,0.014926,0.001631,NA
12,1976,4,0,0.000118,0.007097,0,0.007097,0.000753,NA
12,1977,1,0,0.000768,0.03806,0.001161,0.039221,0.003923,NA
12,1978,2,0,0.001315,0.099561,0.004769,0.10433,0.003963,NA
12,1979,3,0,0.000233,0.051559,0.000597,0.052156,0.002023,NA
12,1980,4,0,0.000675,0.011292,0.000184,0.011476,0.000996,NA
12,1981,1,0,0.000154,0.015829,0.000676,0.016505,0.002951,NA
12,1982,2,0,0.001276,0.198075,0.011246,0.209321,0.011734,NA
12,1983,3,0,0.000432,0.036858,0,0.036858,0.004909,NA
12,1984,4,0,0.000517,0.024388,0.025188,0.049576,0.000941,NA
12,1985,1,0,0.001174,0.023668,0.000329,0.023997,0.00096,NA
12,1986,2,0,0.000255,0.067751,0.003588,0.071339,0.006213,NA
12,1987,3,0,0.000292,0.060858,0.001015,0.061873,0.003766,NA
12,1988,4,0,0.000394,0.015654,0.00504,0.020694,0.000784,NA
12,1989,1,0,0.000178,0.185837,0.009777,0.195614,0.005067,NA
12,1990,2,0,0,0.050136,0.000834,0.05097,0.008415,NA
12,1991,3,0,0,0.015705,0.000124,0.015829,0.007292,NA
12,1992,4,0,0.001049,0.013925,0.002162,0.016087,0.001378,NA
12,1993,1,0,0.000007,0.169441,0.004361,0.173802,0.009829,NA
12,1994,2,0,0.000023,0.124712,0.002935,0.127647,0.00389,NA
12,1995,3,0,0.000043,0.037059,0.000918,0.037977,0.004319,NA
12,1996,4,0,0.000234,0.08337,0.001817,0.085187,0.001759,NA
12,1997,1,0,0,0.040148,0.001033,0.041181,0.005056,NA
12,1998,2,0,0.000009,0.017568,0.00011,0.017678,0.011873,NA
12,1999,3,0,0.000012,0.008262,0.000689,0.008951,0.002079,NA
12,2000,4,0,0.000086,0.012743,0,0.012743,0.000671,NA
12,2001,1,0,0.000025,0.018585,0,0.018585,0.001851,NA
12,2002,2,0,0.000008,0.048183,0,0.048183,0.008001,NA
12,2003,3,0,0,0.004835,0,0.004835,0.003179,NA
12,2004,4,0,0,0.005627,6.15E-05,0.005688464,0.000778,NA
12,2005,1,0,0,0.002520024,0,0.002520024,0.008261,NA
12,2006,2,0,0.0000504,0.171209338,0.001231552,0.172440889,0.010971,NA
12,2007,3,0,0,0.002660152,0.000160061,0.002820213,0.000849,NA
12,2008,4,0,0,0.000160061,0.000205432,0.000365493,0.000063,NA
12,2009,1,0,0,0.011966392,0,0.011966392,0.000792,NA
12,2010,2,0,0.000182,0.088725693,3.20E-05,0.088757683,0.026687,NA
12,2011,3,0,0,5.76E-05,0,5.76E-05,0.00033,NA
12,2012,4,NA,NA,NA,NA,NA,0.000013,NA
12,2013,1,NA,NA,NA,NA,NA,0.004181,NA
12,2014,2,NA,NA,NA,NA,NA,0.012327,NA
12,2015,3,NA,NA,NA,NA,NA,0.000017,NA
13,1966,2,0,0.00066,0.073515,0.001939,0.075454,0.00986,14.493
13,1967,3,0,0.001764,0.077288,0.008421,0.085709,0.010618,7.002
13,1968,4,0,0.002976,0.141825,0.010577,0.152402,0.002202,3.584
13,1969,1,0,0.003031,0.371636,0.038246,0.409882,0.030604,37.132
13,1970,2,0,0.007393,0.371993,0.004653,0.376646,0.005003,9.843
13,1971,3,0,0.010694,0.139598,0.002345,0.141943,0.002656,5.233
13,1972,4,0,0.007439,0.331589,0.011114,0.342703,0.015026,19.4
13,1973,1,0,0.004227,0.257812,0.011669,0.269481,0.024885,38.817
13,1974,2,0,0.005905,0.252878,0.026097,0.278975,0.028099,43.627
13,1975,3,0,0.002922,0.165459,0.001479,0.166938,0.016033,25.961
13,1976,4,0,0.009408,0.271322,0.023704,0.295026,0.028243,57.578
13,1977,1,0,0.002995,0.217049,0.015719,0.232768,0.02851,19.859
13,1978,2,0,0.010226,1.184905,0.170418,1.355323,0.042315,43.047
13,1979,3,0,0.001244,0.128249,0.011535,0.139784,0.025702,27.036
13,1980,4,0,0.003167,0.331805,0.029742,0.361547,0.043286,53.003
13,1981,1,0,0.002908,0.206879,0.060505,0.267384,0.022627,27.213
13,1982,2,0,0.009112,1.275213,0.22167,1.496883,0.11503,58.644
13,1983,3,0,0.002374,0.219473,0.018144,0.237617,0.02738,31.375
13,1984,4,0,0.007491,0.575398,0.051913,0.627311,0.030434,45.937
13,1985,1,0,0.001101,0.048781,0.019418,0.068199,0.022773,20.269
13,1986,2,0,0.000045,0.039242,0.003417,0.042659,0.041837,21.771
13,1987,3,0,0.000798,0.192151,0.027769,0.21992,0.030105,29.529
13,1988,4,0,0.003179,0.334751,0.175848,0.510599,0.027428,22.201
13,1989,1,0,0.002243,0.684087,0.070074,0.754161,0.010365,22.49385008
13,1990,2,0,0.005895,0.60089,0.027875,0.628765,0.008525,18.90881933
13,1991,3,0,0.00007,0.048888,0.016397,0.065285,0.018487,43.78696764
13,1992,4,0,0.000684,0.6241,0.128433,0.752533,0.02848,49.32887877
13,1993,1,0,0.000449,0.38102,0.119185,0.500205,0.034018,43.66619849
13,1994,2,0,0.000057,0.646785,0.06909,0.715875,0.030208,45.83229963
13,1995,3,0,0.000114,0.170376,0.095953,0.266329,0.010904,22.74290942
13,1996,4,0,0.000227,0.350965,0.032221,0.383186,0.026848,47.9100667
13,1997,1,0,0.00001,0.192696,0.023291,0.215987,0.010724,14.00302323
13,1998,2,0,0.000176,0.500753,0.065956,0.566709,0.029811,51.46857428
13,1999,3,0,0.000018,0.182595,0.064316,0.246911,0.013106,31.54856767
13,2000,4,0,0.000389,0.104221,0.009522,0.113743,0.002732,6.736434002
13,2001,1,0,0.00005,0.145865,0.050168,0.196033,0.008035,21.28094019
13,2002,2,0,0.000321,0.227687,0.014822,0.242509,0.036269,50.75529457
13,2003,3,0,0.000023,0.127468,0.061308,0.188776,0.024683,46.79935233
13,2004,4,0,0.000092,0.055327,0.05564321,0.11097021,0.013968,28.47051699
13,2005,1,0,0.000057,0.060581957,0.004453129,0.065035086,0.023597,35.56507605
13,2006,2,0,0.000417,0.223928794,0.021721115,0.245649909,0.013618,46.3887615
13,2007,3,0,0.001366,0.317317156,0.014163305,0.331480461,0.015825,29.48057221
13,2008,4,0,0,0.016272734,0.046778935,0.063051669,0.000617,1.409119911
13,2009,1,0,0.000006,0.203872373,0.026439593,0.230311966,0.012871,34.73120096
13,2010,2,0,0.00054,0.117961262,0.010892682,0.128853944,0.025328,44.48423892
13,2011,3,0,0,0.000532349,0.000177,0.000709349,0.024535,37.6447615
13,2012,4,NA,NA,NA,NA,NA,0.000397,0.466409432
13,2013,1,NA,NA,NA,NA,NA,0.015535,35.88112922
13,2014,2,NA,NA,NA,NA,NA,0.010446,17.43041956
13,2015,3,NA,NA,NA,NA,NA,0.001133,NA
14,1967,3,0,0,0.015201,0,0.015201,0.000294,NA
14,1968,4,0,0.000014,0.014846,0.000169,0.015015,0.000577,NA
14,1969,1,0,0,0.000881,0,0.000881,0.000022,NA
14,1970,2,0,0,0.00074,0,0.00074,0.000005,NA
14,1971,3,0,0.000263,0.015407,0.000819,0.016226,0.000306,NA
14,1972,4,0,0.000156,0.028193,0.000205,0.028398,0.00103,NA
14,1973,1,0,0,0.001106,0,0.001106,0.000083,NA
14,1974,2,0,0,0.000536,0,0.000536,0.00007,NA
14,1975,3,0,0.000569,0.058841,0.002143,0.060984,0.002181,NA
14,1976,4,0,0.000064,0.020252,0.001106,0.021358,0.002373,NA
14,1977,1,0,0,0.007426,0.001704,0.00913,0.000174,NA
14,1978,2,0,0.00016,0.00223,0,0.00223,0.000046,NA
14,1979,3,0,0.000008,0.009084,0.005145,0.014229,0.008046,NA
14,1980,4,0,0.00006,0.034268,0.001702,0.03597,0.004413,NA
14,1981,1,0,0,0.002742,0.001205,0.003947,0.001067,NA
14,1982,2,0,0.000061,0.009104,0.001724,0.010828,0.000656,NA
14,1983,3,0,0.000124,0.035855,0.002395,0.03825,0.002596,NA
14,1984,4,0,0.000361,0.042781,0.004283,0.047064,0.006291,NA
14,1985,1,0,0.000005,0.023647,0.008179,0.031826,0.000696,NA
14,1986,2,0,0.000115,0.033093,0.001113,0.034206,0.003323,NA
14,1987,3,0,0.000036,0.065946,0.010502,0.076448,0.009212,NA
14,1988,4,0,0,0.043984,0.004663,0.048647,0.013209,NA
14,1989,1,0,0.000104,0.013765,0.005689,0.019454,0.002813,NA
14,1990,2,0,0,0.014471,0.007886,0.022357,0.006702,NA
14,1991,3,0,0,0.010613,0.000771,0.011384,0.011945,NA
14,1992,4,0,0.000009,0.042702,0.007561,0.050263,0.006103,NA
14,1993,1,0,0.000052,0.028621,0.013201,0.041822,0.00503,NA
14,1994,2,0,0,0.004865,0.008122,0.012987,0.003515,NA
14,1995,3,0,0,0.031391,0.005357,0.036748,0.005988,NA
14,1996,4,0,0,0.009409,0.003534,0.012943,0.015409,NA
14,1997,1,0,0.000017,0.00367,0.002475,0.006145,0.004379,NA
14,1998,2,0,0.000025,0.009255,0.00386,0.013115,0.004972,NA
14,1999,3,0,0,0.030308,0.012588,0.042896,0.003341,NA
14,2000,4,0,0.000239,0.056019,0.003934,0.059953,0.004796,NA
14,2001,1,0,0,0.009545,0.002316,0.011861,0.003343,NA
14,2002,2,0,0.000046,0.066869,0.009039,0.075908,0.004936,NA
14,2003,3,0,0,0.010416,0.002932,0.013348,0.005317,NA
14,2004,4,0,0.000006,0.006985,0.000671847,0.007656847,0.001594,NA
14,2005,1,0,0,0.000906212,0.000626507,0.001532719,0.002817,NA
14,2006,2,0,0,0.018951828,0.011746958,0.030698787,0.008278,NA
14,2007,3,0,0,0.004841171,0.000379407,0.005220578,0.0069,NA
14,2008,4,0,0,0.007872701,0.000706517,0.008579218,0.00021,NA
14,2009,1,0,0,0.006744025,0.001855572,0.008599597,0.000715,NA
14,2010,2,0,0.000042,0.025746056,0.001657276,0.027403332,0.005564,NA
14,2011,3,0,0.000016,0.001325821,0.000562,0.001887821,0.004498,NA
14,2012,4,NA,NA,NA,NA,NA,0.000747,NA
14,2013,1,NA,NA,NA,NA,NA,0.001951,NA
14,2014,2,NA,NA,NA,NA,NA,0.006828,NA
14,2015,3,NA,NA,NA,NA,NA,0.000946,NA
15,1980,4,0,0,0.001532,0,0.001532,0.000062,NA
15,1981,1,0,0.000071,0.025296,0,0.025296,0.006887,NA
15,1982,2,0,0.000192,0.1039,0.005475,0.109375,0.002544,NA
15,1983,3,0,0,0.002382,0.00025,0.002632,0.000133,NA
15,1984,4,0,0.000012,0.002613,0,0.002613,0.000265,NA
15,1985,1,0,0.001471,0.042541,0,0.042541,0.001436,NA
15,1986,2,0,0,0.250911,0.006148,0.257059,0.011299,NA
15,1987,3,0,0.000049,0.020633,0.009762,0.030395,0.001148,NA
15,1988,4,0,0,0.00332,0,0.00332,0.000723,NA
15,1989,1,0,0.000578,0.01615,0,0.01615,0.003928,NA
15,1990,2,0,0.000265,0.311154,0.004738,0.315892,0.034411,NA
15,1991,3,0,0.00001,0.022037,0.003644,0.025681,0.004539,NA
15,1992,4,0,0.000001,0.002104,0.000349,0.002453,0.001385,NA
15,1993,1,0,0.000059,0.011827,0,0.011827,0.003259,NA
15,1994,2,0,0.000196,0.181988,0.002267,0.184255,0.026711,NA
15,1995,3,0,0.000011,0.01224,0.001925,0.014165,0.00781,NA
15,1996,4,0,0,0.003404,0.000744,0.004148,0.002205,NA
15,1997,1,0,0.000004,0.002249,0,0.002249,0.001415,NA
15,1998,2,0,0.000148,0.191273,0.002269,0.193542,0.017001,NA
15,1999,3,0,0,0.015722,0.010701,0.026423,0.002034,NA
15,2000,4,0,0.000002,0.040512,0.000698,0.04121,0.001732,NA
15,2001,1,0,0,0.017024,0,0.017024,0.001336,NA
15,2002,2,0,0.001008,0.675243,0.01581,0.691053,0.050375,NA
15,2003,3,0,0,0.001305,0.000376,0.001681,0.002477,NA
15,2004,4,0,0.000002,0.003764,0.000147731,0.003911731,0.000432,NA
15,2005,1,0,0,0.005761498,0,0.005761498,0.002686,NA
15,2006,2,0,0.001098,1.012864188,0.02222378,1.035087968,0.072735,NA
15,2007,3,0,0,0.048709655,0.001015996,0.049725651,0.004758,NA
15,2008,4,0,0,0.004789698,0.000614896,0.005404594,0.000139,NA
15,2009,1,0,0.000002,0.045092392,0.002350729,0.047443121,0.002665,NA
15,2010,2,0,0.00083332,0.41607897,0.006128801,0.422207771,0.273905,NA
15,2011,3,0,0.000034,0.008028729,0.000904,0.008932729,0.012451,NA
15,2012,4,NA,NA,NA,NA,NA,0.000644,NA
15,2013,1,NA,NA,NA,NA,NA,0.010957,NA
15,2014,2,NA,NA,NA,NA,NA,0.068761,NA
15,2015,3,NA,NA,NA,NA,NA,0.003535,NA
16,1968,4,0,0.003891,0.078371,0.000403,0.078774,0.003834,7.6452781
16,1969,1,0,0.001042,0.003556,0.000168,0.003724,0.00036,0.373951
16,1970,2,0,0.000258,0.000154,0,0.000154,0.000014,0.02457
16,1971,3,0,0.004926,0.007721,0,0.007721,0.000115,0.2384138
16,1972,4,0,0.00418,0.128111,0.000322,0.128433,0.003128,6.8307051
16,1973,1,0,0.001344,0.009447,0.003794,0.013241,0.000351,0.9317236
16,1974,2,0,0.001559,0.001413,0,0.001413,0.000037,0.08367535
16,1975,3,0,0.003841,0.015888,0,0.015888,0.001246,2.261151
16,1976,4,0,0.003009,0.067835,0.00235,0.070185,0.00882,18.5293068
16,1977,1,0,0.00069,0.017045,0.002975,0.02002,0.001174,2.14013015
16,1978,2,0,0.000589,0.00086,0.000198,0.001058,0.000129,0.2246674
16,1979,3,0,0.001866,0.015902,0,0.015902,0.001649,2.9996023
16,1980,4,0,0.001496,0.076467,0.001381,0.077848,0.011032,12.1714018
16,1981,1,0,0.000412,0.014267,0.003085,0.017352,0.001907,4.11163055
16,1982,2,0,0.003361,0.005472,0.000868,0.00634,0.000439,1.1708894
16,1983,3,0,0.001542,0.026208,0.000348,0.026556,0.003055,5.7124399
16,1984,4,0,0.00173,0.115017,0.021116,0.136133,0.009148,15.057
16,1985,1,0,0.00634,0.114856,0.010766,0.125622,0.002032,3.711625
16,1986,2,0,0.006349,0.02039,0.00061,0.021,0.00188,3.374763
16,1987,3,0,0.001683,0.022546,0.003604,0.02615,0.004105,6.0426
16,1988,4,0,0.009599,0.305722,0.004031,0.309753,0.017841,15.863186
16,1989,1,0,0.005779,0.038792,0.008523,0.047315,0.009795,11.72074
16,1990,2,0,0.000826,0.013177,0.001607,0.014784,0.003304,3.647740831
16,1991,3,0,0.001242,0.018884,0.001559,0.020443,0.004618,6.852236515
16,1992,4,0,0.011639,0.175651,0.008143,0.183794,0.009224,20.05298288
16,1993,1,0,0.000557,0.05441,0.012557,0.066967,0.00878,12.64047592
16,1994,2,0,0.000815,0.021039,0.01251,0.033549,0.001706,2.67272
16,1995,3,0,0.00197,0.020949,0.00054,0.021489,0.004533,NA
16,1996,4,0,0.000413,0.189011,0.008576,0.197587,0.014139,14.21239599
16,1997,1,0,0.000742,0.011493,0.001174,0.012667,0.001877,4.372804732
16,1998,2,0,0.000408,0.003841,0.000563,0.004404,0.002442,6.091979661
16,1999,3,0,0.002508,0.037729,0.002405,0.040134,0.001765,0.013942062
16,2000,4,0,0.000624,0.087114,0.004264,0.091378,0.016571,15.19268477
16,2001,1,0,0.000315,0.04319,0.006741,0.049931,0.004007,6.46826803
16,2002,2,0,0.001262,0.011045,0.000694,0.011739,0.001144,2.813076517
16,2003,3,0,0.000213,0.003861,0.000687,0.004548,0.005036,6.058553319
16,2004,4,0,0.000343,0.040513,0.00846099,0.04897399,0.005483,7.769611696
16,2005,1,0,0.00018,0.014037552,0.000871358,0.01490891,0.008851,6.35229771
16,2006,2,0,0.000978,0.024833696,0.013659254,0.038492949,0.001456,1.8
16,2007,3,0,0.006665,0.106618066,0.001191901,0.107809966,0.001079,1.5
16,2008,4,0,0.001573,0.066746453,0.010485661,0.077232114,0.001752,1.957686894
16,2009,1,0,0.002695,0.101155787,0.018398812,0.119554599,0.005274,4.80334421
16,2010,2,0,0.002387,0.038010733,0.004145447,0.04215618,0.005903,4.908001573
16,2011,3,0,0.001178,0.03383581,0.00243,0.03626581,0.026445,15.729992
16,2012,4,NA,NA,NA,NA,NA,0.006899,4.792393
16,2013,1,NA,NA,NA,NA,NA,0.023053,15.5
16,2014,2,NA,NA,NA,NA,NA,0.008495,9.475102
16,2015,3,NA,NA,NA,NA,NA,0.009643,NA
17,1973,1,0,0.000146,0.067467,0.005741,0.073208,0.010726,12.123
17,1974,2,0,0.000195,0.020017,0,0.020017,0.002072,2.054
17,1975,3,0,0.00034,0.152807,0.005729,0.158536,0.008655,13.856
17,1976,4,0,0.000027,0.007247,0,0.007247,0.000898,1.962
17,1977,1,0,0.000172,0.125303,0.006574,0.131877,0.010085,14.502
17,1978,2,0,0.000083,0.028397,0.002767,0.031164,0.001527,2.923
17,1979,3,0,0.000005,0.083912,0.017456,0.101368,0.021272,22.065
17,1980,4,0,0.000004,0.016037,0.005331,0.021368,0.001603,1.991
17,1981,1,0,0.000005,0.073214,0.00353,0.076744,0.011363,17.002
17,1982,2,0,0,0.005364,0.001411,0.006775,0.001423,1.415
17,1983,3,0,0.000032,0.13848,0.011219,0.149699,0.015945,19.328
17,1984,4,0,0,0.020594,0.004323,0.024917,0.003847,4.412
17,1985,1,0,0,0.041411,0.005442,0.046853,0.007731,6.700363389
17,1986,2,0,0,0.01608,0.004758,0.020838,0.002051,3.930767535
17,1987,3,0,0.000016,0.170901,0.020119,0.19102,0.015643,19.87102469
17,1988,4,0,0,0.048538,0.009201,0.057739,0.004514,8.596633607
17,1989,1,0,0,0.015466,0.003412,0.018878,0.002653,1.974444666
17,1990,2,0,0,0.014995,0.000739,0.015734,0.003405,2.345642074
17,1991,3,0,0.000112,0.047222,0.009005,0.056227,0.033387,18.31594618
17,1992,4,0,0.000009,0.05495,0.049754,0.104704,0.002355,4.28048813
17,1993,1,0,0,0.051434,0.005268,0.056702,0.004797,2.206122027
17,1994,2,0,0,0.009887,0.008471,0.018358,0.001077,1.993406834
17,1995,3,0,0.000025,0.065492,0,0.065492,0.008452,1.832089228
17,1996,4,0,0.000004,0.451557,0.095036,0.546593,0.018036,20.2945942
17,1997,1,0,0,0.002444,0.000742,0.003186,0.002624,1.536550712
17,1998,2,0,0.000009,0.003913,0.000957,0.00487,0.001983,3.300569641
17,1999,3,0,0,0.011388,0,0.011388,0.005026,4.131116377
17,2000,4,0,0,0.233547,0.02599,0.259537,0.065446,51.61791494
17,2001,1,0,0,0.04802,0.048105,0.096125,0.017875,17.78777998
17,2002,2,0,0,0.005758,0.000422,0.00618,0.001031,1.873758989
17,2003,3,0,0,0.00337,0.000335,0.003705,0.001677,2.242409276
17,2004,4,0,0.000032,0.200535,0.018897465,0.219432465,0.013773,16.411476
17,2005,1,0,0,0.0115626,0.004647403,0.016210003,0.012141,10.93378166
17,2006,2,0,0.000002,0.043268923,0.021608825,0.064877748,0.004487,7.299827287
17,2007,3,0,0,0.01034465,0.001161134,0.011505785,0.001006,1.350721548
17,2008,4,0,0.000004,0.085923949,0.005137997,0.091061946,0.010169,12.22307431
17,2009,1,0,0,0.017151843,0.004628786,0.021780629,0.003718,5.461032234
17,2010,2,0,0.000273,0.12060558,0.077944541,0.198550121,0.011892,19.25968025
17,2011,3,0,0,0.009084445,0.002139,0.011223445,0.001195,1.310692918
17,2012,4,NA,NA,NA,NA,NA,0.016766,16.57132606
17,2013,1,NA,NA,NA,NA,NA,0.007129,8.439340966
17,2014,2,NA,NA,NA,NA,NA,0.030742,26.41750048
17,2015,3,NA,NA,NA,NA,NA,0.009411,NA
18,1948,4,0,0,0.026803,0.095917,0.12272,0.02034,NA
18,1949,1,0,0,0.006085,0.013251,0.019336,0.004449,NA
18,1950,2,0,0.000062,0.091231,0.055044,0.146275,0.013313,NA
18,1951,3,0,0,0.041761,0.078541,0.120302,0.017922,NA
18,1952,4,0,0,0.039952,0.03189,0.071842,0.021904,NA
18,1953,1,0,0,0.012688,0.012372,0.02506,0.009303,NA
18,1954,2,0,0.000042,0.037926,0.013126,0.051052,0.008332,NA
18,1955,3,0,0.000005,0.078394,0.085616,0.16401,0.011221,NA
18,1956,4,0,0.000015,0.028169,0.038686,0.066855,0.011107,NA
18,1957,1,0,0,0.003474,0.024544,0.028018,0.00513,NA
18,1958,2,0,0.000012,0.012978,0.003157,0.016135,0.006658,NA
18,1959,3,0,0.00001,0.0218,0.039932,0.061732,0.006096,NA
18,1960,4,0,0,0.005842,0.027406,0.033248,0.012532,NA
18,1961,1,0,0.000074,0.026282,0.074479,0.100761,0.006542,NA
18,1962,2,0,0.000046,0.024085,0.032679,0.056764,0.008479,NA
18,1963,3,0,0.000068,0.088616,0.054052,0.142668,0.005798,NA
18,1964,4,0,0.000068,0.048016,0.142584,0.1906,0.00632,NA
18,1965,1,0,0,0.014943,0.024041,0.038984,0.003387,NA
18,1966,2,0,0.000065,0.024568,0.051336,0.075904,0.010735,NA
18,1967,3,0,0.000029,0.024122,0.042747,0.066869,0.005241,NA
18,1968,4,0,0.000045,0.038212,0.067282,0.105494,0.008194,NA
18,1969,1,0,0,0.009262,0.051821,0.061083,0.011739,NA
18,1970,2,0,0.000081,0.021806,0.032749,0.054555,0.003123,NA
18,1971,3,0,0.000462,0.091337,0.123848,0.215185,0.006696,NA
18,1972,4,0,0.000031,0.0783,0.044584,0.122884,0.006575,NA
18,1973,1,0,0.000011,0.011903,0.017262,0.029165,0.004713,NA
18,1974,2,0,0.000178,0.053388,0.078361,0.131749,0.008859,NA
18,1975,3,0,0.000081,0.06418,0.020578,0.084758,0.021376,NA
18,1976,4,0,0.000041,0.013812,0.091485,0.105297,0.019475,NA
18,1977,1,0,0.000057,0.015331,0.018676,0.034007,0.007798,NA
18,1978,2,0,0,0.010736,0.024013,0.034749,0.014116,NA
18,1979,3,0,0.000022,0.00377,0.034444,0.038214,0.020384,NA
18,1980,4,0,0.000008,0.010736,0.006169,0.016905,0.009191,NA
18,1981,1,0,0,0.002416,0.031641,0.034057,0.013301,NA
18,1982,2,0,0.000037,0.004318,0.01391,0.018228,0.00509,NA
18,1983,3,0,0.000022,0.01173,0.050301,0.062031,0.010093,NA
18,1984,4,0,0.000107,0.018612,0.056977,0.075589,0.008759,NA
18,1985,1,0,0.000026,0.00618,0.017002,0.023182,0.002113,NA
18,1986,2,0,0,0.006413,0.033585,0.039998,0.012305,NA
18,1987,3,0,0.000003,0.007374,0.014591,0.021965,0.005533,NA
18,1988,4,0,0,0.002587,0.05849,0.061077,0.019026,19026
18,1989,1,0,0.000007,0.004944,0.011658,0.016602,0.009051,9051
18,1990,2,0,0.000018,0.001561,0.007538,0.009099,0.006037,6037
18,1991,3,0,0.000001,0.00171,0.032177,0.033887,0.010867,10867
18,1992,4,0,0,0.029707,0.070846,0.100553,0.004411,4411
18,1993,1,0,0.000011,0.016103,0.086635,0.102738,0.01143,11430
18,1994,2,0,0.000081,0.004617,0.030016,0.034633,0.004087,4087
18,1995,3,0,0,0.008821,0.04415,0.052971,0.003185,3185
18,1996,4,0,0.000018,0.021331,0.129612,0.150943,0.021678,21678
18,1997,1,0,0.000011,0.012324,0.083927,0.096251,0.017239,17239
18,1998,2,0,0.000019,0.033437,0.098506,0.131943,0.049869,49869
18,1999,3,0,0,0.024538,0.118076,0.142614,0.019388,19388
18,2000,4,0,0.000015,0.041913,0.06936,0.111273,0.018581,18581
18,2001,1,0,0,0.007379,0.047231,0.05461,0.074627,74627
18,2002,2,0,0.000015,0.02498,0.044165,0.069145,0.039138,39138
18,2003,3,0,0,0.000373,0.013413,0.013786,0.03997,39970
18,2004,4,0,0.000009,0.009201,0.030713253,0.039914253,0.033786,33786
18,2005,1,0,0,0.001726485,0.006609082,0.008335567,0.033806,33806
18,2006,2,0,0.000008,0.012709774,0.054306598,0.067016371,0.021301,21301
18,2007,3,0,0,0.011425159,0.069776353,0.081201511,0.019935,19935
18,2008,4,0,0.000009,0.014412244,0.06553857,0.079950814,0.006348,6348
18,2009,1,0,0,0.009166234,0.039967184,0.049133418,0.018838,18838
18,2010,2,0,0.000038,0.015542794,0.028122456,0.04366525,0.008783,8783
18,2011,3,0,0.000011,0.026530619,0.050181,0.076711619,0.030439,30439
18,2012,4,NA,NA,NA,NA,NA,0.041415,41415
18,2013,1,NA,NA,NA,NA,NA,0.030166,30166
18,2014,2,NA,NA,NA,NA,NA,0.014427,14427
18,2015,3,NA,NA,NA,NA,NA,0.018361,18361
19,1948,4,0,0,0.043283,0,0.043283,0.014577,NA
19,1949,1,0,0.011423,0.02565,0,0.037073,0.004372,NA
19,1950,2,0,0.048269,0.02983,0,0.078099,0.018216,NA
19,1951,3,0.000903,0.103041,0.018078,0,0.121119,0.013181,NA
19,1952,4,0,0.018421,0.004633,0,0.023054,0.017215,NA
19,1953,1,0,0.002232,0.007552,0,0.009784,0.007641,NA
19,1954,2,0,0.006146,0.008651,0,0.014797,0.016869,NA
19,1955,3,0.000087,0.060115,0.080836,0,0.140951,0.003405,NA
19,1956,4,0,0.087258,0.0096,0,0.096858,0.001266,NA
19,1957,1,0.000043,0.025371,0.034739,0,0.06011,0.00182,NA
19,1958,2,0.000107,0.055305,0.00448,0,0.059785,0.006404,NA
19,1959,3,0.000014,0.010452,0.031079,0,0.041531,0.017657,NA
19,1960,4,0,0.026094,0.003357,0,0.029451,0.007076,NA
19,1961,1,0.000041,0.001634,0.01155,0,0.013184,0.021725,NA
19,1962,2,0,0.031134,0.019678,0,0.050812,0.004155,NA
19,1963,3,0,0.050277,0.037548,0,0.087825,0.009803,NA
19,1964,4,0.000047,0.043883,0.007247,0,0.05113,0.001101,NA
19,1965,1,0.000065,0.008237,0.012043,0,0.02028,0.007779,NA
19,1966,2,0.000019,0.042848,0.012577,0,0.055425,0.009295,NA
19,1967,3,0.000145,0.021814,0.028976,0,0.05079,0.012672,NA
19,1968,4,0.000126,0.013492,0.004193,0,0.017685,0.002854,NA
19,1969,1,0,0.00215,0.005152,0,0.007302,0.007559,NA
19,1970,2,0.000098,0.01881,0.020855,0,0.039665,0.006471,NA
19,1971,3,0,0.061283,0.023176,0,0.084459,0.00197,NA
19,1972,4,0,0.001153,0.00081,0,0.001963,0.000794,NA
19,1973,1,0,0.032256,0.005425,0,0.037681,0.001571,NA
19,1974,2,0,0.006133,0.034205,0,0.040338,0.008709,NA
19,1975,3,0,0.022979,0.105641,0,0.12862,0.003381,NA
19,1976,4,0,0.04341,0.001184,0,0.044594,0.002933,NA
19,1977,1,0,0.016076,0.007982,0,0.024058,0.001374,NA
19,1978,2,0,0.007016,0.034177,0,0.041193,0.010488,NA
19,1979,3,0,0.00047,0.010425,0,0.010895,0.020234,NA
19,1980,4,0,0.013416,0.000977,0,0.014393,0.002262,NA
19,1981,1,0,0.012466,0.005403,0,0.017869,0.001788,NA
19,1982,2,0,0.004275,0.024681,0,0.028956,0.004686,NA
19,1983,3,0,0.007855,0.009995,0,0.01785,0.002132,NA
19,1984,4,0.000069,0.003558,0.001569,0,0.005127,0.000689,NA
19,1985,1,0.000069,0.003694,0.010713,0,0.014407,0.001825,NA
19,1986,2,0,0.00568,0.003927,0,0.009607,0.004145,NA
19,1987,3,0,0.0033,0.041748,0,0.045048,0.002686,NA
19,1988,4,0.000185,0.002005,0.001786,0,0.003791,0.000947,NA
19,1989,1,0,0.000489,0.012934,0,0.013423,0.001997,NA
19,1990,2,0,0.061732,0.064156,0,0.125888,0.001888,NA
19,1991,3,0,0.004426,0.033685,0,0.038111,0.007958,NA
19,1992,4,0,0.000517,0.003219,0,0.003736,0.000172,NA
19,1993,1,0,0.014645,0.004451,0,0.019096,0.002271,NA
19,1994,2,0,0.000286,0.020396,0,0.020682,0.006087,NA
19,1995,3,0,0.001537,0.048276,0,0.049813,0.006758,NA
19,1996,4,0,0.003058,0.004502,0,0.00756,0.008255,NA
19,1997,1,0,0.010357,0.071883,0,0.08224,0.001084,NA
19,1998,2,0,0.01816,0.04605,0,0.06421,0.003012,NA
19,1999,3,0,0.016673,0.074656,0,0.091329,0.005592,NA
19,2000,4,0,0.00795,0.003873,0,0.011823,0.001745,NA
19,2001,1,0,0.05396,0.333007,0,0.386967,0.008335,NA
19,2002,2,0,0.088078,0.188564,0,0.276642,0.024384,NA
19,2003,3,0,0.020138,0.083148,0,0.103286,0.006043,NA
19,2004,4,0,0.107366,0.03485,0,0.142216,0.000986,NA
19,2005,1,0,0.00577,0.010133059,0,0.015903059,0.211547,NA
19,2006,2,0,0.390122771,0.998291568,0,1.388414339,0.090944,NA
19,2007,3,0,0.304932697,1.33184975,0,1.636782447,0.057444,NA
19,2008,4,0,0.057906511,0.118829728,0,0.176736239,0.004409,NA
19,2009,1,0,0.025206306,0.149543523,0,0.174749829,0.100603,NA
19,2010,2,0,0.229656125,1.263346311,0,1.493002436,0.399661,NA
19,2011,3,0,0.059103921,0.170651137,0,0.229755058,0.38708,NA
19,2012,4,0,0.01456778,0.067387,0,0.08195478,0.032895,NA
19,2013,1,NA,NA,NA,NA,NA,0.078023,NA
19,2014,2,NA,NA,NA,NA,NA,0.238373,
19,2015,3,NA,NA,NA,NA,NA,0.058297,NA
