"stk","stkName","yr","cyc","marCatch","marER","frfnCatch","frfnER","totCatch","totER","totRun"
1,"E. Stuart",1952,0,0.148777,0.8,0.006507,0.04,0.155284,0.84,185496
1,"E. Stuart",1953,1,0.866724,0.83,0.027418,0.03,0.894142,0.85,1048178
1,"E. Stuart",1954,2,0.198093,0.82,0.008673,0.04,0.206766,0.86,241816
1,"E. Stuart",1955,3,0.13797,0.87,0.001355,0.01,0.139325,0.88,158970
1,"E. Stuart",1956,0,0.065136,0.7,0.003073,0.03,0.068209,0.73,93229
1,"E. Stuart",1957,1,0.289469,0.53,0.023952,0.04,0.313421,0.57,548271
1,"E. Stuart",1958,2,0.114393,0.73,0.004467,0.03,0.11886,0.75,157667
1,"E. Stuart",1959,3,0.023336,0.88,0.000519,0.02,0.023855,0.9,26525
1,"E. Stuart",1960,0,0.063432,0.62,0.004128,0.04,0.06756,0.66,102667
1,"E. Stuart",1961,1,0.996024,0.81,0.030177,0.02,1.026201,0.84,1225122
1,"E. Stuart",1962,2,0.075185,0.69,0.006631,0.06,0.081816,0.75,108532
1,"E. Stuart",1963,3,0.008646,0.58,0.001669,0.11,0.010315,0.69,14922
1,"E. Stuart",1964,0,0.033303,0.44,0.010769,0.14,0.044072,0.58,76078
1,"E. Stuart",1965,1,0.225473,0.88,0.007807,0.03,0.23328,0.91,256325
1,"E. Stuart",1966,2,0.055621,0.79,0.004299,0.06,0.05992,0.85,70750
1,"E. Stuart",1967,3,0.074337,0.75,0.00314,0.03,0.077477,0.79,98521
1,"E. Stuart",1968,0,0.013715,0.49,0.012528,0.45,0.026243,0.95,27765
1,"E. Stuart",1969,1,0.268776,0.62,0.052742,0.12,0.321518,0.75,431173
1,"E. Stuart",1970,2,0.027397,0.32,0.02278,0.27,0.050177,0.59,84566
1,"E. Stuart",1971,3,0.180541,0.55,0.049661,0.15,0.230202,0.71,326142
1,"E. Stuart",1972,0,0.011963,0.51,0.00692,0.29,0.018883,0.8,23540
1,"E. Stuart",1973,1,1.01577,0.74,0.050519,0.04,1.066289,0.78,1366181
1,"E. Stuart",1974,2,0.102737,0.55,0.044666,0.24,0.147403,0.79,186921
1,"E. Stuart",1975,3,0.288427,0.68,0.057026,0.13,0.345453,0.81,426202
1,"E. Stuart",1976,0,0.011622,0.29,0.016213,0.41,0.027835,0.7,39596
1,"E. Stuart",1977,1,1.131897,0.84,0.093114,0.07,1.225011,0.91,1342456
1,"E. Stuart",1978,2,0.036769,0.25,0.059502,0.41,0.096271,0.66,146275
1,"E. Stuart",1979,3,0.061075,0.27,0.068881,0.31,0.129956,0.58,222702
1,"E. Stuart",1980,0,0.007124,0.22,0.007665,0.24,0.014789,0.47,31728
1,"E. Stuart",1981,1,0.486469,0.64,0.139575,0.18,0.626044,0.83,755501
1,"E. Stuart",1982,2,0.019885,0.25,0.047361,0.59,0.067246,0.84,80125
1,"E. Stuart",1983,3,0.012278,0.13,0.054843,0.6,0.067121,0.74,90988
1,"E. Stuart",1984,0,0.001555,0.03,0.009289,0.17,0.010844,0.19,56045
1,"E. Stuart",1985,1,0.044883,0.13,0.077428,0.22,0.122311,0.34,356830
1,"E. Stuart",1986,2,0.003162,0.07,0.013854,0.3,0.017016,0.37,45600
1,"E. Stuart",1987,3,0.007188,0.04,0.022385,0.13,0.029573,0.17,177767
1,"E. Stuart",1988,0,0.013365,0.06,0.028403,0.13,0.041768,0.19,221575
1,"E. Stuart",1989,1,0.627746,0.52,0.199254,0.16,0.827,0.68,1211799
1,"E. Stuart",1990,2,0.005746,0.04,0.052084,0.34,0.05783,0.37,154865
1,"E. Stuart",1991,3,0.18294,0.36,0.188394,0.37,0.371334,0.72,512453
1,"E. Stuart",1992,0,0.00678,0.02,0.164529,0.47,0.171309,0.49,350407
1,"E. Stuart",1993,1,0.208617,0.18,0.255059,0.22,0.463676,0.4,1151643
1,"E. Stuart",1994,2,0.00616,0.03,0.040254,0.2,0.046414,0.23,204245
1,"E. Stuart",1995,3,0.009246,0.07,0.006209,0.04,0.015455,0.11,138165
1,"E. Stuart",1996,0,0.005405,0.06,0.002576,0.03,0.007981,0.08,95550
1,"E. Stuart",1997,1,0.366773,0.22,0.404934,0.24,0.771707,0.46,1671734.82
1,"E. Stuart",1998,2,0.005993,0.03,0.015027,0.08,0.02102,0.11,189759.38
1,"E. Stuart",1999,3,0.00447,0.03,0.022334,0.13,0.026804,0.16,171628.61
1,"E. Stuart",2000,0,0.01145,0.03,0.214508,0.57,0.225958,0.6,378191.55
1,"E. Stuart",2001,1,0.004942,0.02,0.038338,0.18,0.04328,0.2,214186
1,"E. Stuart",2002,2,0.001277,0.02,0.00444,0.07,0.005717,0.09,62663
1,"E. Stuart",2003,3,0.00069178,0.02,0.00046912,0.02,0.00116091,0.04,30275.42
1,"E. Stuart",2004,0,0.00492173,0.04,0.03548279,0.26,0.04075597,0.3,137100.11
1,"E. Stuart",2005,1,0.00371589,0.02,0.01776952,0.08,0.02149543,0.1,219696.34
1,"E. Stuart",2006,2,0.00170703,0.03,0.00591862,0.11,0.00762565,0.14,55781.74
1,"E. Stuart",2007,3,6.681e-05,0.01,0.00090421,0.07,0.00097102,0.08,12728.81
1,"E. Stuart",2008,0,0.00044629,0.01,0.00369235,0.11,0.00413864,0.12,34005.64
1,"E. Stuart",2009,1,0.00213249,0.03,0.00741966,0.09,0.00956934,0.12,81469.34
1,"E. Stuart",2010,2,0.00337809,0.03,0.00273462,0.03,0.00613236,0.06,104877.09
1,"E. Stuart",2011,3,0.00031722,0.01,0.00190477,0.09,0.0022298,0.11,21154.8
2,"L. Stuart",1952,0,0.000265,0.81,2.7e-05,0.08,0.000292,0.89,327
2,"L. Stuart",1953,1,1.13372,0.74,0.0242,0.02,1.15792,0.76,1526554
2,"L. Stuart",1954,2,0.030634,0.83,0.000782,0.02,0.031416,0.85,36886
2,"L. Stuart",1955,3,0.048511,0.83,0.002411,0.04,0.050922,0.87,58504
2,"L. Stuart",1956,0,0.00967,0.83,0.001,0.09,0.01067,0.92,11583
2,"L. Stuart",1957,1,0.994449,0.64,0.022544,0.01,1.016993,0.66,1548101
2,"L. Stuart",1958,2,0.111577,0.81,0.003252,0.02,0.114829,0.83,138448
2,"L. Stuart",1959,3,0.044212,0.84,0.000463,0.01,0.044675,0.84,52900
2,"L. Stuart",1960,0,0.011824,0.81,0.000372,0.03,0.012196,0.84,14592
2,"L. Stuart",1961,1,0.903964,0.66,0.044873,0.03,0.948837,0.7,1359724
2,"L. Stuart",1962,2,0.031552,0.57,0.004765,0.09,0.036317,0.66,54960
2,"L. Stuart",1963,3,0.00342,0.48,0.000411,0.06,0.003831,0.54,7053
2,"L. Stuart",1964,0,0.005605,0.71,0.000675,0.09,0.00628,0.8,7891
2,"L. Stuart",1965,1,0.525528,0.68,0.032846,0.04,0.558374,0.72,773317
2,"L. Stuart",1966,2,0.040766,0.8,0.001264,0.02,0.04203,0.82,51057
2,"L. Stuart",1967,3,0.011904,0.86,0.000295,0.02,0.012199,0.88,13828
2,"L. Stuart",1968,0,0.001412,0.74,0.000118,0.06,0.00153,0.8,1919
2,"L. Stuart",1969,1,0.858782,0.78,0.037887,0.03,0.896669,0.81,1103683
2,"L. Stuart",1970,2,0.076071,0.81,0.002748,0.03,0.078819,0.84,93797
2,"L. Stuart",1971,3,0.006138,0.75,0.000472,0.06,0.00661,0.81,8145
2,"L. Stuart",1972,0,0.026252,0.7,0.003838,0.1,0.03009,0.8,37431
2,"L. Stuart",1973,1,1.359027,0.85,0.033541,0.02,1.392568,0.87,1606798
2,"L. Stuart",1974,2,0.068143,0.75,0.008075,0.09,0.076218,0.84,90408
2,"L. Stuart",1975,3,0.044446,0.68,0.006852,0.1,0.051298,0.78,65527
2,"L. Stuart",1976,0,0.011772,0.73,0.00151,0.09,0.013282,0.82,16180
2,"L. Stuart",1977,1,0.493646,0.75,0.02064,0.03,0.514286,0.78,660745
2,"L. Stuart",1978,2,0.03943,0.7,0.004075,0.07,0.043505,0.77,56243
2,"L. Stuart",1979,3,0.175707,0.82,0.007739,0.04,0.183446,0.85,215364
2,"L. Stuart",1980,0,0.002292,0.6,0.00055,0.14,0.002842,0.74,3817
2,"L. Stuart",1981,1,0.998031,0.76,0.066336,0.05,1.064367,0.81,1313861
2,"L. Stuart",1982,2,0.083558,0.74,0.013279,0.12,0.096837,0.85,113595
2,"L. Stuart",1983,3,0.011289,0.72,0.002247,0.14,0.013536,0.86,15782
2,"L. Stuart",1984,0,0.018788,0.88,0.001424,0.07,0.020212,0.94,21440
2,"L. Stuart",1985,1,1.646598,0.83,0.056792,0.03,1.70339,0.86,1978011
2,"L. Stuart",1986,2,0.068937,0.64,0.010336,0.1,0.079273,0.73,107988
2,"L. Stuart",1987,3,0.010509,0.46,0.005913,0.26,0.016422,0.72,22894
2,"L. Stuart",1988,0,0.00782,0.43,0.003335,0.18,0.011155,0.61,18272
2,"L. Stuart",1989,1,2.693453,0.8,0.097937,0.03,2.79139,0.83,3367087
2,"L. Stuart",1990,2,0.635151,0.74,0.033684,0.04,0.668835,0.78,857914
2,"L. Stuart",1991,3,0.279962,0.75,0.01828,0.05,0.298242,0.8,375102
2,"L. Stuart",1992,0,0.225382,0.75,0.012445,0.04,0.237827,0.79,302388
2,"L. Stuart",1993,1,3.550632,0.69,0.255365,0.05,3.805997,0.74,5162734
2,"L. Stuart",1994,2,0.31072,0.6,0.0376,0.07,0.34832,0.67,516819
2,"L. Stuart",1995,3,0.035938,0.36,0.02987136,0.3,0.06580936,0.66,100171.36
2,"L. Stuart",1996,0,0.049252,0.34,0.034514,0.24,0.083766,0.57,146757
2,"L. Stuart",1997,1,2.18488,0.67,0.163042,0.05,2.347922,0.72,3255574
2,"L. Stuart",1998,2,0.129546,0.21,0.065179,0.11,0.194725,0.31,619040
2,"L. Stuart",1999,3,0.006604,0.07,0.017975,0.18,0.024579,0.25,100142
2,"L. Stuart",2000,0,0.279265,0.33,0.112479,0.13,0.394979,0.47,849376
2,"L. Stuart",2001,1,0.132267,0.23,0.076015,0.13,0.21259,0.38,564105
2,"L. Stuart",2002,2,0.09842,0.29,0.053646,0.16,0.1544,0.45,343490
2,"L. Stuart",2003,3,0.05355014,0.41,0.02352114,0.18,0.07988455,0.61,130080.58
2,"L. Stuart",2004,0,0.3923924,0.44,0.152058,0.17,0.55756317,0.63,884765.74
2,"L. Stuart",2005,1,0.07493123,0.16,0.08926148,0.19,0.16568245,0.36,458842.05
2,"L. Stuart",2006,2,0.1008506,0.49,0.02426786,0.12,0.12836002,0.62,205523.39
2,"L. Stuart",2007,3,0.00366495,0.18,0.00829362,0.41,0.01195857,0.58,20445.57
2,"L. Stuart",2008,0,0.0178419,0.07,0.09908698,0.37,0.12313229,0.46,269701.29
2,"L. Stuart",2009,1,0.00486551,0.04,0.00989577,0.08,0.01489704,0.12,123602.04
2,"L. Stuart",2010,2,0.05743857,0.31,0.01854817,0.1,0.07743935,0.42,184210.14
2,"L. Stuart",2011,3,0.00245247,0.24,0.0026191,0.25,0.00523213,0.51,10323.24
3,"Stellako",1952,0,0.146081,0.76,0.006766,0.04,0.152847,0.79,193231
3,"Stellako",1953,1,0.148552,0.76,0.004718,0.02,0.15327,0.78,195404
3,"Stellako",1954,2,0.750792,0.82,0.017458,0.02,0.76825,0.84,910109
3,"Stellako",1955,3,0.319928,0.83,0.013101,0.03,0.333029,0.87,384768
3,"Stellako",1956,0,0.150248,0.77,0.00659,0.03,0.156838,0.8,195276
3,"Stellako",1957,1,0.130008,0.75,0.004356,0.03,0.134364,0.78,172886
3,"Stellako",1958,2,1.036129,0.89,0.009562,0.01,1.045691,0.9,1158228
3,"Stellako",1959,3,0.583013,0.87,0.008142,0.01,0.591155,0.88,670460
3,"Stellako",1960,0,0.200196,0.81,0.008415,0.03,0.208611,0.84,247491
3,"Stellako",1961,1,0.115201,0.68,0.008014,0.05,0.123215,0.72,170078
3,"Stellako",1962,2,0.187536,0.57,0.019068,0.06,0.206604,0.62,331089
3,"Stellako",1963,3,0.3704,0.7,0.021939,0.04,0.392339,0.74,531133
3,"Stellako",1964,0,0.120624,0.71,0.014529,0.09,0.135153,0.8,169825
3,"Stellako",1965,1,0.110285,0.7,0.008531,0.05,0.118816,0.75,158201
3,"Stellako",1966,2,0.463736,0.8,0.016832,0.03,0.480568,0.83,582097
3,"Stellako",1967,3,0.624281,0.85,0.015102,0.02,0.639383,0.87,730863
3,"Stellako",1968,0,0.139305,0.76,0.014463,0.08,0.153768,0.84,184136
3,"Stellako",1969,1,0.178441,0.75,0.010417,0.04,0.188858,0.79,238069
3,"Stellako",1970,2,0.287441,0.82,0.01545,0.04,0.302891,0.87,348688
3,"Stellako",1971,3,0.504834,0.91,0.010118,0.02,0.514952,0.93,554643
3,"Stellako",1972,0,0.098588,0.68,0.008962,0.06,0.10755,0.75,144250
3,"Stellako",1973,1,0.200844,0.84,0.008318,0.03,0.209162,0.87,239566
3,"Stellako",1974,2,0.188013,0.76,0.016903,0.07,0.204916,0.83,246193
3,"Stellako",1975,3,0.289961,0.57,0.046987,0.09,0.336948,0.66,512889
3,"Stellako",1976,0,0.517482,0.73,0.04301,0.06,0.560492,0.79,711226
3,"Stellako",1977,1,0.090223,0.75,0.007177,0.06,0.0974,0.81,120597
3,"Stellako",1978,2,0.209108,0.72,0.023824,0.08,0.232932,0.8,291830
3,"Stellako",1979,3,1.511504,0.82,0.050697,0.03,1.562201,0.84,1852243
3,"Stellako",1980,0,0.178172,0.63,0.031759,0.11,0.209931,0.74,284265
3,"Stellako",1981,1,0.199625,0.84,0.015193,0.06,0.214818,0.91,236644
3,"Stellako",1982,2,0.329206,0.74,0.046367,0.1,0.375573,0.84,444993
3,"Stellako",1983,3,0.347678,0.66,0.057409,0.11,0.405087,0.77,526779
3,"Stellako",1984,0,0.577726,0.85,0.042417,0.06,0.620143,0.91,681100
3,"Stellako",1985,1,0.390953,0.86,0.020339,0.04,0.411292,0.91,453391
3,"Stellako",1986,2,0.228948,0.63,0.054978,0.15,0.283926,0.79,361103
3,"Stellako",1987,3,0.841811,0.74,0.091352,0.08,0.933163,0.82,1144248
3,"Stellako",1988,0,0.387135,0.43,0.148325,0.16,0.53546,0.59,903196
3,"Stellako",1989,1,0.303412,0.83,0.017498,0.05,0.32091,0.88,364089
3,"Stellako",1990,2,0.349377,0.73,0.032897,0.07,0.382274,0.8,476394
3,"Stellako",1991,3,0.354331,0.75,0.024323,0.05,0.378654,0.8,474568
3,"Stellako",1992,0,0.477318,0.74,0.036426,0.06,0.513744,0.79,648419
3,"Stellako",1993,1,0.439018,0.79,0.022237,0.04,0.461255,0.84,552326
3,"Stellako",1994,2,0.579344,0.61,0.067741,0.07,0.647085,0.68,956074
3,"Stellako",1995,3,0.150771,0.36,0.12317964,0.3,0.27395064,0.66,415563.64
3,"Stellako",1996,0,0.25796,0.33,0.180541,0.23,0.438501,0.57,771664
3,"Stellako",1997,1,0.135525,0.67,0.011083,0.05,0.146608,0.73,201951
3,"Stellako",1998,2,0.174835,0.21,0.086747,0.1,0.261582,0.31,835082
3,"Stellako",1999,3,0.014268,0.07,0.035329,0.16,0.049597,0.23,216696
3,"Stellako",2000,0,0.227513,0.33,0.089434,0.13,0.319583,0.46,692039
3,"Stellako",2001,1,0.057444,0.23,0.033388,0.14,0.092703,0.38,244993
3,"Stellako",2002,2,0.160765,0.29,0.06586,0.12,0.236951,0.42,561079
3,"Stellako",2003,3,0.11436558,0.41,0.05023346,0.18,0.17060725,0.61,277809.55
3,"Stellako",2004,0,0.32934677,0.49,0.09575845,0.14,0.4343461,0.64,678057.23
3,"Stellako",2005,1,0.0446637,0.16,0.05225206,0.19,0.09780856,0.36,273498.56
3,"Stellako",2006,2,0.12279105,0.39,0.04594512,0.15,0.17457794,0.56,312217.79
3,"Stellako",2007,3,0.00358726,0.06,0.01377774,0.23,0.017365,0.29,58972
3,"Stellako",2008,0,0.01885466,0.08,0.04585975,0.2,0.06765345,0.3,228576.45
3,"Stellako",2009,1,0.00155498,0.04,0.00316261,0.08,0.00476097,0.12,39502.22
3,"Stellako",2010,2,0.12355826,0.31,0.03989966,0.1,0.1665827,0.42,396261.35
3,"Stellako",2011,3,0.04575443,0.24,0.04886328,0.25,0.09761305,0.51,192595.27
4,"Bowron",1952,0,0.059241,0.74,0.002335,0.03,0.061576,0.77,80221
4,"Bowron",1953,1,0.048474,0.77,0.000995,0.02,0.049469,0.79,62746
4,"Bowron",1954,2,0.053559,0.82,0.001291,0.02,0.05485,0.84,65365
4,"Bowron",1955,3,0.095081,0.84,0.002183,0.02,0.097264,0.86,113076
4,"Bowron",1956,0,0.029537,0.8,0.000461,0.01,0.029998,0.81,36992
4,"Bowron",1957,1,0.064268,0.84,0.000624,0.01,0.064892,0.84,76903
4,"Bowron",1958,2,0.052357,0.77,0.000748,0.01,0.053105,0.78,67948
4,"Bowron",1959,3,0.065114,0.68,0.001555,0.02,0.066669,0.7,95916
4,"Bowron",1960,0,0.023011,0.72,0.001244,0.04,0.024255,0.76,31875
4,"Bowron",1961,1,0.043728,0.84,0.000729,0.01,0.044457,0.86,51906
4,"Bowron",1962,2,0.011727,0.62,0.00089,0.05,0.012617,0.67,18903
4,"Bowron",1963,3,0.028399,0.5,0.003081,0.05,0.03148,0.56,56621
4,"Bowron",1964,0,0.013982,0.62,0.002196,0.1,0.016178,0.71,22678
4,"Bowron",1965,1,0.023981,0.88,0.000646,0.02,0.024627,0.9,27286
4,"Bowron",1966,2,0.017326,0.86,0.000339,0.02,0.017665,0.88,20135
4,"Bowron",1967,3,0.172027,0.83,0.00375,0.02,0.175777,0.85,207472
4,"Bowron",1968,0,0.027483,0.79,0.003637,0.1,0.03112,0.9,34731
4,"Bowron",1969,1,0.014534,0.77,0.000455,0.02,0.014989,0.79,18861
4,"Bowron",1970,2,0.019875,0.89,0.001045,0.05,0.02092,0.94,22225
4,"Bowron",1971,3,0.156563,0.8,0.01285,0.07,0.169413,0.87,194910
4,"Bowron",1972,0,0.041199,0.83,0.004569,0.09,0.045768,0.92,49906
4,"Bowron",1973,1,0.017727,0.76,0.000967,0.04,0.018694,0.8,23252
4,"Bowron",1974,2,0.012757,0.75,0.002427,0.14,0.015184,0.89,17034
4,"Bowron",1975,3,0.086366,0.69,0.008271,0.07,0.094637,0.76,124337
4,"Bowron",1976,0,0.01335,0.78,0.001606,0.09,0.014956,0.87,17206
4,"Bowron",1977,1,0.007819,0.73,0.000331,0.03,0.00815,0.77,10650
4,"Bowron",1978,2,0.012089,0.76,0.000596,0.04,0.012685,0.8,15826
4,"Bowron",1979,3,0.081399,0.66,0.007072,0.06,0.088471,0.72,123471
4,"Bowron",1980,0,0.004269,0.53,0.000865,0.11,0.005134,0.64,8028
4,"Bowron",1981,1,0.004462,0.76,0.000243,0.04,0.004705,0.8,5875
4,"Bowron",1982,2,0.034201,0.69,0.013576,0.27,0.047777,0.97,49424
4,"Bowron",1983,3,0.006105,0.37,0.003882,0.24,0.009987,0.61,16438
4,"Bowron",1984,0,0.037357,0.7,0.005615,0.11,0.042972,0.8,53435
4,"Bowron",1985,1,0.011689,0.57,0.002404,0.12,0.014093,0.69,20512
4,"Bowron",1986,2,0.000538,0.11,0.001221,0.25,0.001759,0.36,4883
4,"Bowron",1987,3,0.008905,0.23,0.018832,0.49,0.027737,0.71,38808
4,"Bowron",1988,0,0.018047,0.39,0.015827,0.34,0.033874,0.73,46654
4,"Bowron",1989,1,0.018444,0.83,0.00135,0.06,0.019794,0.89,22328
4,"Bowron",1990,2,0.008739,0.38,0.006691,0.29,0.01543,0.66,23290
4,"Bowron",1991,3,0.01005,0.53,0.003838,0.2,0.013888,0.74,18807
4,"Bowron",1992,0,0.003587,0.22,0.007777,0.49,0.011364,0.71,15958
4,"Bowron",1993,1,0.003602,0.57,0.001539,0.24,0.005141,0.81,6325
4,"Bowron",1994,2,0.003107,0.12,0.00621,0.23,0.009317,0.35,26743
4,"Bowron",1995,3,0.011318,0.19,0.012615,0.22,0.023933,0.41,58350
4,"Bowron",1996,0,0.001662,0.14,0.001869,0.16,0.003531,0.3,11707
4,"Bowron",1997,1,0.013257,0.69,0.00247,0.13,0.015727,0.82,19273
4,"Bowron",1998,2,0.000554,0.05,0.001406,0.14,0.00196,0.19,10250
4,"Bowron",1999,3,0.001221,0.04,0.005005,0.17,0.006226,0.21,29198
4,"Bowron",2000,0,0.003521,0.15,0.005993,0.26,0.009514,0.41,22954
4,"Bowron",2001,1,0.000619,0.08,0.000955,0.13,0.001574,0.21,7416
4,"Bowron",2002,2,0.003571,0.24,0.00262,0.18,0.006191,0.41,14961
4,"Bowron",2003,3,0.00866154,0.34,0.00351119,0.14,0.01273545,0.5,25463.32
4,"Bowron",2004,0,0.0099137,0.41,0.00374093,0.16,0.01397471,0.58,23893.66
4,"Bowron",2005,1,0.00066539,0.11,0.00069656,0.12,0.00139213,0.24,5829.19
4,"Bowron",2006,2,0.00238837,0.25,0.00094794,0.1,0.0034955,0.37,9569.74
4,"Bowron",2007,3,0.00108885,0.26,0.00050215,0.12,0.001591,0.38,4159.47
4,"Bowron",2008,0,0.00018822,0.06,0.00095852,0.31,0.00116895,0.38,3044.55
4,"Bowron",2009,1,0.00022317,0.05,0.00037275,0.08,0.00060044,0.12,4940.44
4,"Bowron",2010,2,0.00293223,0.19,0.00140402,0.09,0.0044045,0.29,15292.98
4,"Bowron",2011,3,0.00111906,0.1,0.00361044,0.33,0.00480181,0.44,10953.31
5,"Raft",1952,0,0.050964,0.75,0.001091,0.02,0.052055,0.77,67672
5,"Raft",1953,1,0.029038,0.78,0.00049,0.01,0.029528,0.79,37432
5,"Raft",1954,2,0.032098,0.76,0.000341,0.01,0.032439,0.76,42427
5,"Raft",1955,3,0.034253,0.84,0.001294,0.03,0.035547,0.87,40626
5,"Raft",1956,0,0.047982,0.81,0.002157,0.04,0.050139,0.85,59176
5,"Raft",1957,1,0.028023,0.79,0.000412,0.01,0.028435,0.81,35295
5,"Raft",1958,2,0.030217,0.74,0.000372,0.01,0.030589,0.75,40803
5,"Raft",1959,3,0.052729,0.83,0.000851,0.01,0.05358,0.84,63790
5,"Raft",1960,0,0.018893,0.75,0.000947,0.04,0.01984,0.78,25353
5,"Raft",1961,1,0.02035,0.71,0.001094,0.04,0.021444,0.75,28737
5,"Raft",1962,2,0.016154,0.66,0.000835,0.03,0.016989,0.69,24602
5,"Raft",1963,3,0.011178,0.53,0.001085,0.05,0.012263,0.59,20946
5,"Raft",1964,0,0.011011,0.61,0.001725,0.1,0.012736,0.71,17913
5,"Raft",1965,1,0.016248,0.67,0.001436,0.06,0.017684,0.73,24308
5,"Raft",1966,2,0.032436,0.82,0.001042,0.03,0.033478,0.84,39722
5,"Raft",1967,3,0.010507,0.87,0.000285,0.02,0.010792,0.89,12071
5,"Raft",1968,0,0.028844,0.7,0.001473,0.04,0.030317,0.74,40992
5,"Raft",1969,1,0.021019,0.77,0.000671,0.02,0.02169,0.8,27227
5,"Raft",1970,2,0.01629,0.73,0.001417,0.06,0.017707,0.8,22169
5,"Raft",1971,3,0.009858,0.9,0.000303,0.03,0.010161,0.93,10962
5,"Raft",1972,0,0.08434,0.82,0.006895,0.07,0.091235,0.89,102283
5,"Raft",1973,1,0.012792,0.82,0.000184,0.01,0.012976,0.83,15690
5,"Raft",1974,2,0.008847,0.74,0.00078,0.06,0.009627,0.8,12010
5,"Raft",1975,3,0.006862,0.68,0.000601,0.06,0.007463,0.74,10072
5,"Raft",1976,0,0.048521,0.81,0.001972,0.03,0.050493,0.85,59731
5,"Raft",1977,1,0.001675,0.7,8.6e-05,0.04,0.001761,0.74,2378
5,"Raft",1978,2,0.016297,0.85,0.000473,0.02,0.01677,0.87,19263
5,"Raft",1979,3,0.003969,0.65,0.000363,0.06,0.004332,0.71,6108
5,"Raft",1980,0,0.013207,0.67,0.000991,0.05,0.014198,0.72,19616
5,"Raft",1981,1,0.003127,0.77,0.000117,0.03,0.003244,0.8,4059
5,"Raft",1982,2,0.011121,0.74,0.000964,0.06,0.012085,0.8,15077
5,"Raft",1983,3,0.005623,0.64,0.000411,0.05,0.006034,0.68,8814
5,"Raft",1984,0,0.026673,0.54,0.00362,0.07,0.030293,0.61,49379
5,"Raft",1985,1,0.006895,0.62,0.000617,0.06,0.007512,0.67,11150
5,"Raft",1986,2,0.000831,0.22,0.000828,0.22,0.001659,0.44,3754
5,"Raft",1987,3,0.001828,0.44,0.000853,0.21,0.002681,0.65,4117
5,"Raft",1988,0,0.013574,0.38,0.001974,0.06,0.015548,0.44,35399
5,"Raft",1989,1,0.01412,0.84,0.0011,0.07,0.01522,0.9,16867
5,"Raft",1990,2,0.003011,0.65,0.000964,0.21,0.003975,0.86,4605
5,"Raft",1991,3,0.000786,0.52,0.000259,0.17,0.001045,0.69,1509
5,"Raft",1992,0,0.007301,0.17,0.022598,0.51,0.029899,0.68,44203
5,"Raft",1993,1,0.010271,0.65,0.000431,0.03,0.010702,0.68,15749
5,"Raft",1994,2,0.000683,0.12,0.00061,0.1,0.001293,0.22,5856
5,"Raft",1995,3,0.000332,0.19,0.000395,0.22,0.000727,0.41,1771
5,"Raft",1996,0,0.009344,0.14,0.009938,0.15,0.019282,0.29,65874
5,"Raft",1997,1,0.01679,0.69,0.003129,0.13,0.019919,0.82,24409
5,"Raft",1998,2,0.000849,0.05,0.002128,0.14,0.002977,0.19,15531
5,"Raft",1999,3,0.002145,0.05,0.007795,0.16,0.00994,0.21,47468
5,"Raft",2000,0,0.014255,0.15,0.013117,0.14,0.027507,0.29,93799
5,"Raft",2001,1,0.002125,0.04,0.012788,0.26,0.015807,0.32,48667
5,"Raft",2002,2,0.006376,0.21,0.004612,0.15,0.011816,0.39,30185
5,"Raft",2003,3,0.01284138,0.34,0.0052056,0.14,0.01888127,0.5,37751.29
5,"Raft",2004,0,0.05929887,0.41,0.02224444,0.16,0.08345784,0.58,142920.01
5,"Raft",2005,1,0.00996649,0.11,0.00991105,0.11,0.0203298,0.23,87311.72
5,"Raft",2006,2,0.0093337,0.25,0.00370454,0.1,0.01366034,0.37,37398.36
5,"Raft",2007,3,0.00660877,0.26,0.00188372,0.07,0.00849249,0.34,25245.76
5,"Raft",2008,0,0.00396148,0.08,0.01058607,0.23,0.01488467,0.32,46702.92
5,"Raft",2009,1,0.00105146,0.07,0.00039191,0.02,0.00146514,0.09,15795.14
5,"Raft",2010,2,0.00335691,0.34,0.00077209,0.08,0.00424322,0.42,9994.91
5,"Raft",2011,3,0.00275424,0.17,0.00246988,0.16,0.00566383,0.36,15931.61
6,"Quesnel",1952,0,0.000848,0.75,1e-04,0.09,0.000948,0.84,1132
6,"Quesnel",1953,1,0.346132,0.75,0.00618,0.01,0.352312,0.76,463229
6,"Quesnel",1954,2,0.001672,0.83,4.3e-05,0.02,0.001715,0.85,2014
6,"Quesnel",1955,3,0.000338,0.82,1.2e-05,0.03,0.00035,0.85,413
6,"Quesnel",1956,0,0.00046,0.82,2.1e-05,0.04,0.000481,0.86,562
6,"Quesnel",1957,1,0.372112,0.62,0.008344,0.01,0.380456,0.63,604123
6,"Quesnel",1958,2,0.008793,0.81,0.000256,0.02,0.009049,0.83,10912
6,"Quesnel",1959,3,0.000115,0.64,0,0,0.000115,0.64,180
6,"Quesnel",1960,0,0.002154,0.85,8.9e-05,0.04,0.002243,0.88,2535
6,"Quesnel",1961,1,0.659087,0.67,0.027928,0.03,0.687015,0.69,989580
6,"Quesnel",1962,2,0.002331,0.66,0.000127,0.04,0.002458,0.7,3531
6,"Quesnel",1963,3,9.1e-05,0.48,1.4e-05,0.07,0.000105,0.56,188
6,"Quesnel",1964,0,0.000997,0.68,0.00012,0.08,0.001117,0.76,1469
6,"Quesnel",1965,1,0.782102,0.65,0.048999,0.04,0.831101,0.7,1195807
6,"Quesnel",1966,2,0.005892,0.75,0.000214,0.03,0.006106,0.78,7859
6,"Quesnel",1967,3,0.000824,0.86,1.3e-05,0.01,0.000837,0.88,956
6,"Quesnel",1968,0,0.002058,0.73,5.5e-05,0.02,0.002113,0.75,2812
6,"Quesnel",1969,1,1.334425,0.81,0.038721,0.02,1.373146,0.83,1652107
6,"Quesnel",1970,2,0.006355,0.8,0.000219,0.03,0.006574,0.83,7942
6,"Quesnel",1971,3,0.001906,0.89,6.9e-05,0.03,0.001975,0.92,2146
6,"Quesnel",1972,0,0.000346,0.7,4e-05,0.08,0.000386,0.78,497
6,"Quesnel",1973,1,1.316118,0.81,0.032403,0.02,1.348521,0.83,1626582
6,"Quesnel",1974,2,0.020745,0.74,0.002903,0.1,0.023648,0.84,28107
6,"Quesnel",1975,3,0.000507,0.68,4.7e-05,0.06,0.000554,0.74,747
6,"Quesnel",1976,0,0.001007,0.73,7.1e-05,0.05,0.001078,0.78,1383
6,"Quesnel",1977,1,1.737667,0.75,0.072997,0.03,1.810664,0.78,2326863
6,"Quesnel",1978,2,0.022753,0.68,0.001867,0.06,0.02462,0.74,33234
6,"Quesnel",1979,3,0.002968,0.83,8.5e-05,0.02,0.003053,0.86,3564
6,"Quesnel",1980,0,0.000736,0.6,0.00018,0.15,0.000916,0.74,1233
6,"Quesnel",1981,1,2.89395,0.76,0.168215,0.04,3.062165,0.8,3814486
6,"Quesnel",1982,2,0.18221,0.74,0.023312,0.1,0.205522,0.84,245363
6,"Quesnel",1983,3,0.009398,0.75,0.001059,0.08,0.010457,0.83,12612
6,"Quesnel",1984,0,0.005053,0.8,0.000387,0.06,0.00544,0.86,6354
6,"Quesnel",1985,1,7.986574,0.84,0.218018,0.02,8.204592,0.86,9553855
6,"Quesnel",1986,2,0.47113,0.66,0.059665,0.08,0.530795,0.75,712262
6,"Quesnel",1987,3,0.060707,0.69,0.006575,0.07,0.067282,0.77,87828
6,"Quesnel",1988,0,0.009546,0.51,0.002381,0.13,0.011927,0.64,18759
6,"Quesnel",1989,1,10.079195,0.83,0.211261,0.02,10.290456,0.85,12161366
6,"Quesnel",1990,2,2.091348,0.77,0.136898,0.05,2.228246,0.82,2716505
6,"Quesnel",1991,3,0.231956,0.8,0.010331,0.04,0.242287,0.84,288546
6,"Quesnel",1992,0,0.06309,0.74,0.003484,0.04,0.066574,0.78,85608
6,"Quesnel",1993,1,7.520642,0.73,0.198348,0.02,7.71899,0.75,10339444
6,"Quesnel",1994,2,2.138329,0.66,0.268449,0.08,2.406778,0.74,3236274
6,"Quesnel",1995,3,0.133897,0.31,0.086743,0.2,0.22064,0.51,434743
6,"Quesnel",1996,0,0.027136,0.34,0.012123,0.15,0.039259,0.49,80446
6,"Quesnel",1997,1,4.295701,0.67,0.291681,0.05,4.587382,0.71,6446034
6,"Quesnel",1998,2,0.709984,0.27,0.265881,0.1,0.975865,0.37,2666552
6,"Quesnel",1999,3,0.022634,0.07,0.029946,0.09,0.05258,0.16,332449
6,"Quesnel",2000,0,0.038728,0.33,0.014842,0.13,0.054018,0.46,117721
6,"Quesnel",2001,1,0.503734,0.11,0.346845,0.08,0.870756,0.2,4381545
6,"Quesnel",2002,2,1.280717,0.27,0.402581,0.08,1.737996,0.36,4800147
6,"Quesnel",2003,3,0.31645029,0.37,0.11181265,0.13,0.44285185,0.52,853991.08
6,"Quesnel",2004,0,0.0876648,0.32,0.0502273,0.18,0.14237281,0.52,271721.33
6,"Quesnel",2005,1,0.56505768,0.16,0.29232955,0.08,0.88568742,0.25,3592122.4
6,"Quesnel",2006,2,0.28319668,0.39,0.07141458,0.1,0.36508599,0.51,719052.81
6,"Quesnel",2007,3,0.02031362,0.17,0.02371169,0.2,0.04402531,0.37,119125.31
6,"Quesnel",2008,0,0.00610922,0.09,0.01860159,0.28,0.02530615,0.38,67475.25
6,"Quesnel",2009,1,0.01248728,0.06,0.00387203,0.02,0.01659148,0.08,203384.48
6,"Quesnel",2010,2,0.27003961,0.44,0.05210187,0.09,0.32953828,0.54,611168.61
6,"Quesnel",2011,3,0.02827017,0.23,0.02649522,0.22,0.05805595,0.48,121874.84
7,"Chilko",1952,0,1.182185,0.69,0.051058,0.03,1.233243,0.72,1718828
7,"Chilko",1953,1,0.606592,0.73,0.01885,0.02,0.625442,0.76,826133
7,"Chilko",1954,2,0.198089,0.82,0.008901,0.04,0.20699,0.86,241286
7,"Chilko",1955,3,0.519702,0.78,0.02562,0.04,0.545322,0.82,666489
7,"Chilko",1956,0,1.1753,0.63,0.036601,0.02,1.211901,0.65,1858807
7,"Chilko",1957,1,0.435443,0.73,0.019082,0.03,0.454525,0.77,592989
7,"Chilko",1958,2,0.601147,0.82,0.011981,0.02,0.613128,0.84,733391
7,"Chilko",1959,3,0.976028,0.66,0.032962,0.02,1.00899,0.69,1472050
7,"Chilko",1960,0,1.966814,0.8,0.060248,0.02,2.027062,0.83,2453608
7,"Chilko",1961,1,0.11253,0.71,0.007567,0.05,0.120097,0.75,159198
7,"Chilko",1962,2,0.200166,0.67,0.021168,0.07,0.221334,0.74,299047
7,"Chilko",1963,3,1.110028,0.5,0.116432,0.05,1.22646,0.55,2224691
7,"Chilko",1964,0,0.646823,0.6,0.095835,0.09,0.742658,0.69,1070990
7,"Chilko",1965,1,0.099786,0.71,0.005533,0.04,0.105319,0.75,140654
7,"Chilko",1966,2,0.736381,0.75,0.030684,0.03,0.767065,0.79,976684
7,"Chilko",1967,3,0.928701,0.82,0.023723,0.02,0.952424,0.84,1127139
7,"Chilko",1968,0,1.379905,0.74,0.076223,0.04,1.456128,0.78,1869990
7,"Chilko",1969,1,0.275949,0.78,0.005112,0.01,0.281061,0.8,351963
7,"Chilko",1970,2,0.576986,0.76,0.048915,0.06,0.625901,0.82,761289
7,"Chilko",1971,3,1.850984,0.9,0.041948,0.02,1.892932,0.92,2050125
7,"Chilko",1972,0,1.744349,0.73,0.07784,0.03,1.822189,0.76,2384839
7,"Chilko",1973,1,0.378922,0.85,0.012863,0.03,0.391785,0.88,447460
7,"Chilko",1974,2,0.502776,0.76,0.046357,0.07,0.549133,0.83,659159
7,"Chilko",1975,3,0.454693,0.58,0.083141,0.11,0.537834,0.69,782465
7,"Chilko",1976,0,1.468401,0.74,0.135255,0.07,1.603656,0.81,1988046
7,"Chilko",1977,1,0.251062,0.79,0.016307,0.05,0.267369,0.84,318699
7,"Chilko",1978,2,0.481761,0.71,0.04711,0.07,0.528871,0.78,675713
7,"Chilko",1979,3,1.101067,0.77,0.071962,0.05,1.173029,0.82,1431420
7,"Chilko",1980,0,1.113208,0.64,0.103687,0.06,1.216895,0.7,1732131
7,"Chilko",1981,1,0.177807,0.79,0.013497,0.06,0.191304,0.85,225844
7,"Chilko",1982,2,0.818952,0.7,0.105831,0.09,0.924783,0.79,1174361
7,"Chilko",1983,3,1.139048,0.67,0.181124,0.11,1.320172,0.78,1703005
7,"Chilko",1984,0,3.174455,0.79,0.254587,0.06,3.429042,0.86,4009221
7,"Chilko",1985,1,0.598589,0.86,0.024035,0.03,0.622624,0.9,694599
7,"Chilko",1986,2,0.937137,0.68,0.150736,0.11,1.087873,0.79,1381677
7,"Chilko",1987,3,1.333683,0.7,0.151876,0.08,1.485559,0.78,1906574
7,"Chilko",1988,0,0.344573,0.41,0.141457,0.17,0.48603,0.57,849419
7,"Chilko",1989,1,0.443147,0.84,0.02069,0.04,0.463837,0.88,527218
7,"Chilko",1990,2,3.562875,0.77,0.23357,0.05,3.796445,0.82,4622282
7,"Chilko",1991,3,3.107286,0.71,0.222488,0.05,3.329774,0.76,4367511
7,"Chilko",1992,0,2.519935,0.75,0.186766,0.06,2.706701,0.81,3357669
7,"Chilko",1993,1,2.6714,0.8,0.104692,0.03,2.776092,0.83,3331318
7,"Chilko",1994,2,1.676931,0.67,0.267496,0.11,1.944427,0.78,2503023
7,"Chilko",1995,3,0.467173,0.36,0.313969,0.24,0.781142,0.59,1315701
7,"Chilko",1996,0,0.718302,0.35,0.331677,0.16,1.049979,0.52,2024328
7,"Chilko",1997,1,2.316623,0.67,0.166911,0.05,2.483534,0.72,3469361
7,"Chilko",1998,2,0.504859,0.27,0.148338,0.08,0.653197,0.34,1896532
7,"Chilko",1999,3,0.086432,0.08,0.067666,0.06,0.154098,0.14,1122569
7,"Chilko",2000,0,0.518954,0.37,0.114232,0.08,0.640695,0.46,1399636
7,"Chilko",2001,1,0.097973,0.11,0.0815,0.1,0.183397,0.22,852180
7,"Chilko",2002,2,0.172475,0.27,0.083784,0.13,0.263625,0.41,646439
7,"Chilko",2003,3,0.56623228,0.36,0.25609142,0.16,0.85013265,0.55,1558511.54
7,"Chilko",2004,0,0.24501177,0.45,0.08955453,0.16,0.34219235,0.63,546610.57
7,"Chilko",2005,1,0.19806895,0.18,0.14096257,0.13,0.34791171,0.32,1070994.12
7,"Chilko",2006,2,0.49546134,0.39,0.17298894,0.14,0.69117176,0.54,1275250.76
7,"Chilko",2007,3,0.06087518,0.14,0.07049612,0.16,0.13137129,0.3,437224.29
7,"Chilko",2008,0,0.047533,0.11,0.12945803,0.29,0.18072824,0.41,445318.99
7,"Chilko",2009,1,0.01232618,0.04,0.02449556,0.08,0.03710641,0.12,303830.16
7,"Chilko",2010,2,1.34711452,0.3,0.40752671,0.09,1.79699968,0.39,4560983.95
7,"Chilko",2011,3,0.33453098,0.2,0.30392227,0.18,0.66778571,0.4,1686277.94
8,"Seymour",1952,0,0.022495,0.76,0.0012,0.04,0.023695,0.8,29658
8,"Seymour",1953,1,0.019536,0.76,0.000389,0.02,0.019925,0.78,25617
8,"Seymour",1954,2,0.144031,0.85,0.000631,0,0.144662,0.85,169436
8,"Seymour",1955,3,0.057194,0.84,0.001799,0.03,0.058993,0.87,67964
8,"Seymour",1956,0,0.008918,0.74,0.000602,0.05,0.00952,0.79,12010
8,"Seymour",1957,1,0.033479,0.75,0.000521,0.01,0.034,0.76,44870
8,"Seymour",1958,2,0.349138,0.81,0.001449,0,0.350587,0.82,428958
8,"Seymour",1959,3,0.261903,0.83,0.003244,0.01,0.265147,0.84,317457
8,"Seymour",1960,0,0.008423,0.71,0.000502,0.04,0.008925,0.75,11826
8,"Seymour",1961,1,0.00919,0.67,0.000913,0.07,0.010103,0.74,13725
8,"Seymour",1962,2,0.139866,0.7,0.003036,0.02,0.142902,0.71,200738
8,"Seymour",1963,3,0.096266,0.55,0.007782,0.04,0.104048,0.59,175702
8,"Seymour",1964,0,0.005532,0.61,0.000788,0.09,0.00632,0.7,9065
8,"Seymour",1965,1,0.018201,0.71,0.001448,0.06,0.019649,0.76,25738
8,"Seymour",1966,2,0.146235,0.83,0.001926,0.01,0.148161,0.84,176859
8,"Seymour",1967,3,0.101972,0.88,0.000761,0.01,0.102733,0.88,116094
8,"Seymour",1968,0,0.015612,0.79,0.000305,0.02,0.015917,0.81,19668
8,"Seymour",1969,1,0.027686,0.79,0.000349,0.01,0.028035,0.8,35211
8,"Seymour",1970,2,0.122766,0.88,0.002624,0.02,0.12539,0.9,139745
8,"Seymour",1971,3,0.19719,0.9,0.00194,0.01,0.19913,0.91,218158
8,"Seymour",1972,0,0.021221,0.82,0.001992,0.08,0.023213,0.89,26015
8,"Seymour",1973,1,0.011878,0.8,0.00018,0.01,0.012058,0.82,14762
8,"Seymour",1974,2,0.171617,0.77,0.007433,0.03,0.17905,0.8,223638
8,"Seymour",1975,3,0.091606,0.68,0.005782,0.04,0.097388,0.73,134229
8,"Seymour",1976,0,0.048487,0.83,0.001532,0.03,0.050019,0.86,58399
8,"Seymour",1977,1,0.017898,0.73,0.000774,0.03,0.018672,0.77,24381
8,"Seymour",1978,2,0.172649,0.7,0.011919,0.05,0.184568,0.75,247376
8,"Seymour",1979,3,0.11574,0.66,0.009966,0.06,0.125706,0.72,175012
8,"Seymour",1980,0,0.012587,0.57,0.001304,0.06,0.013891,0.63,22200
8,"Seymour",1981,1,0.041013,0.76,0.001654,0.03,0.042667,0.79,54026
8,"Seymour",1982,2,0.195927,0.72,0.013089,0.05,0.209016,0.77,272287
8,"Seymour",1983,3,0.061405,0.63,0.006742,0.07,0.068147,0.7,97978
8,"Seymour",1984,0,0.06712,0.77,0.003099,0.04,0.070219,0.8,87391
8,"Seymour",1985,1,0.027267,0.8,0.001091,0.03,0.028358,0.83,33978
8,"Seymour",1986,2,0.336248,0.68,0.034436,0.07,0.370684,0.75,496850
8,"Seymour",1987,3,0.155078,0.56,0.034363,0.13,0.189441,0.69,274635
8,"Seymour",1988,0,0.022833,0.52,0.004349,0.1,0.027182,0.62,44039
8,"Seymour",1989,1,0.025641,0.8,0.00097,0.03,0.026611,0.83,32118
8,"Seymour",1990,2,0.492031,0.6,0.058868,0.07,0.550899,0.67,822940
8,"Seymour",1991,3,0.279275,0.65,0.019896,0.05,0.299171,0.7,427424
8,"Seymour",1992,0,0.008446,0.24,0.016306,0.47,0.024752,0.71,34832
8,"Seymour",1993,1,0.00963,0.47,0.000872,0.04,0.010502,0.51,20616
8,"Seymour",1994,2,0.148676,0.55,0.027119,0.1,0.175795,0.65,272278
8,"Seymour",1995,3,0.019696,0.25,0.016736,0.21,0.036432,0.45,80305
8,"Seymour",1996,0,0.000783,0.03,0.004498,0.17,0.005281,0.2,26382
8,"Seymour",1997,1,0.006211,0.69,0.001157,0.13,0.007368,0.82,9030
8,"Seymour",1998,2,0.050714,0.29,0.01812,0.11,0.068834,0.4,172350
8,"Seymour",1999,3,0.002801,0.04,0.011483,0.17,0.014284,0.21,66984
8,"Seymour",2000,0,0.005272,0.15,0.004851,0.14,0.010173,0.29,34691
8,"Seymour",2001,1,0.000672,0.08,0.000828,0.1,0.001531,0.18,8423
8,"Seymour",2002,2,0.071633,0.34,0.023404,0.11,0.099069,0.47,210538
8,"Seymour",2003,3,0.05443273,0.5,0.0130959,0.12,0.06962874,0.64,109586.82
8,"Seymour",2004,0,0.03626098,0.42,0.01526741,0.18,0.05291617,0.61,86532.53
8,"Seymour",2005,1,0.00162821,0.1,0.00309998,0.19,0.00476046,0.3,15946.81
8,"Seymour",2006,2,0.17310837,0.34,0.05258777,0.1,0.23589875,0.47,504071.42
8,"Seymour",2007,3,0.00457498,0.22,0.00216004,0.11,0.00673502,0.33,20513.74
8,"Seymour",2008,0,0.00091177,0.12,0.00171191,0.22,0.00273939,0.35,7732.74
8,"Seymour",2009,1,0.00030567,0.04,0.00031645,0.04,0.00063161,0.08,8274.61
8,"Seymour",2010,2,0.326127,0.3,0.11006182,0.1,0.45021904,0.42,1070611.18
8,"Seymour",2011,3,0.00684805,0.17,0.01156696,0.29,0.01895897,0.47,40340.08
9,"L. Shuswap",1952,0,0.015608,0.64,0.001373,0.06,0.016981,0.7,24298
9,"L. Shuswap",1953,1,0.025691,0.87,0.000293,0.01,0.025984,0.88,29456
9,"L. Shuswap",1954,2,7.241737,0.78,0.049669,0.01,7.291406,0.78,9318160
9,"L. Shuswap",1955,3,0.486786,0.87,0.011929,0.02,0.498715,0.89,562574
9,"L. Shuswap",1956,0,0.011871,0.71,0.001641,0.1,0.013512,0.8,16833
9,"L. Shuswap",1957,1,0.02882,0.91,7.3e-05,0,0.028893,0.91,31702
9,"L. Shuswap",1958,2,11.738603,0.78,0.04216,0,11.780763,0.78,15098012
9,"L. Shuswap",1959,3,0.765434,0.84,0.008338,0.01,0.773772,0.85,908606
9,"L. Shuswap",1960,0,0.005443,0.67,0.000748,0.09,0.006191,0.76,8098
9,"L. Shuswap",1961,1,0.002033,0.58,0.000351,0.1,0.002384,0.67,3534
9,"L. Shuswap",1962,2,0.873972,0.42,0.060001,0.03,0.933973,0.45,2078542
9,"L. Shuswap",1963,3,0.210982,0.55,0.016991,0.04,0.227973,0.59,386328
9,"L. Shuswap",1964,0,0.001658,0.68,0.000193,0.08,0.001851,0.75,2455
9,"L. Shuswap",1965,1,0.004858,0.66,0.000373,0.05,0.005231,0.71,7318
9,"L. Shuswap",1966,2,1.377425,0.5,0.085925,0.03,1.46335,0.53,2745530
9,"L. Shuswap",1967,3,2.249082,0.72,0.048106,0.02,2.297188,0.73,3142142
9,"L. Shuswap",1968,0,0.01817,0.82,0.000251,0.01,0.018421,0.83,22092
9,"L. Shuswap",1969,1,0.023146,0.79,0.000212,0.01,0.023358,0.8,29343
9,"L. Shuswap",1970,2,2.363472,0.6,0.037775,0.01,2.401247,0.61,3930109
9,"L. Shuswap",1971,3,2.841519,0.9,0.014046,0,2.855565,0.91,3145757
9,"L. Shuswap",1972,0,0.024802,0.81,0.001681,0.05,0.026483,0.86,30675
9,"L. Shuswap",1973,1,0.024579,0.85,0.000683,0.02,0.025262,0.87,29070
9,"L. Shuswap",1974,2,4.18759,0.78,0.049943,0.01,4.237533,0.79,5388305
9,"L. Shuswap",1975,3,0.529965,0.74,0.015001,0.02,0.544966,0.77,712331
9,"L. Shuswap",1976,0,0.032828,0.85,0.001081,0.03,0.033909,0.88,38689
9,"L. Shuswap",1977,1,0.052264,0.8,0.000945,0.01,0.053209,0.81,65679
9,"L. Shuswap",1978,2,4.908286,0.72,0.056669,0.01,4.964955,0.72,6852397
9,"L. Shuswap",1979,3,0.833099,0.73,0.013835,0.01,0.846934,0.74,1146337
9,"L. Shuswap",1980,0,0.009467,0.67,0.002006,0.14,0.011473,0.81,14127
9,"L. Shuswap",1981,1,0.082179,0.88,0.001096,0.01,0.083275,0.89,93568
9,"L. Shuswap",1982,2,5.793576,0.66,0.123126,0.01,5.916702,0.67,8780057
9,"L. Shuswap",1983,3,1.430078,0.86,0.012837,0.01,1.442915,0.87,1654280
9,"L. Shuswap",1984,0,0.032224,0.84,0.001849,0.05,0.034073,0.89,38407
9,"L. Shuswap",1985,1,0.008281,0.84,9.7e-05,0.01,0.008378,0.85,9910
9,"L. Shuswap",1986,2,6.692329,0.73,0.156338,0.02,6.848667,0.74,9201910
9,"L. Shuswap",1987,3,1.448719,0.68,0.059841,0.03,1.50856,0.71,2125885
9,"L. Shuswap",1988,0,0.041317,0.84,0.002659,0.05,0.043976,0.9,48983
9,"L. Shuswap",1989,1,0.003771,0.8,0.000204,0.04,0.003975,0.84,4718
9,"L. Shuswap",1990,2,6.530497,0.63,0.17298,0.02,6.703477,0.65,10303837
9,"L. Shuswap",1991,3,2.752088,0.68,0.047561,0.01,2.799649,0.69,4042107
9,"L. Shuswap",1992,0,0.060104,0.82,0.000191,0,0.060295,0.82,73217
9,"L. Shuswap",1993,1,0.014719,0.9,0.000313,0.02,0.015032,0.92,16364
9,"L. Shuswap",1994,2,5.876876,0.8,0.111618,0.02,5.988494,0.82,7305624
9,"L. Shuswap",1995,3,0.400267,0.43,0.123,0.13,0.523267,0.56,933969
9,"L. Shuswap",1996,0,0.01317366,0.42,0.00443768,0.14,0.01761133,0.56,31189.22
9,"L. Shuswap",1997,1,0.01750578,0.89,0.00012697,0.01,0.01767874,0.9,19684.74
9,"L. Shuswap",1998,2,0.36828561,0.14,0.05370641,0.02,0.42259169,0.16,2569709.98
9,"L. Shuswap",1999,3,0.08703081,0.11,0.00869285,0.01,0.09705538,0.13,770717.59
9,"L. Shuswap",2000,0,0.02629838,0.51,0.00644065,0.12,0.03360328,0.65,51937.02
9,"L. Shuswap",2001,1,0.01978038,0.19,0.00187636,0.02,0.02167758,0.21,103259.25
9,"L. Shuswap",2002,2,1.01536645,0.14,0.19305627,0.03,1.2425106,0.18,7039971.45
9,"L. Shuswap",2003,3,0.21613793,0.32,0.05245456,0.08,0.27431528,0.41,674341.04
9,"L. Shuswap",2004,0,0.00633749,0.24,0.00557755,0.21,0.01220504,0.46,26291.87
9,"L. Shuswap",2005,1,0.00389677,0.12,0.00778493,0.24,0.01194208,0.36,33055.08
9,"L. Shuswap",2006,2,2.5236945,0.34,0.32208912,0.04,2.90346178,0.39,7415668.06
9,"L. Shuswap",2007,3,0.02127969,0.12,0.01324128,0.08,0.03452097,0.2,172328.22
9,"L. Shuswap",2008,0,0.00182349,0.15,0.00235784,0.2,0.00424828,0.36,11941.75
9,"L. Shuswap",2009,1,0.00406711,0.06,0.00109667,0.02,0.00523425,0.08,64607.38
9,"L. Shuswap",2010,2,8.33297392,0.48,0.80748698,0.05,9.24917452,0.53,17334140.11
9,"L. Shuswap",2011,3,0.09180308,0.25,0.03372026,0.09,0.1322088,0.36,368915.94
10,"Birkenhead",1952,0,0.168773,0.74,0.011194,0.05,0.179967,0.79,227028
10,"Birkenhead",1953,1,0.207761,0.8,0.010708,0.04,0.218469,0.84,260960
10,"Birkenhead",1954,2,0.185751,0.89,0.004535,0.02,0.190286,0.91,208499
10,"Birkenhead",1955,3,0.131563,0.88,0.003442,0.02,0.135005,0.9,149558
10,"Birkenhead",1956,0,0.199274,0.77,0.0086,0.03,0.207874,0.81,257628
10,"Birkenhead",1957,1,0.128901,0.87,0.005438,0.04,0.134339,0.9,148875
10,"Birkenhead",1958,2,0.149098,0.88,0.005637,0.03,0.154735,0.91,169901
10,"Birkenhead",1959,3,0.218893,0.87,0.005338,0.02,0.224231,0.9,250390
10,"Birkenhead",1960,0,0.181242,0.8,0.007258,0.03,0.1885,0.84,225338
10,"Birkenhead",1961,1,0.050723,0.57,0.006617,0.07,0.05734,0.64,89021
10,"Birkenhead",1962,2,0.064371,0.62,0.012884,0.12,0.077255,0.75,103624
10,"Birkenhead",1963,3,0.159328,0.72,0.011853,0.05,0.171181,0.78,220074
10,"Birkenhead",1964,0,0.105398,0.64,0.01021,0.06,0.115608,0.7,164516
10,"Birkenhead",1965,1,0.062406,0.74,0.006227,0.07,0.068633,0.81,84863
10,"Birkenhead",1966,2,0.080778,0.76,0.004977,0.05,0.085755,0.81,105871
10,"Birkenhead",1967,3,0.248536,0.84,0.006828,0.02,0.255364,0.86,295240
10,"Birkenhead",1968,0,0.23586,0.78,0.006619,0.02,0.242479,0.81,300583
10,"Birkenhead",1969,1,0.169181,0.81,0.00246,0.01,0.171641,0.82,209023
10,"Birkenhead",1970,2,0.143774,0.81,0.002784,0.02,0.146558,0.83,177214
10,"Birkenhead",1971,3,0.43486,0.94,0.005136,0.01,0.439996,0.95,464625
10,"Birkenhead",1972,0,0.226074,0.8,0.003075,0.01,0.229149,0.81,283871
10,"Birkenhead",1973,1,0.432676,0.87,0.006305,0.01,0.438981,0.89,495716
10,"Birkenhead",1974,2,0.652333,0.82,0.023431,0.03,0.675764,0.85,795578
10,"Birkenhead",1975,3,0.23664,0.76,0.011285,0.04,0.247925,0.8,309506
10,"Birkenhead",1976,0,0.394693,0.81,0.01395,0.03,0.408643,0.84,486178
10,"Birkenhead",1977,1,0.146705,0.77,0.020265,0.11,0.16697,0.88,190815
10,"Birkenhead",1978,2,0.336568,0.74,0.022183,0.05,0.358751,0.79,453892
10,"Birkenhead",1979,3,0.243639,0.76,0.016546,0.05,0.260185,0.81,321173
10,"Birkenhead",1980,0,0.408159,0.8,0.019743,0.04,0.427902,0.84,512396
10,"Birkenhead",1981,1,0.336045,0.85,0.009037,0.02,0.345082,0.88,394105
10,"Birkenhead",1982,2,0.473278,0.77,0.021735,0.04,0.495013,0.81,614751
10,"Birkenhead",1983,3,0.351534,0.86,0.012659,0.03,0.364193,0.89,408222
10,"Birkenhead",1984,0,0.189229,0.78,0.012673,0.05,0.201902,0.83,242147
10,"Birkenhead",1985,1,0.128624,0.89,0.003115,0.02,0.131739,0.92,143866
10,"Birkenhead",1986,2,1.269828,0.78,0.019588,0.01,1.289416,0.79,1627917
10,"Birkenhead",1987,3,0.731973,0.8,0.022895,0.02,0.754868,0.82,919814
10,"Birkenhead",1988,0,0.328419,0.64,0.018226,0.04,0.346645,0.68,513236
10,"Birkenhead",1989,1,0.205772,0.86,0.003253,0.01,0.209025,0.88,238631
10,"Birkenhead",1990,2,0.809031,0.83,0.004474,0,0.813505,0.83,980278
10,"Birkenhead",1991,3,0.716416,0.7,0.007231,0.01,0.723647,0.71,1017673
10,"Birkenhead",1992,0,0.289313,0.6,0.008265,0.02,0.297578,0.61,484121
10,"Birkenhead",1993,1,1.386697,0.85,0.006995,0,1.393692,0.85,1638646
10,"Birkenhead",1994,2,0.335848,0.89,0.004322,0.01,0.34017,0.9,379404
10,"Birkenhead",1995,3,0.02826,0.34,0.015121,0.18,0.043381,0.53,81969
10,"Birkenhead",1996,0,0.05267608,0.47,0.00371507,0.03,0.05639115,0.5,112038.15
10,"Birkenhead",1997,1,0.17226706,0.75,0.00515256,0.02,0.17872121,0.78,228923.21
10,"Birkenhead",1998,2,0.09832998,0.24,0.00791334,0.02,0.10654497,0.26,407316.1
10,"Birkenhead",1999,3,0.01952639,0.1,0.00051099,0,0.02070566,0.11,187912.95
10,"Birkenhead",2000,0,0.04128283,0.65,0.00096638,0.02,0.04294096,0.68,63090.8
10,"Birkenhead",2001,1,0.01193022,0.19,0.00574363,0.09,0.01782919,0.29,62279.19
10,"Birkenhead",2002,2,0.03527512,0.16,0.00102052,0,0.03629564,0.16,225740.64
10,"Birkenhead",2003,3,0.11841549,0.26,0.01922992,0.04,0.14112466,0.31,452084.66
10,"Birkenhead",2004,0,0.03195392,0.32,0.00352287,0.03,0.03547679,0.35,100930.72
10,"Birkenhead",2005,1,0.0156159,0.11,0.00326228,0.02,0.01887818,0.13,148359.9
10,"Birkenhead",2006,2,0.16926658,0.29,0.00633403,0.01,0.17560061,0.3,584188.49
10,"Birkenhead",2007,3,0.0392944,0.29,0.00318789,0.02,0.0424823,0.31,135962.3
10,"Birkenhead",2008,0,0.00545952,0.1,0.00347794,0.06,0.00893746,0.17,53880.2
10,"Birkenhead",2009,1,0.00410934,0.06,0.00062011,0.01,0.00472945,0.07,63400.28
10,"Birkenhead",2010,2,0.15180436,0.49,0.00993243,0.03,0.16395373,0.53,309732.14
10,"Birkenhead",2011,3,0.07422666,0.2,0.03075793,0.08,0.11446703,0.31,373428.14
11,"Cultus",1952,0,0.019931,0.53,5.6e-05,0,0.019987,0.53,37820
11,"Cultus",1953,1,0.029009,0.72,2e-05,0,0.029029,0.72,40572
11,"Cultus",1954,2,0.079603,0.78,2.5e-05,0,0.079628,0.78,101664
11,"Cultus",1955,3,0.143073,0.85,0.000122,0,0.143195,0.85,169117
11,"Cultus",1956,0,0.023341,0.62,0.000467,0.01,0.023808,0.63,37526
11,"Cultus",1957,1,0.053127,0.72,8.1e-05,0,0.053208,0.72,73583
11,"Cultus",1958,2,0.049114,0.79,4.8e-05,0,0.049162,0.79,62486
11,"Cultus",1959,3,0.234176,0.83,0.000525,0,0.234701,0.83,282480
11,"Cultus",1960,0,0.022009,0.55,0.000295,0.01,0.022304,0.56,39944
11,"Cultus",1961,1,0.013979,0.5,0.000416,0.01,0.014395,0.52,27791
11,"Cultus",1962,2,0.020344,0.43,0.000192,0,0.020536,0.43,47533
11,"Cultus",1963,3,0.030847,0.59,0.000694,0.01,0.031541,0.61,51844
11,"Cultus",1964,0,0.013138,0.53,0.000584,0.02,0.013722,0.55,24789
11,"Cultus",1965,1,0.004239,0.62,0.00011,0.02,0.004349,0.64,6804
11,"Cultus",1966,2,0.018309,0.52,0.000255,0.01,0.018564,0.52,35483
11,"Cultus",1967,3,0.09834,0.75,0.000462,0,0.098802,0.75,132000
11,"Cultus",1968,0,0.044779,0.63,0.00076,0.01,0.045539,0.64,70853
11,"Cultus",1969,1,0.015894,0.72,0.000117,0.01,0.016011,0.73,21953
11,"Cultus",1970,2,0.024889,0.62,0.001249,0.03,0.026138,0.65,40079
11,"Cultus",1971,3,0.087978,0.91,0,0,0.087978,0.91,97106
11,"Cultus",1972,0,0.038567,0.79,7.2e-05,0,0.038639,0.79,49005
11,"Cultus",1973,1,0.004372,0.87,1.8e-05,0,0.00439,0.87,5031
11,"Cultus",1974,2,0.035076,0.78,0.000737,0.02,0.035813,0.8,44797
11,"Cultus",1975,3,0.036111,0.75,0.000624,0.01,0.036735,0.76,48084
11,"Cultus",1976,0,0.02628,0.85,0.00013,0,0.02641,0.86,30845
11,"Cultus",1977,1,0.000385,0.8,1.6e-05,0.03,0.000401,0.83,483
11,"Cultus",1978,2,0.022265,0.81,9.9e-05,0,0.022364,0.82,27440
11,"Cultus",1979,3,0.075498,0.69,0.002122,0.02,0.07762,0.71,109651
11,"Cultus",1980,0,0.004613,0.72,0.000106,0.02,0.004719,0.74,6376
11,"Cultus",1981,1,0.001201,0.82,0,0,0.001201,0.82,1457
11,"Cultus",1982,2,0.051978,0.75,0.000408,0.01,0.052386,0.76,69111
11,"Cultus",1983,3,0.087565,0.81,0.000387,0,0.087952,0.82,107896
11,"Cultus",1984,0,0.00579,0.84,9.2e-05,0.01,0.005882,0.86,6876
11,"Cultus",1985,1,0.000541,0.56,0,0,0.000541,0.56,965
11,"Cultus",1986,2,0.009034,0.73,0.000129,0.01,0.009163,0.74,12419
11,"Cultus",1987,3,0.068537,0.68,0,0,0.068537,0.68,100721
11,"Cultus",1988,0,0.008904,0.91,2e-05,0,0.008924,0.91,9785
11,"Cultus",1989,1,0.001679,0.8,0,0,0.001679,0.8,2097
11,"Cultus",1990,2,0.008537,0.82,3e-06,0,0.00854,0.82,10400
11,"Cultus",1991,3,0.043601,0.67,0.001161,0.02,0.044762,0.69,64919
11,"Cultus",1992,0,0.006298,0.84,0,0,0.006298,0.84,7501
11,"Cultus",1993,1,0.009805,0.9,3e-06,0,0.009808,0.9,10871
11,"Cultus",1994,2,0.018772,0.81,7.2e-05,0,0.018844,0.81,23243
11,"Cultus",1995,3,0.007804,0.4,0.001222,0.06,0.009026,0.47,19342
11,"Cultus",1996,0,0.00035511,0.14,3.879e-05,0.02,0.00043024,0.18,2452.24
11,"Cultus",1997,1,0.00083462,0.89,1.036e-05,0.01,0.00084598,0.91,933.98
11,"Cultus",1998,2,0.0002902,0.13,4.582e-05,0.02,0.00033955,0.15,2298.55
11,"Cultus",1999,3,0.00147205,0.1,0.00012622,0.01,0.00176335,0.12,14166.35
11,"Cultus",2000,0,0.00072308,0.36,5.4e-05,0.03,0.00080482,0.4,2031.82
11,"Cultus",2001,1,0.00010669,0.15,7.746e-05,0.11,0.00018415,0.26,699.15
11,"Cultus",2002,2,0.00078314,0.13,3.308e-05,0.01,0.00081622,0.14,5965.22
11,"Cultus",2003,3,0.00063939,0.22,6.2e-05,0.02,0.00070139,0.24,2885.39
11,"Cultus",2004,0,2.847e-05,0.23,2.84e-06,0.02,3.131e-05,0.26,121.31
11,"Cultus",2005,1,1.888e-05,0.09,7.94e-06,0.04,2.682e-05,0.12,219.82
11,"Cultus",2006,2,0.0011574,0.23,9.7e-05,0.02,0.0012544,0.25,5039.4
11,"Cultus",2007,3,9.747e-05,0.12,3.599e-05,0.04,0.00013346,0.16,822.46
11,"Cultus",2008,0,3.299e-05,0.08,2.22e-05,0.06,5.519e-05,0.14,395.19
11,"Cultus",2009,1,4.245e-05,0.05,2.74e-06,0,4.52e-05,0.05,934.2
11,"Cultus",2010,2,0.0091752,0.45,0.00066893,0.03,0.01011583,0.5,20226.83
11,"Cultus",2011,3,0.0045719,0.37,0.00039523,0.03,0.00517826,0.41,12520.26
12,"Portage",1953,1,0.000245,0.83,1e-06,0,0.000246,0.83,296
12,"Portage",1954,2,0.024609,0.88,0.000109,0,0.024718,0.88,28087
12,"Portage",1955,3,0.000181,0.8,4e-06,0.02,0.000185,0.82,226
12,"Portage",1956,0,NA,NA,NA,NA,0,NA,0
12,"Portage",1957,1,0.000353,0.9,1e-06,0,0.000354,0.9,394
12,"Portage",1958,2,0.031128,0.87,8.2e-05,0,0.03121,0.87,35946
12,"Portage",1959,3,0.004567,0.87,1.7e-05,0,0.004584,0.88,5232
12,"Portage",1960,0,NA,NA,NA,NA,0,NA,0
12,"Portage",1961,1,2.2e-05,0.47,2e-06,0.04,2.4e-05,0.51,47
12,"Portage",1962,2,0.012108,0.49,0.000695,0.03,0.012803,0.52,24738
12,"Portage",1963,3,0.003272,0.6,0.00016,0.03,0.003432,0.63,5443
12,"Portage",1964,0,1.2e-05,0.57,0,0,1.2e-05,0.57,21
12,"Portage",1965,1,0.001694,0.62,4.6e-05,0.02,0.00174,0.64,2721
12,"Portage",1966,2,0.036527,0.52,0.002248,0.03,0.038775,0.55,70118
12,"Portage",1967,3,0.051607,0.92,0.00051,0.01,0.052117,0.92,56398
12,"Portage",1968,0,0.000467,0.8,3.4e-05,0.06,0.000501,0.85,587
12,"Portage",1969,1,0.002162,0.65,0.000194,0.06,0.002356,0.71,3319
12,"Portage",1970,2,0.026491,0.86,0.00034,0.01,0.026831,0.87,30704
12,"Portage",1971,3,0.003991,0.93,3.6e-05,0.01,0.004027,0.93,4308
12,"Portage",1972,0,0.000838,0.72,0.000132,0.11,0.00097,0.84,1160
12,"Portage",1973,1,0.026464,0.86,0.000316,0.01,0.02678,0.87,30773
12,"Portage",1974,2,0.047833,0.84,0.000392,0.01,0.048225,0.85,56751
12,"Portage",1975,3,0.012457,0.79,0.00018,0.01,0.012637,0.8,15812
12,"Portage",1976,0,0.0114,0.85,0.000895,0.07,0.012295,0.92,13337
12,"Portage",1977,1,0.072219,0.89,0.000388,0,0.072607,0.9,80696
12,"Portage",1978,2,0.029163,0.72,0.001561,0.04,0.030724,0.75,40702
12,"Portage",1979,3,0.011137,0.74,0.000243,0.02,0.01138,0.76,14955
12,"Portage",1980,0,0.005003,0.68,0.000457,0.06,0.00546,0.74,7332
12,"Portage",1981,1,0.031669,0.82,0.000957,0.02,0.032626,0.85,38435
12,"Portage",1982,2,0.075728,0.75,0.001126,0.01,0.076854,0.76,100721
12,"Portage",1983,3,0.053483,0.86,0.00114,0.02,0.054623,0.88,62370
12,"Portage",1984,0,0.01005,0.82,0.000482,0.04,0.010532,0.86,12242
12,"Portage",1985,1,0.013495,0.84,0.000201,0.01,0.013696,0.86,16014
12,"Portage",1986,2,0.185319,0.92,0.002552,0.01,0.187871,0.93,202162
12,"Portage",1987,3,0.04079,0.84,0.000841,0.02,0.041631,0.86,48491
12,"Portage",1988,0,0.022298,0.91,0.00109,0.04,0.023388,0.96,24456
12,"Portage",1989,1,0.040989,0.83,0.000438,0.01,0.041427,0.84,49327
12,"Portage",1990,2,0.048635,0.71,0.000167,0,0.048802,0.71,68750
12,"Portage",1991,3,0.051295,0.8,0.001097,0.02,0.052392,0.81,64445
12,"Portage",1992,0,0.01443,0.84,4e-05,0,0.01447,0.84,17176
12,"Portage",1993,1,0.171063,0.9,5.4e-05,0,0.171117,0.9,190877
12,"Portage",1994,2,0.052621,0.83,0.001584,0.02,0.054205,0.85,63475
12,"Portage",1995,3,0.007496,0.46,0.000997,0.06,0.008493,0.52,16368
12,"Portage",1996,0,0.00472457,0.33,0.00020965,0.01,0.0050617,0.36,14111.65
12,"Portage",1997,1,0.15294246,0.89,0.00088389,0.01,0.1542285,0.9,171611.13
12,"Portage",1998,2,0.01803285,0.14,0.00197936,0.02,0.02005328,0.15,130166.32
12,"Portage",1999,3,0.00478924,0.12,0.00041033,0.01,0.0053696,0.13,40205.28
12,"Portage",2000,0,0.04384114,0.51,0.01066633,0.12,0.05594823,0.65,86582.45
12,"Portage",2001,1,0.00659783,0.15,0.00182329,0.04,0.00842112,0.19,43236.33
12,"Portage",2002,2,0.00272878,0.14,0.00053873,0.03,0.00335975,0.18,18919.78
12,"Portage",2003,3,0.00280038,0.32,0.00067962,0.08,0.00355415,0.41,8737.05
12,"Portage",2004,0,0.00328422,0.24,0.00314611,0.23,0.00658032,0.48,13604.41
12,"Portage",2005,1,0.00219095,0.12,0.00416583,0.22,0.00650318,0.35,18585.18
12,"Portage",2006,2,0.01644485,0.34,0.00209879,0.04,0.01891949,0.39,48321.84
12,"Portage",2007,3,0.000597,0.12,0.000358,0.07,0.00095501,0.2,4834.68
12,"Portage",2008,0,0.00090822,0.15,0.00115131,0.19,0.00209962,0.35,5947.81
12,"Portage",2009,1,0.00018127,0.06,4.888e-05,0.02,0.00023329,0.08,3051.56
12,"Portage",2010,2,0.0823048,0.48,0.00658109,0.04,0.08997815,0.53,171209.34
12,"Portage",2011,3,0.0009704,0.25,0.0002543,0.07,0.00129817,0.33,3899.6
13,"Weaver",1952,0,0.100903,0.77,0.000106,0,0.101009,0.77,130774
13,"Weaver",1953,1,0.042295,0.83,1.6e-05,0,0.042311,0.83,51100
13,"Weaver",1954,2,0.153412,0.84,3.2e-05,0,0.153444,0.85,181581
13,"Weaver",1955,3,0.086771,0.8,1e-04,0,0.086871,0.8,108507
13,"Weaver",1956,0,0.01745,0.67,2.4e-05,0,0.017474,0.67,25964
13,"Weaver",1957,1,0.179013,0.9,8e-05,0,0.179093,0.9,199330
13,"Weaver",1958,2,0.21798,0.86,3.8e-05,0,0.218018,0.86,253957
13,"Weaver",1959,3,0.063939,0.88,0.000275,0,0.064214,0.88,72577
13,"Weaver",1960,0,0.014799,0.67,0.000118,0.01,0.014917,0.68,21950
13,"Weaver",1961,1,0.003483,0.44,0.000196,0.02,0.003679,0.46,7925
13,"Weaver",1962,2,0.015475,0.48,0.000738,0.02,0.016213,0.5,32137
13,"Weaver",1963,3,0.023566,0.61,0.000582,0.02,0.024148,0.63,38617
13,"Weaver",1964,0,0.002479,0.66,8.1e-05,0.02,0.00256,0.68,3756
13,"Weaver",1965,1,0.030947,0.62,0.000846,0.02,0.031793,0.64,49717
13,"Weaver",1966,2,0.033796,0.63,0.000724,0.01,0.03452,0.64,54009
13,"Weaver",1967,3,0.141846,0.86,0.000239,0,0.142085,0.86,164666
13,"Weaver",1968,0,0.018141,0.82,0.000236,0.01,0.018377,0.83,22176
13,"Weaver",1969,1,0.128146,0.68,0.001021,0.01,0.129167,0.69,187894
13,"Weaver",1970,2,0.082713,0.88,0.000409,0,0.083122,0.89,93557
13,"Weaver",1971,3,0.073963,0.93,0.000274,0,0.074237,0.94,79227
13,"Weaver",1972,0,0.125363,0.83,7.7e-05,0,0.12544,0.83,151178
13,"Weaver",1973,1,0.332855,0.87,0.000817,0,0.333672,0.87,382213
13,"Weaver",1974,2,0.344841,0.84,0.001305,0,0.346146,0.84,410239
13,"Weaver",1975,3,0.113511,0.79,0.001004,0.01,0.114515,0.79,144221
13,"Weaver",1976,0,0.285273,0.85,0.001376,0,0.286649,0.85,336581
13,"Weaver",1977,1,0.213769,0.79,0.00253,0.01,0.216299,0.8,268926
13,"Weaver",1978,2,0.189036,0.71,0.001299,0,0.190335,0.72,265506
13,"Weaver",1979,3,0.143087,0.75,0.003407,0.02,0.146494,0.76,191556
13,"Weaver",1980,0,0.192776,0.71,0.003431,0.01,0.196207,0.72,272801
13,"Weaver",1981,1,0.196369,0.82,0.002382,0.01,0.198751,0.83,240753
13,"Weaver",1982,2,0.902655,0.75,0.002954,0,0.905609,0.75,1200623
13,"Weaver",1983,3,0.259174,0.87,0.000781,0,0.259955,0.87,299296
13,"Weaver",1984,0,0.281574,0.82,0.002162,0.01,0.283736,0.83,343338
13,"Weaver",1985,1,0.198755,0.84,0.000519,0,0.199274,0.84,236621
13,"Weaver",1986,2,1.220312,0.91,0.003078,0,1.22339,0.92,1335718
13,"Weaver",1987,3,0.37479,0.84,0.001623,0,0.376413,0.84,445905
13,"Weaver",1988,0,0.540984,0.91,0.0033,0.01,0.544284,0.92,593541
13,"Weaver",1989,1,0.084482,0.83,1.8e-05,0,0.0845,0.83,101667
13,"Weaver",1990,2,0.042243,0.72,3.9e-05,0,0.042282,0.72,58659
13,"Weaver",1991,3,0.155594,0.8,0.001842,0.01,0.157436,0.81,195568
13,"Weaver",1992,0,0.304202,0.84,3.7e-05,0,0.304239,0.84,362925
13,"Weaver",1993,1,0.782795,0.9,0.000237,0,0.783032,0.9,867488
13,"Weaver",1994,2,0.60652,0.9,0.001063,0,0.607583,0.9,672539
13,"Weaver",1995,3,0.040022,0.51,0.00406,0.05,0.044082,0.56,78113
13,"Weaver",1996,0,0.21442143,0.33,0.09578263,0.15,0.31289657,0.49,640496.33
13,"Weaver",1997,1,0.45405034,0.89,0.00625624,0.01,0.4613568,0.91,509472.47
13,"Weaver",1998,2,0.10614996,0.14,0.10292714,0.13,0.20917023,0.27,765970.06
13,"Weaver",1999,3,0.02873003,0.12,0.00748323,0.03,0.0371044,0.15,240340.27
13,"Weaver",2000,0,0.15905318,0.36,0.012419,0.03,0.17188444,0.38,446918.68
13,"Weaver",2001,1,0.03432214,0.15,0.00595623,0.03,0.04027836,0.18,224916.91
13,"Weaver",2002,2,0.06880001,0.13,0.11001919,0.21,0.1788192,0.34,524044.01
13,"Weaver",2003,3,0.05507812,0.22,0.01500649,0.06,0.07199071,0.29,248551.11
13,"Weaver",2004,0,0.03954885,0.23,0.00737788,0.04,0.04692673,0.28,168587.2
13,"Weaver",2005,1,0.01334782,0.09,0.00856711,0.06,0.02191493,0.14,155387.18
13,"Weaver",2006,2,0.06435715,0.23,0.012278,0.04,0.07663515,0.27,280214.58
13,"Weaver",2007,3,0.01771713,0.12,0.00206074,0.01,0.01977787,0.13,149500.73
13,"Weaver",2008,0,0.01000266,0.08,0.00673306,0.06,0.01673572,0.14,119837.24
13,"Weaver",2009,1,0.00530594,0.05,0.00034308,0,0.00564902,0.05,116761.52
13,"Weaver",2010,2,0.1035975,0.45,0.01865895,0.08,0.12532428,0.55,228381.92
13,"Weaver",2011,3,0.12496705,0.37,0.05178285,0.15,0.18252114,0.53,342225.68
14,"Fennell",1967,3,0.007526,0.87,0.000205,0.02,0.007731,0.89,8647
14,"Fennell",1968,0,0.00257,0.7,0.000131,0.04,0.002701,0.74,3655
14,"Fennell",1969,1,0.000197,0.77,6e-06,0.02,0.000203,0.8,255
14,"Fennell",1970,2,3.3e-05,0.73,3e-06,0.07,3.6e-05,0.8,45
14,"Fennell",1971,3,0.013728,0.9,0.00018,0.01,0.013908,0.91,15201
14,"Fennell",1972,0,0.011434,0.77,0.001481,0.1,0.012915,0.87,14846
14,"Fennell",1973,1,0.000846,0.8,7e-06,0.01,0.000853,0.81,1058
14,"Fennell",1974,2,0.000556,0.75,4.4e-05,0.06,6e-04,0.81,740
14,"Fennell",1975,3,0.010458,0.68,0.000944,0.06,0.011402,0.74,15407
14,"Fennell",1976,0,0.024228,0.83,0.000872,0.03,0.0251,0.86,29190
14,"Fennell",1977,1,0.001344,0.76,4.9e-05,0.03,0.001393,0.79,1764
14,"Fennell",1978,2,0.00041,0.76,1.9e-05,0.04,0.000429,0.8,536
14,"Fennell",1979,3,0.038964,0.66,0.003354,0.06,0.042318,0.72,58892
14,"Fennell",1980,0,0.012478,0.54,0.002378,0.1,0.014856,0.64,23293
14,"Fennell",1981,1,0.00748,0.76,0.000302,0.03,0.007782,0.79,9871
14,"Fennell",1982,2,0.004156,0.79,0,0,0.004156,0.79,5288
14,"Fennell",1983,3,0.00337,0.37,0.000737,0.08,0.004107,0.45,9084
14,"Fennell",1984,0,0.031371,0.7,0.002117,0.05,0.033488,0.75,44595
14,"Fennell",1985,1,0.002924,0.61,0.000274,0.06,0.003198,0.67,4796
14,"Fennell",1986,2,0.001902,0.18,0.002383,0.23,0.004285,0.42,10309
14,"Fennell",1987,3,0.011684,0.31,0.009514,0.25,0.021198,0.56,37831
14,"Fennell",1988,0,0.016318,0.36,0.002677,0.06,0.018995,0.41,45922
14,"Fennell",1989,1,0.023293,0.78,0.002665,0.09,0.025958,0.87,29946
14,"Fennell",1990,2,0.0134,0.31,0.018198,0.42,0.031598,0.73,43460
14,"Fennell",1991,3,0.03647,0.53,0.011477,0.17,0.047947,0.7,68501
14,"Fennell",1992,0,0.014728,0.26,0.025674,0.45,0.040402,0.71,56652
14,"Fennell",1993,1,0.01207,0.59,0.000658,0.03,0.012728,0.62,20431
14,"Fennell",1994,2,0.002404,0.12,0.002122,0.1,0.004526,0.22,20407
14,"Fennell",1995,3,0.002927,0.16,0.004166,0.23,0.007093,0.38,18445
14,"Fennell",1996,0,0.00647,0.14,0.006889,0.15,0.013359,0.29,45638
14,"Fennell",1997,1,0.024801,0.69,0.004621,0.13,0.029422,0.82,36055
14,"Fennell",1998,2,0.00104,0.06,0.002576,0.14,0.003616,0.19,18849
14,"Fennell",1999,3,0.002126,0.05,0.011812,0.29,0.013938,0.34,41050
14,"Fennell",2000,0,0.002208,0.15,0.002012,0.14,0.00422,0.29,14372
14,"Fennell",2001,1,0.000675,0.08,0.000795,0.1,0.00147,0.18,8088
14,"Fennell",2002,2,0.002823,0.24,0.001807,0.15,0.00463,0.39,11828
14,"Fennell",2003,3,0.01162247,0.34,0.00471148,0.14,0.01708905,0.5,34167.93
14,"Fennell",2004,0,0.02872471,0.41,0.01077533,0.16,0.04042745,0.58,69231.26
14,"Fennell",2005,1,0.00158475,0.11,0.00158091,0.11,0.00323781,0.23,13883.28
14,"Fennell",2006,2,0.0170859,0.25,0.00678139,0.1,0.02500609,0.37,68460
14,"Fennell",2007,3,0.00516251,0.26,0.00147149,0.07,0.006634,0.34,19720.99
14,"Fennell",2008,0,0.00086417,0.08,0.00230928,0.23,0.00324699,0.32,10187.93
14,"Fennell",2009,1,0.00010731,0.07,4e-05,0.02,0.00014953,0.09,1612.03
14,"Fennell",2010,2,0.00699647,0.34,0.00160919,0.08,0.00884371,0.42,20831.35
14,"Fennell",2011,3,0.00294588,0.17,0.00264174,0.16,0.00605793,0.36,17040.15
15,"Scotch",1980,0,0.000155,0.56,1.7e-05,0.06,0.000172,0.62,279
15,"Scotch",1981,1,0.05564,0.73,0.001422,0.02,0.057062,0.75,76014
15,"Scotch",1982,2,0.014696,0.71,0.001215,0.06,0.015911,0.77,20620
15,"Scotch",1983,3,0.000492,0.63,5.4e-05,0.07,0.000546,0.7,785
15,"Scotch",1984,0,0.001039,0.68,7.7e-05,0.05,0.001116,0.73,1525
15,"Scotch",1985,1,0.021314,0.84,0.000597,0.02,0.021911,0.87,25296
15,"Scotch",1986,2,0.07014,0.68,0.007135,0.07,0.077275,0.74,103899
15,"Scotch",1987,3,0.004954,0.63,0.000845,0.11,0.005799,0.74,7888
15,"Scotch",1988,0,0.001528,0.53,0.000275,0.1,0.001803,0.63,2863
15,"Scotch",1989,1,0.034029,0.8,0.001275,0.03,0.035304,0.83,42540
15,"Scotch",1990,2,0.149483,0.6,0.018041,0.07,0.167524,0.67,250912
15,"Scotch",1991,3,0.015282,0.57,0.001544,0.06,0.016826,0.63,26780
15,"Scotch",1992,0,0.003174,0.24,0.006122,0.47,0.009296,0.71,13081
15,"Scotch",1993,1,0.007063,0.44,0.000729,0.05,0.007792,0.48,16151
15,"Scotch",1994,2,0.169903,0.55,0.030992,0.1,0.200895,0.65,311153
15,"Scotch",1995,3,0.006196,0.23,0.005651,0.21,0.011847,0.44,26662
15,"Scotch",1996,0,0.00017,0.03,0.000995,0.17,0.001165,0.2,5774
15,"Scotch",1997,1,0.008314,0.68,0.001589,0.13,0.009903,0.81,12176
15,"Scotch",1998,2,0.05355,0.29,0.019133,0.11,0.072683,0.4,181989
15,"Scotch",1999,3,0.000607,0.04,0.002487,0.17,0.003094,0.21,14507
15,"Scotch",2000,0,0.00081,0.15,0.000746,0.14,0.001564,0.29,5329
15,"Scotch",2001,1,0.000239,0.08,0.000294,0.1,0.000544,0.18,2993
15,"Scotch",2002,2,0.065078,0.34,0.021262,0.11,0.090003,0.47,191272
15,"Scotch",2003,3,0.00893632,0.5,0.00214998,0.12,0.01143108,0.64,17991.07
15,"Scotch",2004,0,0.02146058,0.42,0.00903581,0.18,0.03131773,0.61,51213.13
15,"Scotch",2005,1,0.00192779,0.1,0.00367043,0.19,0.00563641,0.3,18880.83
15,"Scotch",2006,2,0.23288322,0.34,0.07074649,0.1,0.31735532,0.47,678128.82
15,"Scotch",2007,3,0.00381841,0.22,0.00180283,0.11,0.00562124,0.33,17121.34
15,"Scotch",2008,0,0.00048205,0.12,0.00090509,0.22,0.00144831,0.35,4088.29
15,"Scotch",2009,1,0.00023274,0.04,0.00024094,0.04,0.00048091,0.08,6320.91
15,"Scotch",2010,2,0.30853625,0.3,0.10412527,0.1,0.42593497,0.42,1012864.19
15,"Scotch",2011,3,0.01203098,0.17,0.02032138,0.29,0.03330801,0.47,70871.34
16,"Gates",1952,0,0.022636,0.75,0.00032,0.01,0.022956,0.76,30026
16,"Gates",1953,1,0.000515,0.87,1e-06,0,0.000516,0.87,590
16,"Gates",1954,2,0.00025,0.83,5e-06,0.02,0.000255,0.85,300
16,"Gates",1955,3,0.000538,0.86,8e-06,0.01,0.000546,0.88,623
16,"Gates",1956,0,0.029352,0.79,0.000184,0,0.029536,0.79,37343
16,"Gates",1957,1,0.007043,0.83,0.000534,0.06,0.007577,0.89,8468
16,"Gates",1958,2,0.000352,0.84,5e-06,0.01,0.000357,0.85,418
16,"Gates",1959,3,0.001828,0.75,1.9e-05,0.01,0.001847,0.76,2429
16,"Gates",1960,0,0.008763,0.6,0.000391,0.03,0.009154,0.63,14567
16,"Gates",1961,1,0.001973,0.88,2.4e-05,0.01,0.001997,0.89,2245
16,"Gates",1962,2,0.00026,0.61,9e-06,0.02,0.000269,0.63,428
16,"Gates",1963,3,0.004519,0.5,0.000342,0.04,0.004861,0.54,8974
16,"Gates",1964,0,0.059151,0.71,0.004682,0.06,0.063833,0.77,83229
16,"Gates",1965,1,0.011733,0.86,0.000338,0.02,0.012071,0.88,13713
16,"Gates",1966,2,0.000337,0.83,6e-06,0.01,0.000343,0.84,408
16,"Gates",1967,3,0.005541,0.82,9e-05,0.01,0.005631,0.83,6769
16,"Gates",1968,0,0.085849,0.86,0.004117,0.04,0.089966,0.9,100210
16,"Gates",1969,1,0.002005,0.71,2.6e-05,0.01,0.002031,0.72,2808
16,"Gates",1970,2,0.000249,0.76,1e-06,0,0.00025,0.76,328
16,"Gates",1971,3,0.004634,0.91,1.6e-05,0,0.00465,0.92,5076
16,"Gates",1972,0,0.065367,0.83,0.004944,0.06,0.070311,0.89,78634
16,"Gates",1973,1,0.003045,0.77,0.000119,0.03,0.003164,0.8,3959
16,"Gates",1974,2,0.000224,0.7,2.8e-05,0.09,0.000252,0.78,322
16,"Gates",1975,3,0.005245,0.68,0.000494,0.06,0.005739,0.74,7721
16,"Gates",1976,0,0.105539,0.82,0.005365,0.04,0.110904,0.87,128111
16,"Gates",1977,1,0.006778,0.69,0.000408,0.04,0.007186,0.74,9768
16,"Gates",1978,2,0.004841,0.91,0.000208,0.04,0.005049,0.95,5307
16,"Gates",1979,3,0.010507,0.66,0.001553,0.1,0.01206,0.76,15888
16,"Gates",1980,0,0.035661,0.53,0.007086,0.1,0.042747,0.63,67835
16,"Gates",1981,1,0.013961,0.72,8e-04,0.04,0.014761,0.76,19431
16,"Gates",1982,2,0.003277,0.74,0.000215,0.05,0.003492,0.79,4422
16,"Gates",1983,3,0.007374,0.46,0.001342,0.08,0.008716,0.54,16100
16,"Gates",1984,0,0.041041,0.53,0.007013,0.09,0.048054,0.62,76953
16,"Gates",1985,1,0.009988,0.63,0.001354,0.09,0.011342,0.71,15920
16,"Gates",1986,2,0.002019,0.23,0.003188,0.36,0.005207,0.59,8779
16,"Gates",1987,3,0.014996,0.55,0.002661,0.1,0.017657,0.65,27074
16,"Gates",1988,0,0.051369,0.45,0.018997,0.16,0.070366,0.61,115364
16,"Gates",1989,1,0.11126,0.82,0.007686,0.06,0.118946,0.87,135972
16,"Gates",1990,2,0.013667,0.44,0.012115,0.39,0.025782,0.83,31156
16,"Gates",1991,3,0.010343,0.45,0.003653,0.16,0.013996,0.6,23155
16,"Gates",1992,0,0.133973,0.43,0.117849,0.38,0.251822,0.81,309327
16,"Gates",1993,1,0.02322,0.54,0.001841,0.04,0.025061,0.58,43013
16,"Gates",1994,2,0.007938,0.37,0.007973,0.37,0.015911,0.73,21700
16,"Gates",1995,3,0.005581,0.26,0.008317,0.39,0.013898,0.66,21079
16,"Gates",1996,0,0.027567,0.16,0.049646,0.28,0.077213,0.44,177211
16,"Gates",1997,1,0.036601,0.59,0.005133,0.08,0.041734,0.67,62553
16,"Gates",1998,2,0.004592,0.14,0.004763,0.14,0.009355,0.28,33595
16,"Gates",1999,3,0.00149,0.04,0.005673,0.17,0.007163,0.21,33458
16,"Gates",2000,0,0.059474,0.31,0.040853,0.22,0.100904,0.53,189551
16,"Gates",2001,1,0.000879,0.04,0.005958,0.3,0.007207,0.36,20128
16,"Gates",2002,2,0.002392,0.48,0.000369,0.07,0.002843,0.57,5016
16,"Gates",2003,3,0.0130255,0.34,0.00526139,0.14,0.0188845,0.49,38292.56
16,"Gates",2004,0,0.02521162,0.28,0.01904209,0.21,0.04544008,0.51,89632.9
16,"Gates",2005,1,0.00541678,0.11,0.00519701,0.11,0.01086683,0.23,47453.86
16,"Gates",2006,2,0.00439251,0.25,0.00174338,0.1,0.00642866,0.37,17599.95
16,"Gates",2007,3,0.0011974,0.26,0.00038683,0.08,0.00158423,0.35,4574.12
16,"Gates",2008,0,0.00250385,0.06,0.01128206,0.28,0.01408126,0.35,40500.58
16,"Gates",2009,1,0.0010119,0.05,0.00161217,0.07,0.00264447,0.12,22400.47
16,"Gates",2010,2,0.0049286,0.19,0.00154636,0.06,0.00659475,0.26,25705.05
16,"Gates",2011,3,0.0122763,0.1,0.02310907,0.19,0.03637041,0.3,120160.41
17,"Nadina",1952,0,0.00772,0.76,0.000365,0.04,0.008085,0.79,10182
17,"Nadina",1953,1,0.257861,0.85,0.004593,0.02,0.262454,0.86,303857
17,"Nadina",1954,2,0.015379,0.83,0.00034,0.02,0.015719,0.85,18521
17,"Nadina",1955,3,0.007301,0.85,0.000225,0.03,0.007526,0.88,8581
17,"Nadina",1956,0,0.005972,0.76,0.000285,0.04,0.006257,0.8,7839
17,"Nadina",1957,1,0.270815,0.8,0.006856,0.02,0.277671,0.82,338551
17,"Nadina",1958,2,0.009085,0.84,0.000131,0.01,0.009216,0.85,10788
17,"Nadina",1959,3,0.009168,0.73,0.00028,0.02,0.009448,0.75,12557
17,"Nadina",1960,0,0.007271,0.77,0.000389,0.04,0.00766,0.82,9396
17,"Nadina",1961,1,0.202948,0.83,0.006229,0.03,0.209177,0.85,245295
17,"Nadina",1962,2,0.00442,0.61,0.00037,0.05,0.00479,0.66,7219
17,"Nadina",1963,3,0.013651,0.5,0.001843,0.07,0.015494,0.57,27145
17,"Nadina",1964,0,0.005279,0.69,0.000418,0.05,0.005697,0.74,7650
17,"Nadina",1965,1,0.108711,0.86,0.003133,0.02,0.111844,0.88,127057
17,"Nadina",1966,2,0.010752,0.84,0.000304,0.02,0.011056,0.86,12873
17,"Nadina",1967,3,0.063751,0.82,0.002115,0.03,0.065866,0.85,77888
17,"Nadina",1968,0,0.023294,0.87,0.001217,0.05,0.024511,0.92,26781
17,"Nadina",1969,1,0.086309,0.68,0.003862,0.03,0.090171,0.71,126747
17,"Nadina",1970,2,0.025389,0.73,0.004454,0.13,0.029843,0.86,34595
17,"Nadina",1971,3,0.134124,0.84,0.007289,0.05,0.141413,0.89,159196
17,"Nadina",1972,0,0.063171,0.87,0.006201,0.09,0.069372,0.95,72875
17,"Nadina",1973,1,0.094055,0.77,0.008371,0.07,0.102426,0.84,121905
17,"Nadina",1974,2,0.022394,0.73,0.004321,0.14,0.026715,0.88,30479
17,"Nadina",1975,3,0.052382,0.68,0.007611,0.1,0.059993,0.78,77119
17,"Nadina",1976,0,0.014066,0.81,0.001547,0.09,0.015613,0.9,17406
17,"Nadina",1977,1,0.047205,0.69,0.002595,0.04,0.0498,0.73,68111
17,"Nadina",1978,2,0.020858,0.81,0.002316,0.09,0.023174,0.9,25758
17,"Nadina",1979,3,0.074164,0.49,0.018568,0.12,0.092732,0.61,152807
17,"Nadina",1980,0,0.008333,0.6,0.002343,0.17,0.010676,0.77,13898
17,"Nadina",1981,1,0.093185,0.71,0.018413,0.14,0.111598,0.85,131431
17,"Nadina",1982,2,0.025429,0.73,0.007193,0.21,0.032622,0.93,34971
17,"Nadina",1983,3,0.045827,0.48,0.019369,0.2,0.065196,0.69,94982
17,"Nadina",1984,0,0.022632,0.61,0.006577,0.18,0.029209,0.79,37085
17,"Nadina",1985,1,0.049412,0.63,0.01541,0.2,0.064822,0.82,78647
17,"Nadina",1986,2,0.001976,0.22,0.003429,0.38,0.005405,0.6,8954
17,"Nadina",1987,3,0.080951,0.55,0.026468,0.18,0.107419,0.73,146934
17,"Nadina",1988,0,0.014717,0.43,0.009891,0.29,0.024608,0.73,33919
17,"Nadina",1989,1,0.036276,0.79,0.004451,0.1,0.040727,0.89,45735
17,"Nadina",1990,2,0.009385,0.44,0.006104,0.28,0.015489,0.72,21522
17,"Nadina",1991,3,0.078472,0.45,0.036013,0.21,0.114485,0.65,175659
17,"Nadina",1992,0,0.027789,0.4,0.029468,0.43,0.057257,0.83,68658
17,"Nadina",1993,1,0.011763,0.48,0.003309,0.13,0.015072,0.61,24667
17,"Nadina",1994,2,0.003666,0.19,0.011264,0.58,0.01493,0.76,19545
17,"Nadina",1995,3,0.01326,0.28,0.010585,0.22,0.023845,0.5,47843
17,"Nadina",1996,0,0.009965,0.16,0.015336,0.24,0.025301,0.4,63955
17,"Nadina",1997,1,0.058393,0.58,0.009127,0.09,0.06752,0.67,101188
17,"Nadina",1998,2,0.002165,0.14,0.002033,0.13,0.004198,0.28,15156
17,"Nadina",1999,3,0.003347,0.05,0.012694,0.17,0.016041,0.22,73962
17,"Nadina",2000,0,0.141128,0.31,0.108764,0.24,0.251262,0.56,451556
17,"Nadina",2001,1,0.004256,0.04,0.036662,0.38,0.04271,0.44,97481
17,"Nadina",2002,2,0.002219,0.48,0.000434,0.09,0.002729,0.59,4654
17,"Nadina",2003,3,0.00419933,0.34,0.00169624,0.14,0.00608824,0.49,12345.26
17,"Nadina",2004,0,0.06580941,0.28,0.05181091,0.22,0.12070194,0.52,233144.79
17,"Nadina",2005,1,0.00844819,0.11,0.00897496,0.12,0.01780629,0.24,74010.63
17,"Nadina",2006,2,0.01330201,0.25,0.00527956,0.1,0.01946818,0.37,53298.67
17,"Nadina",2007,3,0.00099535,0.26,0.00070443,0.19,0.00169979,0.45,3802.29
17,"Nadina",2008,0,0.0121957,0.06,0.06125002,0.31,0.07488427,0.38,197269.32
17,"Nadina",2009,1,0.00138733,0.05,0.00387066,0.13,0.00528744,0.17,30711.44
17,"Nadina",2010,2,0.00918732,0.19,0.00684312,0.14,0.01622905,0.34,47916.33
17,"Nadina",2011,3,0.00325113,0.1,0.01330958,0.42,0.01673803,0.53,31822.03
18,"Upper Pitt",1952,0,0.156143,0.76,0,0,0.156143,0.76,205042
18,"Upper Pitt",1953,1,0.082979,0.81,0,0,0.082979,0.81,102002
18,"Upper Pitt",1954,2,0.0883,0.83,0,0,0.0883,0.83,105924
18,"Upper Pitt",1955,3,0.078855,0.81,0,0,0.078855,0.81,96805
18,"Upper Pitt",1956,0,0.086399,0.73,0,0,0.086399,0.73,118493
18,"Upper Pitt",1957,1,0.032243,0.72,0,0,0.032243,0.72,44578
18,"Upper Pitt",1958,2,0.041,0.8,0,0,0.041,0.8,51381
18,"Upper Pitt",1959,3,0.075789,0.83,0,0,0.075789,0.83,91520
18,"Upper Pitt",1960,0,0.090251,0.79,0,0,0.090251,0.79,114761
18,"Upper Pitt",1961,1,0.034848,0.76,0,0,0.034848,0.76,46006
18,"Upper Pitt",1962,2,0.023684,0.59,0,0,0.023684,0.59,40264
18,"Upper Pitt",1963,3,0.012277,0.49,0,0,0.012277,0.49,24957
18,"Upper Pitt",1964,0,0.03264,0.7,0,0,0.03264,0.7,46396
18,"Upper Pitt",1965,1,0.047268,0.87,0,0,0.047268,0.87,54234
18,"Upper Pitt",1966,2,0.07929,0.79,0,0,0.07929,0.79,100132
18,"Upper Pitt",1967,3,0.112147,0.92,0,0,0.112147,0.92,122429
18,"Upper Pitt",1968,0,0.085279,0.83,0,0,0.085279,0.83,102267
18,"Upper Pitt",1969,1,0.133704,0.84,0,0,0.133704,0.84,158777
18,"Upper Pitt",1970,2,0.042143,0.86,0,0,0.042143,0.86,48785
18,"Upper Pitt",1971,3,0.061738,0.8,0,0,0.061738,0.8,77190
18,"Upper Pitt",1972,0,0.068429,0.84,0,0,0.068429,0.84,81841
18,"Upper Pitt",1973,1,0.064649,0.84,0,0,0.064649,0.84,76544
18,"Upper Pitt",1974,2,0.053095,0.72,0,0,0.053095,0.72,73676
18,"Upper Pitt",1975,3,0.084811,0.68,3e-06,0,0.084814,0.68,124734
18,"Upper Pitt",1976,0,0.167567,0.82,0,0,0.167567,0.82,204092
18,"Upper Pitt",1977,1,0.044906,0.74,0.001966,0.03,0.046872,0.77,60724
18,"Upper Pitt",1978,2,0.04599,0.65,0.000138,0,0.046128,0.65,70914
18,"Upper Pitt",1979,3,0.096704,0.66,0.011606,0.08,0.10831,0.74,145852
18,"Upper Pitt",1980,0,0.018348,0.52,3.9e-05,0,0.018387,0.52,35488
18,"Upper Pitt",1981,1,0.081262,0.76,0.000227,0,0.081489,0.76,106816
18,"Upper Pitt",1982,2,0.020851,0.69,0.000625,0.02,0.021476,0.71,30184
18,"Upper Pitt",1983,3,0.0109,0.39,0.000137,0,0.011037,0.4,27889
18,"Upper Pitt",1984,0,0.029386,0.65,0.000122,0,0.029508,0.65,45305
18,"Upper Pitt",1985,1,0.005551,0.61,5.7e-05,0.01,0.005608,0.61,9168
18,"Upper Pitt",1986,2,0.006753,0.19,0.000244,0.01,0.006997,0.19,36174
18,"Upper Pitt",1987,3,0.017814,0.56,0.000186,0.01,0.018,0.57,31637
18,"Upper Pitt",1988,0,0.028949,0.42,0.002216,0.03,0.031165,0.45,68912
18,"Upper Pitt",1989,1,0.046488,0.74,0.000633,0.01,0.047121,0.75,63158
18,"Upper Pitt",1990,2,0.01057,0.45,0.000941,0.04,0.011511,0.49,23713
18,"Upper Pitt",1991,3,0.017256,0.42,0.001203,0.03,0.018459,0.45,40959
18,"Upper Pitt",1992,0,0.007655,0.45,0.000394,0.02,0.008049,0.47,17178
18,"Upper Pitt",1993,1,0.041143,0.64,0.000197,0,0.04134,0.64,64175
18,"Upper Pitt",1994,2,0.003095,0.21,0.001813,0.13,0.004908,0.34,14408
18,"Upper Pitt",1995,3,0.001399,0.15,0.002425,0.26,0.003824,0.41,9324
18,"Upper Pitt",1996,0,0.0095,0.15,0.00248,0.04,0.01198,0.19,62057
18,"Upper Pitt",1997,1,0.049683,0.57,0.001467,0.02,0.05115,0.59,86948
18,"Upper Pitt",1998,2,0.012286,0.13,0.002079,0.02,0.014365,0.16,91253
18,"Upper Pitt",1999,3,0.001726,0.04,0.001479,0.04,0.003205,0.08,39182
18,"Upper Pitt",2000,0,0.020586,0.31,0.002632,0.04,0.023218,0.35,65856
18,"Upper Pitt",2001,1,0.006197,0.04,0.004259,0.03,0.010456,0.07,141937
18,"Upper Pitt",2002,2,0.025214,0.21,0.003876,0.03,0.02909,0.24,119370
18,"Upper Pitt",2003,3,0.04197536,0.34,0.00319547,0.03,0.04517083,0.37,123399.83
18,"Upper Pitt",2004,0,0.0890816,0.56,0.00713839,0.04,0.09621999,0.6,159988.99
18,"Upper Pitt",2005,1,0.01312025,0.17,0.0017975,0.02,0.01491775,0.19,76949.75
18,"Upper Pitt",2006,2,0.02891299,0.42,0.00113631,0.02,0.0300493,0.44,68865.3
18,"Upper Pitt",2007,3,0.00239253,0.05,0.00032835,0.01,0.00272088,0.06,44549.88
18,"Upper Pitt",2008,0,0.00185698,0.08,0.00046492,0.02,0.00232189,0.1,22220.56
18,"Upper Pitt",2009,1,0.00161709,0.05,0.00013601,0,0.0017531,0.05,32787.1
18,"Upper Pitt",2010,2,0.00226635,0.12,0.00048871,0.02,0.00275505,0.14,19573.05
18,"Upper Pitt",2011,3,0.00827803,0.13,0.00160521,0.02,0.00988324,0.15,65880.24
19,"Harrison",1952,0,0.055719,0.68,8.2e-05,0,0.055801,0.68,81595
19,"Harrison",1953,1,0.097119,0.82,3.7e-05,0,0.097156,0.82,118186
19,"Harrison",1954,2,0.233947,0.89,3.3e-05,0,0.23398,0.89,262780
19,"Harrison",1955,3,0.043401,0.89,2.6e-05,0,0.043427,0.89,49022
19,"Harrison",1956,0,0.015412,0.86,9e-06,0,0.015421,0.86,18007
19,"Harrison",1957,1,0.020298,0.84,1.5e-05,0,0.020313,0.84,24106
19,"Harrison",1958,2,0.13121,0.9,1.5e-05,0,0.131225,0.9,145926
19,"Harrison",1959,3,0.175962,0.86,0.00093,0,0.176892,0.86,204760
19,"Harrison",1960,0,0.02215,0.56,0.000288,0.01,0.022438,0.57,39648
19,"Harrison",1961,1,0.052935,0.54,0.001979,0.02,0.054914,0.56,97687
19,"Harrison",1962,2,0.009978,0.54,0.000379,0.02,0.010357,0.56,18519
19,"Harrison",1963,3,0.021757,0.48,0.000897,0.02,0.022654,0.5,44912
19,"Harrison",1964,0,0.0036,0.61,0.000144,0.02,0.003744,0.63,5946
19,"Harrison",1965,1,0.04266,0.73,0.001058,0.02,0.043718,0.74,58752
19,"Harrison",1966,2,0.092128,0.73,0.001212,0.01,0.09334,0.74,125986
19,"Harrison",1967,3,0.092845,0.82,0.000217,0,0.093062,0.82,113610
19,"Harrison",1968,0,0.013076,0.7,0.000319,0.02,0.013395,0.71,18774
19,"Harrison",1969,1,0.051911,0.77,0.000191,0,0.052102,0.78,67061
19,"Harrison",1970,2,0.05016,0.79,0.000368,0.01,0.050528,0.8,63194
19,"Harrison",1971,3,0.063705,0.94,0.000202,0,0.063907,0.94,67697
19,"Harrison",1972,0,0.001784,0.57,5e-06,0,0.001789,0.57,3135
19,"Harrison",1973,1,0.020634,0.87,7.9e-05,0,0.020713,0.87,23773
19,"Harrison",1974,2,0.092266,0.84,0.000904,0.01,0.09317,0.85,110090
19,"Harrison",1975,3,0.017413,0.74,7.1e-05,0,0.017484,0.74,23471
19,"Harrison",1976,0,0.027893,0.84,4.3e-05,0,0.027936,0.84,33066
19,"Harrison",1977,1,0.009209,0.8,0.000103,0.01,0.009312,0.81,11558
19,"Harrison",1978,2,0.037127,0.65,0.000341,0.01,0.037468,0.66,57185
19,"Harrison",1979,3,0.100318,0.67,0.003027,0.02,0.103345,0.69,149051
19,"Harrison",1980,0,0.011905,0.69,8.9e-05,0.01,0.011994,0.69,17260
19,"Harrison",1981,1,0.011805,0.79,0,0,0.011805,0.79,14998
19,"Harrison",1982,2,0.025331,0.73,0.000127,0,0.025458,0.73,34647
19,"Harrison",1983,3,0.01952,0.82,8.2e-05,0,0.019602,0.82,23841
19,"Harrison",1984,0,0.012074,0.9,0.000102,0.01,0.012176,0.91,13443
19,"Harrison",1985,1,0.004576,0.47,4e-06,0,0.00458,0.47,9679
19,"Harrison",1986,2,0.024964,0.77,0.000267,0.01,0.025231,0.78,32536
19,"Harrison",1987,3,0.008324,0.61,0,0,0.008324,0.61,13552
19,"Harrison",1988,0,0.003683,0.7,3.5e-05,0.01,0.003718,0.71,5262
19,"Harrison",1989,1,0.013459,0.82,0,0,0.013459,0.82,16393
19,"Harrison",1990,2,0.002703,0.37,9e-06,0,0.002712,0.38,7227
19,"Harrison",1991,3,0.028844,0.65,0.000863,0.02,0.029707,0.66,44707
19,"Harrison",1992,0,0.001999,0.86,0,0,0.001999,0.86,2312
19,"Harrison",1993,1,0.07154,0.96,9e-06,0,0.071549,0.96,74807
19,"Harrison",1994,2,0.062502,0.87,0.000156,0,0.062658,0.87,72173
19,"Harrison",1995,3,0.015434,0.45,0.001979,0.06,0.017413,0.51,34173
19,"Harrison",1996,0,0.00271298,0.15,0.00029387,0.02,0.00328215,0.18,17863.82
19,"Harrison",1997,1,0.00090406,0.19,0.00016136,0.03,0.00106542,0.22,4736.62
19,"Harrison",1998,2,0.00304866,0.14,9.511e-05,0,0.00315109,0.14,21992.63
19,"Harrison",1999,3,0.0061408,0.12,0.00047735,0.01,0.00683627,0.13,51334.55
19,"Harrison",2000,0,5.494e-05,0,0.00077747,0.05,0.00083241,0.06,14858.7
19,"Harrison",2001,1,0.01158507,0.13,0.00566189,0.06,0.01724696,0.19,90043.03
19,"Harrison",2002,2,0.01005018,0.16,0.00147367,0.02,0.01152385,0.18,62988.18
19,"Harrison",2003,3,0.0169189,0.2,0.0072858,0.09,0.0265678,0.32,82605.92
19,"Harrison",2004,0,0.02022337,0.35,0.00282518,0.05,0.02304854,0.4,57832.3
19,"Harrison",2005,1,0.01942867,0.05,0.01305072,0.03,0.03247939,0.08,421084.39
19,"Harrison",2006,2,0.06232866,0.3,0.00890188,0.04,0.07123054,0.34,208109.54
19,"Harrison",2007,3,0.01111124,0.06,0.00382718,0.02,0.01493842,0.08,191373.9
19,"Harrison",2008,0,0.0029651,0.07,0.0037405,0.09,0.0067056,0.16,41515.26
19,"Harrison",2009,1,0.00431633,0.01,0.00242485,0.01,0.00674814,0.02,400607.12
19,"Harrison",2010,2,0.27010437,0.21,0.04814429,0.04,0.32672683,0.25,1303224.26
19,"Harrison",2011,3,0.17937712,0.13,0.08479893,0.06,0.28482296,0.21,1388379.12
