stk,stkName,yr,cyc,marCatch,marER,frfnCatch,frfnER,totCatch,totER,totRun
1,E. Stuart,1952,0,148777.00,0.80,6507.00,0.04,155284.00,0.84,185496.00
1,E. Stuart,1953,1,866724.00,0.83,27418.00,0.03,894142.00,0.85,1048178.00
1,E. Stuart,1954,2,198093.00,0.82,8673.00,0.04,206766.00,0.86,241816.00
1,E. Stuart,1955,3,137970.00,0.87,1355.00,0.01,139325.00,0.88,158970.00
1,E. Stuart,1956,0,65136.00,0.70,3073.00,0.03,68209.00,0.73,93229.00
1,E. Stuart,1957,1,289469.00,0.53,23952.00,0.04,313421.00,0.57,548271.00
1,E. Stuart,1958,2,114393.00,0.73,4467.00,0.03,118860.00,0.75,157667.00
1,E. Stuart,1959,3,23336.00,0.88,519.00,0.02,23855.00,0.90,26525.00
1,E. Stuart,1960,0,63432.00,0.62,4128.00,0.04,67560.00,0.66,102667.00
1,E. Stuart,1961,1,996024.00,0.81,30177.00,0.02,1026201.00,0.84,1225122.00
1,E. Stuart,1962,2,75185.00,0.69,6631.00,0.06,81816.00,0.75,108532.00
1,E. Stuart,1963,3,8646.00,0.58,1669.00,0.11,10315.00,0.69,14922.00
1,E. Stuart,1964,0,33303.00,0.44,10769.00,0.14,44072.00,0.58,76078.00
1,E. Stuart,1965,1,225473.00,0.88,7807.00,0.03,233280.00,0.91,256325.00
1,E. Stuart,1966,2,55621.00,0.79,4299.00,0.06,59920.00,0.85,70750.00
1,E. Stuart,1967,3,74337.00,0.75,3140.00,0.03,77477.00,0.79,98521.00
1,E. Stuart,1968,0,13715.00,0.49,12528.00,0.45,26243.00,0.95,27765.00
1,E. Stuart,1969,1,268776.00,0.62,52742.00,0.12,321518.00,0.75,431173.00
1,E. Stuart,1970,2,27397.00,0.32,22780.00,0.27,50177.00,0.59,84566.00
1,E. Stuart,1971,3,180541.00,0.55,49661.00,0.15,230202.00,0.71,326142.00
1,E. Stuart,1972,0,11963.00,0.51,6920.00,0.29,18883.00,0.80,23540.00
1,E. Stuart,1973,1,1015770.00,0.74,50519.00,0.04,1066289.00,0.78,1366181.00
1,E. Stuart,1974,2,102737.00,0.55,44666.00,0.24,147403.00,0.79,186921.00
1,E. Stuart,1975,3,288427.00,0.68,57026.00,0.13,345453.00,0.81,426202.00
1,E. Stuart,1976,0,11622.00,0.29,16213.00,0.41,27835.00,0.70,39596.00
1,E. Stuart,1977,1,1131897.00,0.84,93114.00,0.07,1225011.00,0.91,1342456.00
1,E. Stuart,1978,2,36769.00,0.25,59502.00,0.41,96271.00,0.66,146275.00
1,E. Stuart,1979,3,61075.00,0.27,68881.00,0.31,129956.00,0.58,222702.00
1,E. Stuart,1980,0,7124.00,0.22,7665.00,0.24,14789.00,0.47,31728.00
1,E. Stuart,1981,1,486469.00,0.64,139575.00,0.18,626044.00,0.83,755501.00
1,E. Stuart,1982,2,19885.00,0.25,47361.00,0.59,67246.00,0.84,80125.00
1,E. Stuart,1983,3,12278.00,0.13,54843.00,0.60,67121.00,0.74,90988.00
1,E. Stuart,1984,0,1555.00,0.03,9289.00,0.17,10844.00,0.19,56045.00
1,E. Stuart,1985,1,44883.00,0.13,77428.00,0.22,122311.00,0.34,356830.00
1,E. Stuart,1986,2,3162.00,0.07,13854.00,0.30,17016.00,0.37,45600.00
1,E. Stuart,1987,3,7188.00,0.04,22385.00,0.13,29573.00,0.17,177767.00
1,E. Stuart,1988,0,13365.00,0.06,28403.00,0.13,41768.00,0.19,221575.00
1,E. Stuart,1989,1,627746.00,0.52,199254.00,0.16,827000.00,0.68,1211799.00
1,E. Stuart,1990,2,5746.00,0.04,52084.00,0.34,57830.00,0.37,154865.00
1,E. Stuart,1991,3,182940.00,0.36,188394.00,0.37,371334.00,0.72,512453.00
1,E. Stuart,1992,0,6780.00,0.02,164529.00,0.47,171309.00,0.49,350407.00
1,E. Stuart,1993,1,208617.00,0.18,255059.00,0.22,463676.00,0.40,1151643.00
1,E. Stuart,1994,2,6160.00,0.03,40254.00,0.20,46414.00,0.23,204245.00
1,E. Stuart,1995,3,9246.00,0.07,6209.00,0.04,15455.00,0.11,138165.00
1,E. Stuart,1996,0,5405.00,0.06,2576.00,0.03,7981.00,0.08,95550.00
1,E. Stuart,1997,1,366773.00,0.22,404934.00,0.24,771707.00,0.46,1671734.82
1,E. Stuart,1998,2,5993.00,0.03,15027.00,0.08,21020.00,0.11,189759.38
1,E. Stuart,1999,3,4470.00,0.03,22334.00,0.13,26804.00,0.16,171628.61
1,E. Stuart,2000,0,11450.00,0.03,214508.00,0.57,225958.00,0.60,378191.55
1,E. Stuart,2001,1,4942.00,0.02,38338.00,0.18,43280.00,0.20,214186.00
1,E. Stuart,2002,2,1277.00,0.02,4440.00,0.07,5717.00,0.09,62663.00
1,E. Stuart,2003,3,691.78,0.02,469.12,0.02,1160.91,0.04,30275.42
1,E. Stuart,2004,0,4921.73,0.04,35482.79,0.26,40755.97,0.30,137100.11
1,E. Stuart,2005,1,3715.89,0.02,17769.52,0.08,21495.43,0.10,219696.34
1,E. Stuart,2006,2,1707.03,0.03,5918.62,0.11,7625.65,0.14,55781.74
1,E. Stuart,2007,3,66.81,0.01,904.21,0.07,971.02,0.08,12728.81
1,E. Stuart,2008,0,446.29,0.01,3692.35,0.11,4138.64,0.12,34005.64
1,E. Stuart,2009,1,2132.49,0.03,7419.66,0.09,9569.34,0.12,81469.34
1,E. Stuart,2010,2,3378.09,0.03,2734.62,0.03,6132.36,0.06,104877.09
1,E. Stuart,2011,3,317.22,0.01,1904.77,0.09,2229.80,0.11,21154.80
2,L. Stuart,1952,0,265.00,0.81,27.00,0.08,292.00,0.89,327.00
2,L. Stuart,1953,1,1133720.00,0.74,24200.00,0.02,1157920.00,0.76,1526554.00
2,L. Stuart,1954,2,30634.00,0.83,782.00,0.02,31416.00,0.85,36886.00
2,L. Stuart,1955,3,48511.00,0.83,2411.00,0.04,50922.00,0.87,58504.00
2,L. Stuart,1956,0,9670.00,0.83,1000.00,0.09,10670.00,0.92,11583.00
2,L. Stuart,1957,1,994449.00,0.64,22544.00,0.01,1016993.00,0.66,1548101.00
2,L. Stuart,1958,2,111577.00,0.81,3252.00,0.02,114829.00,0.83,138448.00
2,L. Stuart,1959,3,44212.00,0.84,463.00,0.01,44675.00,0.84,52900.00
2,L. Stuart,1960,0,11824.00,0.81,372.00,0.03,12196.00,0.84,14592.00
2,L. Stuart,1961,1,903964.00,0.66,44873.00,0.03,948837.00,0.70,1359724.00
2,L. Stuart,1962,2,31552.00,0.57,4765.00,0.09,36317.00,0.66,54960.00
2,L. Stuart,1963,3,3420.00,0.48,411.00,0.06,3831.00,0.54,7053.00
2,L. Stuart,1964,0,5605.00,0.71,675.00,0.09,6280.00,0.80,7891.00
2,L. Stuart,1965,1,525528.00,0.68,32846.00,0.04,558374.00,0.72,773317.00
2,L. Stuart,1966,2,40766.00,0.80,1264.00,0.02,42030.00,0.82,51057.00
2,L. Stuart,1967,3,11904.00,0.86,295.00,0.02,12199.00,0.88,13828.00
2,L. Stuart,1968,0,1412.00,0.74,118.00,0.06,1530.00,0.80,1919.00
2,L. Stuart,1969,1,858782.00,0.78,37887.00,0.03,896669.00,0.81,1103683.00
2,L. Stuart,1970,2,76071.00,0.81,2748.00,0.03,78819.00,0.84,93797.00
2,L. Stuart,1971,3,6138.00,0.75,472.00,0.06,6610.00,0.81,8145.00
2,L. Stuart,1972,0,26252.00,0.70,3838.00,0.10,30090.00,0.80,37431.00
2,L. Stuart,1973,1,1359027.00,0.85,33541.00,0.02,1392568.00,0.87,1606798.00
2,L. Stuart,1974,2,68143.00,0.75,8075.00,0.09,76218.00,0.84,90408.00
2,L. Stuart,1975,3,44446.00,0.68,6852.00,0.10,51298.00,0.78,65527.00
2,L. Stuart,1976,0,11772.00,0.73,1510.00,0.09,13282.00,0.82,16180.00
2,L. Stuart,1977,1,493646.00,0.75,20640.00,0.03,514286.00,0.78,660745.00
2,L. Stuart,1978,2,39430.00,0.70,4075.00,0.07,43505.00,0.77,56243.00
2,L. Stuart,1979,3,175707.00,0.82,7739.00,0.04,183446.00,0.85,215364.00
2,L. Stuart,1980,0,2292.00,0.60,550.00,0.14,2842.00,0.74,3817.00
2,L. Stuart,1981,1,998031.00,0.76,66336.00,0.05,1064367.00,0.81,1313861.00
2,L. Stuart,1982,2,83558.00,0.74,13279.00,0.12,96837.00,0.85,113595.00
2,L. Stuart,1983,3,11289.00,0.72,2247.00,0.14,13536.00,0.86,15782.00
2,L. Stuart,1984,0,18788.00,0.88,1424.00,0.07,20212.00,0.94,21440.00
2,L. Stuart,1985,1,1646598.00,0.83,56792.00,0.03,1703390.00,0.86,1978011.00
2,L. Stuart,1986,2,68937.00,0.64,10336.00,0.10,79273.00,0.73,107988.00
2,L. Stuart,1987,3,10509.00,0.46,5913.00,0.26,16422.00,0.72,22894.00
2,L. Stuart,1988,0,7820.00,0.43,3335.00,0.18,11155.00,0.61,18272.00
2,L. Stuart,1989,1,2693453.00,0.80,97937.00,0.03,2791390.00,0.83,3367087.00
2,L. Stuart,1990,2,635151.00,0.74,33684.00,0.04,668835.00,0.78,857914.00
2,L. Stuart,1991,3,279962.00,0.75,18280.00,0.05,298242.00,0.80,375102.00
2,L. Stuart,1992,0,225382.00,0.75,12445.00,0.04,237827.00,0.79,302388.00
2,L. Stuart,1993,1,3550632.00,0.69,255365.00,0.05,3805997.00,0.74,5162734.00
2,L. Stuart,1994,2,310720.00,0.60,37600.00,0.07,348320.00,0.67,516819.00
2,L. Stuart,1995,3,35938.00,0.36,29871.36,0.30,65809.36,0.66,100171.36
2,L. Stuart,1996,0,49252.00,0.34,34514.00,0.24,83766.00,0.57,146757.00
2,L. Stuart,1997,1,2184880.00,0.67,163042.00,0.05,2347922.00,0.72,3255574.00
2,L. Stuart,1998,2,129546.00,0.21,65179.00,0.11,194725.00,0.31,619040.00
2,L. Stuart,1999,3,6604.00,0.07,17975.00,0.18,24579.00,0.25,100142.00
2,L. Stuart,2000,0,279265.00,0.33,112479.00,0.13,394979.00,0.47,849376.00
2,L. Stuart,2001,1,132267.00,0.23,76015.00,0.13,212590.00,0.38,564105.00
2,L. Stuart,2002,2,98420.00,0.29,53646.00,0.16,154400.00,0.45,343490.00
2,L. Stuart,2003,3,53550.14,0.41,23521.14,0.18,79884.55,0.61,130080.58
2,L. Stuart,2004,0,392392.40,0.44,152058.00,0.17,557563.17,0.63,884765.74
2,L. Stuart,2005,1,74931.23,0.16,89261.48,0.19,165682.45,0.36,458842.05
2,L. Stuart,2006,2,100850.60,0.49,24267.86,0.12,128360.02,0.62,205523.39
2,L. Stuart,2007,3,3664.95,0.18,8293.62,0.41,11958.57,0.58,20445.57
2,L. Stuart,2008,0,17841.90,0.07,99086.98,0.37,123132.29,0.46,269701.29
2,L. Stuart,2009,1,4865.51,0.04,9895.77,0.08,14897.04,0.12,123602.04
2,L. Stuart,2010,2,57438.57,0.31,18548.17,0.10,77439.35,0.42,184210.14
2,L. Stuart,2011,3,2452.47,0.24,2619.10,0.25,5232.13,0.51,10323.24
3,Stellako,1952,0,146081.00,0.76,6766.00,0.04,152847.00,0.79,193231.00
3,Stellako,1953,1,148552.00,0.76,4718.00,0.02,153270.00,0.78,195404.00
3,Stellako,1954,2,750792.00,0.82,17458.00,0.02,768250.00,0.84,910109.00
3,Stellako,1955,3,319928.00,0.83,13101.00,0.03,333029.00,0.87,384768.00
3,Stellako,1956,0,150248.00,0.77,6590.00,0.03,156838.00,0.80,195276.00
3,Stellako,1957,1,130008.00,0.75,4356.00,0.03,134364.00,0.78,172886.00
3,Stellako,1958,2,1036129.00,0.89,9562.00,0.01,1045691.00,0.90,1158228.00
3,Stellako,1959,3,583013.00,0.87,8142.00,0.01,591155.00,0.88,670460.00
3,Stellako,1960,0,200196.00,0.81,8415.00,0.03,208611.00,0.84,247491.00
3,Stellako,1961,1,115201.00,0.68,8014.00,0.05,123215.00,0.72,170078.00
3,Stellako,1962,2,187536.00,0.57,19068.00,0.06,206604.00,0.62,331089.00
3,Stellako,1963,3,370400.00,0.70,21939.00,0.04,392339.00,0.74,531133.00
3,Stellako,1964,0,120624.00,0.71,14529.00,0.09,135153.00,0.80,169825.00
3,Stellako,1965,1,110285.00,0.70,8531.00,0.05,118816.00,0.75,158201.00
3,Stellako,1966,2,463736.00,0.80,16832.00,0.03,480568.00,0.83,582097.00
3,Stellako,1967,3,624281.00,0.85,15102.00,0.02,639383.00,0.87,730863.00
3,Stellako,1968,0,139305.00,0.76,14463.00,0.08,153768.00,0.84,184136.00
3,Stellako,1969,1,178441.00,0.75,10417.00,0.04,188858.00,0.79,238069.00
3,Stellako,1970,2,287441.00,0.82,15450.00,0.04,302891.00,0.87,348688.00
3,Stellako,1971,3,504834.00,0.91,10118.00,0.02,514952.00,0.93,554643.00
3,Stellako,1972,0,98588.00,0.68,8962.00,0.06,107550.00,0.75,144250.00
3,Stellako,1973,1,200844.00,0.84,8318.00,0.03,209162.00,0.87,239566.00
3,Stellako,1974,2,188013.00,0.76,16903.00,0.07,204916.00,0.83,246193.00
3,Stellako,1975,3,289961.00,0.57,46987.00,0.09,336948.00,0.66,512889.00
3,Stellako,1976,0,517482.00,0.73,43010.00,0.06,560492.00,0.79,711226.00
3,Stellako,1977,1,90223.00,0.75,7177.00,0.06,97400.00,0.81,120597.00
3,Stellako,1978,2,209108.00,0.72,23824.00,0.08,232932.00,0.80,291830.00
3,Stellako,1979,3,1511504.00,0.82,50697.00,0.03,1562201.00,0.84,1852243.00
3,Stellako,1980,0,178172.00,0.63,31759.00,0.11,209931.00,0.74,284265.00
3,Stellako,1981,1,199625.00,0.84,15193.00,0.06,214818.00,0.91,236644.00
3,Stellako,1982,2,329206.00,0.74,46367.00,0.10,375573.00,0.84,444993.00
3,Stellako,1983,3,347678.00,0.66,57409.00,0.11,405087.00,0.77,526779.00
3,Stellako,1984,0,577726.00,0.85,42417.00,0.06,620143.00,0.91,681100.00
3,Stellako,1985,1,390953.00,0.86,20339.00,0.04,411292.00,0.91,453391.00
3,Stellako,1986,2,228948.00,0.63,54978.00,0.15,283926.00,0.79,361103.00
3,Stellako,1987,3,841811.00,0.74,91352.00,0.08,933163.00,0.82,1144248.00
3,Stellako,1988,0,387135.00,0.43,148325.00,0.16,535460.00,0.59,903196.00
3,Stellako,1989,1,303412.00,0.83,17498.00,0.05,320910.00,0.88,364089.00
3,Stellako,1990,2,349377.00,0.73,32897.00,0.07,382274.00,0.80,476394.00
3,Stellako,1991,3,354331.00,0.75,24323.00,0.05,378654.00,0.80,474568.00
3,Stellako,1992,0,477318.00,0.74,36426.00,0.06,513744.00,0.79,648419.00
3,Stellako,1993,1,439018.00,0.79,22237.00,0.04,461255.00,0.84,552326.00
3,Stellako,1994,2,579344.00,0.61,67741.00,0.07,647085.00,0.68,956074.00
3,Stellako,1995,3,150771.00,0.36,123179.64,0.30,273950.64,0.66,415563.64
3,Stellako,1996,0,257960.00,0.33,180541.00,0.23,438501.00,0.57,771664.00
3,Stellako,1997,1,135525.00,0.67,11083.00,0.05,146608.00,0.73,201951.00
3,Stellako,1998,2,174835.00,0.21,86747.00,0.10,261582.00,0.31,835082.00
3,Stellako,1999,3,14268.00,0.07,35329.00,0.16,49597.00,0.23,216696.00
3,Stellako,2000,0,227513.00,0.33,89434.00,0.13,319583.00,0.46,692039.00
3,Stellako,2001,1,57444.00,0.23,33388.00,0.14,92703.00,0.38,244993.00
3,Stellako,2002,2,160765.00,0.29,65860.00,0.12,236951.00,0.42,561079.00
3,Stellako,2003,3,114365.58,0.41,50233.46,0.18,170607.25,0.61,277809.55
3,Stellako,2004,0,329346.77,0.49,95758.45,0.14,434346.10,0.64,678057.23
3,Stellako,2005,1,44663.70,0.16,52252.06,0.19,97808.56,0.36,273498.56
3,Stellako,2006,2,122791.05,0.39,45945.12,0.15,174577.94,0.56,312217.79
3,Stellako,2007,3,3587.26,0.06,13777.74,0.23,17365.00,0.29,58972.00
3,Stellako,2008,0,18854.66,0.08,45859.75,0.20,67653.45,0.30,228576.45
3,Stellako,2009,1,1554.98,0.04,3162.61,0.08,4760.97,0.12,39502.22
3,Stellako,2010,2,123558.26,0.31,39899.66,0.10,166582.70,0.42,396261.35
3,Stellako,2011,3,45754.43,0.24,48863.28,0.25,97613.05,0.51,192595.27
4,Bowron,1952,0,59241.00,0.74,2335.00,0.03,61576.00,0.77,80221.00
4,Bowron,1953,1,48474.00,0.77,995.00,0.02,49469.00,0.79,62746.00
4,Bowron,1954,2,53559.00,0.82,1291.00,0.02,54850.00,0.84,65365.00
4,Bowron,1955,3,95081.00,0.84,2183.00,0.02,97264.00,0.86,113076.00
4,Bowron,1956,0,29537.00,0.80,461.00,0.01,29998.00,0.81,36992.00
4,Bowron,1957,1,64268.00,0.84,624.00,0.01,64892.00,0.84,76903.00
4,Bowron,1958,2,52357.00,0.77,748.00,0.01,53105.00,0.78,67948.00
4,Bowron,1959,3,65114.00,0.68,1555.00,0.02,66669.00,0.70,95916.00
4,Bowron,1960,0,23011.00,0.72,1244.00,0.04,24255.00,0.76,31875.00
4,Bowron,1961,1,43728.00,0.84,729.00,0.01,44457.00,0.86,51906.00
4,Bowron,1962,2,11727.00,0.62,890.00,0.05,12617.00,0.67,18903.00
4,Bowron,1963,3,28399.00,0.50,3081.00,0.05,31480.00,0.56,56621.00
4,Bowron,1964,0,13982.00,0.62,2196.00,0.10,16178.00,0.71,22678.00
4,Bowron,1965,1,23981.00,0.88,646.00,0.02,24627.00,0.90,27286.00
4,Bowron,1966,2,17326.00,0.86,339.00,0.02,17665.00,0.88,20135.00
4,Bowron,1967,3,172027.00,0.83,3750.00,0.02,175777.00,0.85,207472.00
4,Bowron,1968,0,27483.00,0.79,3637.00,0.10,31120.00,0.90,34731.00
4,Bowron,1969,1,14534.00,0.77,455.00,0.02,14989.00,0.79,18861.00
4,Bowron,1970,2,19875.00,0.89,1045.00,0.05,20920.00,0.94,22225.00
4,Bowron,1971,3,156563.00,0.80,12850.00,0.07,169413.00,0.87,194910.00
4,Bowron,1972,0,41199.00,0.83,4569.00,0.09,45768.00,0.92,49906.00
4,Bowron,1973,1,17727.00,0.76,967.00,0.04,18694.00,0.80,23252.00
4,Bowron,1974,2,12757.00,0.75,2427.00,0.14,15184.00,0.89,17034.00
4,Bowron,1975,3,86366.00,0.69,8271.00,0.07,94637.00,0.76,124337.00
4,Bowron,1976,0,13350.00,0.78,1606.00,0.09,14956.00,0.87,17206.00
4,Bowron,1977,1,7819.00,0.73,331.00,0.03,8150.00,0.77,10650.00
4,Bowron,1978,2,12089.00,0.76,596.00,0.04,12685.00,0.80,15826.00
4,Bowron,1979,3,81399.00,0.66,7072.00,0.06,88471.00,0.72,123471.00
4,Bowron,1980,0,4269.00,0.53,865.00,0.11,5134.00,0.64,8028.00
4,Bowron,1981,1,4462.00,0.76,243.00,0.04,4705.00,0.80,5875.00
4,Bowron,1982,2,34201.00,0.69,13576.00,0.27,47777.00,0.97,49424.00
4,Bowron,1983,3,6105.00,0.37,3882.00,0.24,9987.00,0.61,16438.00
4,Bowron,1984,0,37357.00,0.70,5615.00,0.11,42972.00,0.80,53435.00
4,Bowron,1985,1,11689.00,0.57,2404.00,0.12,14093.00,0.69,20512.00
4,Bowron,1986,2,538.00,0.11,1221.00,0.25,1759.00,0.36,4883.00
4,Bowron,1987,3,8905.00,0.23,18832.00,0.49,27737.00,0.71,38808.00
4,Bowron,1988,0,18047.00,0.39,15827.00,0.34,33874.00,0.73,46654.00
4,Bowron,1989,1,18444.00,0.83,1350.00,0.06,19794.00,0.89,22328.00
4,Bowron,1990,2,8739.00,0.38,6691.00,0.29,15430.00,0.66,23290.00
4,Bowron,1991,3,10050.00,0.53,3838.00,0.20,13888.00,0.74,18807.00
4,Bowron,1992,0,3587.00,0.22,7777.00,0.49,11364.00,0.71,15958.00
4,Bowron,1993,1,3602.00,0.57,1539.00,0.24,5141.00,0.81,6325.00
4,Bowron,1994,2,3107.00,0.12,6210.00,0.23,9317.00,0.35,26743.00
4,Bowron,1995,3,11318.00,0.19,12615.00,0.22,23933.00,0.41,58350.00
4,Bowron,1996,0,1662.00,0.14,1869.00,0.16,3531.00,0.30,11707.00
4,Bowron,1997,1,13257.00,0.69,2470.00,0.13,15727.00,0.82,19273.00
4,Bowron,1998,2,554.00,0.05,1406.00,0.14,1960.00,0.19,10250.00
4,Bowron,1999,3,1221.00,0.04,5005.00,0.17,6226.00,0.21,29198.00
4,Bowron,2000,0,3521.00,0.15,5993.00,0.26,9514.00,0.41,22954.00
4,Bowron,2001,1,619.00,0.08,955.00,0.13,1574.00,0.21,7416.00
4,Bowron,2002,2,3571.00,0.24,2620.00,0.18,6191.00,0.41,14961.00
4,Bowron,2003,3,8661.54,0.34,3511.19,0.14,12735.45,0.50,25463.32
4,Bowron,2004,0,9913.70,0.41,3740.93,0.16,13974.71,0.58,23893.66
4,Bowron,2005,1,665.39,0.11,696.56,0.12,1392.13,0.24,5829.19
4,Bowron,2006,2,2388.37,0.25,947.94,0.10,3495.50,0.37,9569.74
4,Bowron,2007,3,1088.85,0.26,502.15,0.12,1591.00,0.38,4159.47
4,Bowron,2008,0,188.22,0.06,958.52,0.31,1168.95,0.38,3044.55
4,Bowron,2009,1,223.17,0.05,372.75,0.08,600.44,0.12,4940.44
4,Bowron,2010,2,2932.23,0.19,1404.02,0.09,4404.50,0.29,15292.98
4,Bowron,2011,3,1119.06,0.10,3610.44,0.33,4801.81,0.44,10953.31
5,Raft,1952,0,50964.00,0.75,1091.00,0.02,52055.00,0.77,67672.00
5,Raft,1953,1,29038.00,0.78,490.00,0.01,29528.00,0.79,37432.00
5,Raft,1954,2,32098.00,0.76,341.00,0.01,32439.00,0.76,42427.00
5,Raft,1955,3,34253.00,0.84,1294.00,0.03,35547.00,0.87,40626.00
5,Raft,1956,0,47982.00,0.81,2157.00,0.04,50139.00,0.85,59176.00
5,Raft,1957,1,28023.00,0.79,412.00,0.01,28435.00,0.81,35295.00
5,Raft,1958,2,30217.00,0.74,372.00,0.01,30589.00,0.75,40803.00
5,Raft,1959,3,52729.00,0.83,851.00,0.01,53580.00,0.84,63790.00
5,Raft,1960,0,18893.00,0.75,947.00,0.04,19840.00,0.78,25353.00
5,Raft,1961,1,20350.00,0.71,1094.00,0.04,21444.00,0.75,28737.00
5,Raft,1962,2,16154.00,0.66,835.00,0.03,16989.00,0.69,24602.00
5,Raft,1963,3,11178.00,0.53,1085.00,0.05,12263.00,0.59,20946.00
5,Raft,1964,0,11011.00,0.61,1725.00,0.10,12736.00,0.71,17913.00
5,Raft,1965,1,16248.00,0.67,1436.00,0.06,17684.00,0.73,24308.00
5,Raft,1966,2,32436.00,0.82,1042.00,0.03,33478.00,0.84,39722.00
5,Raft,1967,3,10507.00,0.87,285.00,0.02,10792.00,0.89,12071.00
5,Raft,1968,0,28844.00,0.70,1473.00,0.04,30317.00,0.74,40992.00
5,Raft,1969,1,21019.00,0.77,671.00,0.02,21690.00,0.80,27227.00
5,Raft,1970,2,16290.00,0.73,1417.00,0.06,17707.00,0.80,22169.00
5,Raft,1971,3,9858.00,0.90,303.00,0.03,10161.00,0.93,10962.00
5,Raft,1972,0,84340.00,0.82,6895.00,0.07,91235.00,0.89,102283.00
5,Raft,1973,1,12792.00,0.82,184.00,0.01,12976.00,0.83,15690.00
5,Raft,1974,2,8847.00,0.74,780.00,0.06,9627.00,0.80,12010.00
5,Raft,1975,3,6862.00,0.68,601.00,0.06,7463.00,0.74,10072.00
5,Raft,1976,0,48521.00,0.81,1972.00,0.03,50493.00,0.85,59731.00
5,Raft,1977,1,1675.00,0.70,86.00,0.04,1761.00,0.74,2378.00
5,Raft,1978,2,16297.00,0.85,473.00,0.02,16770.00,0.87,19263.00
5,Raft,1979,3,3969.00,0.65,363.00,0.06,4332.00,0.71,6108.00
5,Raft,1980,0,13207.00,0.67,991.00,0.05,14198.00,0.72,19616.00
5,Raft,1981,1,3127.00,0.77,117.00,0.03,3244.00,0.80,4059.00
5,Raft,1982,2,11121.00,0.74,964.00,0.06,12085.00,0.80,15077.00
5,Raft,1983,3,5623.00,0.64,411.00,0.05,6034.00,0.68,8814.00
5,Raft,1984,0,26673.00,0.54,3620.00,0.07,30293.00,0.61,49379.00
5,Raft,1985,1,6895.00,0.62,617.00,0.06,7512.00,0.67,11150.00
5,Raft,1986,2,831.00,0.22,828.00,0.22,1659.00,0.44,3754.00
5,Raft,1987,3,1828.00,0.44,853.00,0.21,2681.00,0.65,4117.00
5,Raft,1988,0,13574.00,0.38,1974.00,0.06,15548.00,0.44,35399.00
5,Raft,1989,1,14120.00,0.84,1100.00,0.07,15220.00,0.90,16867.00
5,Raft,1990,2,3011.00,0.65,964.00,0.21,3975.00,0.86,4605.00
5,Raft,1991,3,786.00,0.52,259.00,0.17,1045.00,0.69,1509.00
5,Raft,1992,0,7301.00,0.17,22598.00,0.51,29899.00,0.68,44203.00
5,Raft,1993,1,10271.00,0.65,431.00,0.03,10702.00,0.68,15749.00
5,Raft,1994,2,683.00,0.12,610.00,0.10,1293.00,0.22,5856.00
5,Raft,1995,3,332.00,0.19,395.00,0.22,727.00,0.41,1771.00
5,Raft,1996,0,9344.00,0.14,9938.00,0.15,19282.00,0.29,65874.00
5,Raft,1997,1,16790.00,0.69,3129.00,0.13,19919.00,0.82,24409.00
5,Raft,1998,2,849.00,0.05,2128.00,0.14,2977.00,0.19,15531.00
5,Raft,1999,3,2145.00,0.05,7795.00,0.16,9940.00,0.21,47468.00
5,Raft,2000,0,14255.00,0.15,13117.00,0.14,27507.00,0.29,93799.00
5,Raft,2001,1,2125.00,0.04,12788.00,0.26,15807.00,0.32,48667.00
5,Raft,2002,2,6376.00,0.21,4612.00,0.15,11816.00,0.39,30185.00
5,Raft,2003,3,12841.38,0.34,5205.60,0.14,18881.27,0.50,37751.29
5,Raft,2004,0,59298.87,0.41,22244.44,0.16,83457.84,0.58,142920.01
5,Raft,2005,1,9966.49,0.11,9911.05,0.11,20329.80,0.23,87311.72
5,Raft,2006,2,9333.70,0.25,3704.54,0.10,13660.34,0.37,37398.36
5,Raft,2007,3,6608.77,0.26,1883.72,0.07,8492.49,0.34,25245.76
5,Raft,2008,0,3961.48,0.08,10586.07,0.23,14884.67,0.32,46702.92
5,Raft,2009,1,1051.46,0.07,391.91,0.02,1465.14,0.09,15795.14
5,Raft,2010,2,3356.91,0.34,772.09,0.08,4243.22,0.42,9994.91
5,Raft,2011,3,2754.24,0.17,2469.88,0.16,5663.83,0.36,15931.61
6,Quesnel,1952,0,848.00,0.75,100.00,0.09,948.00,0.84,1132.00
6,Quesnel,1953,1,346132.00,0.75,6180.00,0.01,352312.00,0.76,463229.00
6,Quesnel,1954,2,1672.00,0.83,43.00,0.02,1715.00,0.85,2014.00
6,Quesnel,1955,3,338.00,0.82,12.00,0.03,350.00,0.85,413.00
6,Quesnel,1956,0,460.00,0.82,21.00,0.04,481.00,0.86,562.00
6,Quesnel,1957,1,372112.00,0.62,8344.00,0.01,380456.00,0.63,604123.00
6,Quesnel,1958,2,8793.00,0.81,256.00,0.02,9049.00,0.83,10912.00
6,Quesnel,1959,3,115.00,0.64,0.00,0.00,115.00,0.64,180.00
6,Quesnel,1960,0,2154.00,0.85,89.00,0.04,2243.00,0.88,2535.00
6,Quesnel,1961,1,659087.00,0.67,27928.00,0.03,687015.00,0.69,989580.00
6,Quesnel,1962,2,2331.00,0.66,127.00,0.04,2458.00,0.70,3531.00
6,Quesnel,1963,3,91.00,0.48,14.00,0.07,105.00,0.56,188.00
6,Quesnel,1964,0,997.00,0.68,120.00,0.08,1117.00,0.76,1469.00
6,Quesnel,1965,1,782102.00,0.65,48999.00,0.04,831101.00,0.70,1195807.00
6,Quesnel,1966,2,5892.00,0.75,214.00,0.03,6106.00,0.78,7859.00
6,Quesnel,1967,3,824.00,0.86,13.00,0.01,837.00,0.88,956.00
6,Quesnel,1968,0,2058.00,0.73,55.00,0.02,2113.00,0.75,2812.00
6,Quesnel,1969,1,1334425.00,0.81,38721.00,0.02,1373146.00,0.83,1652107.00
6,Quesnel,1970,2,6355.00,0.80,219.00,0.03,6574.00,0.83,7942.00
6,Quesnel,1971,3,1906.00,0.89,69.00,0.03,1975.00,0.92,2146.00
6,Quesnel,1972,0,346.00,0.70,40.00,0.08,386.00,0.78,497.00
6,Quesnel,1973,1,1316118.00,0.81,32403.00,0.02,1348521.00,0.83,1626582.00
6,Quesnel,1974,2,20745.00,0.74,2903.00,0.10,23648.00,0.84,28107.00
6,Quesnel,1975,3,507.00,0.68,47.00,0.06,554.00,0.74,747.00
6,Quesnel,1976,0,1007.00,0.73,71.00,0.05,1078.00,0.78,1383.00
6,Quesnel,1977,1,1737667.00,0.75,72997.00,0.03,1810664.00,0.78,2326863.00
6,Quesnel,1978,2,22753.00,0.68,1867.00,0.06,24620.00,0.74,33234.00
6,Quesnel,1979,3,2968.00,0.83,85.00,0.02,3053.00,0.86,3564.00
6,Quesnel,1980,0,736.00,0.60,180.00,0.15,916.00,0.74,1233.00
6,Quesnel,1981,1,2893950.00,0.76,168215.00,0.04,3062165.00,0.80,3814486.00
6,Quesnel,1982,2,182210.00,0.74,23312.00,0.10,205522.00,0.84,245363.00
6,Quesnel,1983,3,9398.00,0.75,1059.00,0.08,10457.00,0.83,12612.00
6,Quesnel,1984,0,5053.00,0.80,387.00,0.06,5440.00,0.86,6354.00
6,Quesnel,1985,1,7986574.00,0.84,218018.00,0.02,8204592.00,0.86,9553855.00
6,Quesnel,1986,2,471130.00,0.66,59665.00,0.08,530795.00,0.75,712262.00
6,Quesnel,1987,3,60707.00,0.69,6575.00,0.07,67282.00,0.77,87828.00
6,Quesnel,1988,0,9546.00,0.51,2381.00,0.13,11927.00,0.64,18759.00
6,Quesnel,1989,1,10079195.00,0.83,211261.00,0.02,10290456.00,0.85,12161366.00
6,Quesnel,1990,2,2091348.00,0.77,136898.00,0.05,2228246.00,0.82,2716505.00
6,Quesnel,1991,3,231956.00,0.80,10331.00,0.04,242287.00,0.84,288546.00
6,Quesnel,1992,0,63090.00,0.74,3484.00,0.04,66574.00,0.78,85608.00
6,Quesnel,1993,1,7520642.00,0.73,198348.00,0.02,7718990.00,0.75,10339444.00
6,Quesnel,1994,2,2138329.00,0.66,268449.00,0.08,2406778.00,0.74,3236274.00
6,Quesnel,1995,3,133897.00,0.31,86743.00,0.20,220640.00,0.51,434743.00
6,Quesnel,1996,0,27136.00,0.34,12123.00,0.15,39259.00,0.49,80446.00
6,Quesnel,1997,1,4295701.00,0.67,291681.00,0.05,4587382.00,0.71,6446034.00
6,Quesnel,1998,2,709984.00,0.27,265881.00,0.10,975865.00,0.37,2666552.00
6,Quesnel,1999,3,22634.00,0.07,29946.00,0.09,52580.00,0.16,332449.00
6,Quesnel,2000,0,38728.00,0.33,14842.00,0.13,54018.00,0.46,117721.00
6,Quesnel,2001,1,503734.00,0.11,346845.00,0.08,870756.00,0.20,4381545.00
6,Quesnel,2002,2,1280717.00,0.27,402581.00,0.08,1737996.00,0.36,4800147.00
6,Quesnel,2003,3,316450.29,0.37,111812.65,0.13,442851.85,0.52,853991.08
6,Quesnel,2004,0,87664.80,0.32,50227.30,0.18,142372.81,0.52,271721.33
6,Quesnel,2005,1,565057.68,0.16,292329.55,0.08,885687.42,0.25,3592122.40
6,Quesnel,2006,2,283196.68,0.39,71414.58,0.10,365085.99,0.51,719052.81
6,Quesnel,2007,3,20313.62,0.17,23711.69,0.20,44025.31,0.37,119125.31
6,Quesnel,2008,0,6109.22,0.09,18601.59,0.28,25306.15,0.38,67475.25
6,Quesnel,2009,1,12487.28,0.06,3872.03,0.02,16591.48,0.08,203384.48
6,Quesnel,2010,2,270039.61,0.44,52101.87,0.09,329538.28,0.54,611168.61
6,Quesnel,2011,3,28270.17,0.23,26495.22,0.22,58055.95,0.48,121874.84
7,Chilko,1952,0,1182185.00,0.69,51058.00,0.03,1233243.00,0.72,1718828.00
7,Chilko,1953,1,606592.00,0.73,18850.00,0.02,625442.00,0.76,826133.00
7,Chilko,1954,2,198089.00,0.82,8901.00,0.04,206990.00,0.86,241286.00
7,Chilko,1955,3,519702.00,0.78,25620.00,0.04,545322.00,0.82,666489.00
7,Chilko,1956,0,1175300.00,0.63,36601.00,0.02,1211901.00,0.65,1858807.00
7,Chilko,1957,1,435443.00,0.73,19082.00,0.03,454525.00,0.77,592989.00
7,Chilko,1958,2,601147.00,0.82,11981.00,0.02,613128.00,0.84,733391.00
7,Chilko,1959,3,976028.00,0.66,32962.00,0.02,1008990.00,0.69,1472050.00
7,Chilko,1960,0,1966814.00,0.80,60248.00,0.02,2027062.00,0.83,2453608.00
7,Chilko,1961,1,112530.00,0.71,7567.00,0.05,120097.00,0.75,159198.00
7,Chilko,1962,2,200166.00,0.67,21168.00,0.07,221334.00,0.74,299047.00
7,Chilko,1963,3,1110028.00,0.50,116432.00,0.05,1226460.00,0.55,2224691.00
7,Chilko,1964,0,646823.00,0.60,95835.00,0.09,742658.00,0.69,1070990.00
7,Chilko,1965,1,99786.00,0.71,5533.00,0.04,105319.00,0.75,140654.00
7,Chilko,1966,2,736381.00,0.75,30684.00,0.03,767065.00,0.79,976684.00
7,Chilko,1967,3,928701.00,0.82,23723.00,0.02,952424.00,0.84,1127139.00
7,Chilko,1968,0,1379905.00,0.74,76223.00,0.04,1456128.00,0.78,1869990.00
7,Chilko,1969,1,275949.00,0.78,5112.00,0.01,281061.00,0.80,351963.00
7,Chilko,1970,2,576986.00,0.76,48915.00,0.06,625901.00,0.82,761289.00
7,Chilko,1971,3,1850984.00,0.90,41948.00,0.02,1892932.00,0.92,2050125.00
7,Chilko,1972,0,1744349.00,0.73,77840.00,0.03,1822189.00,0.76,2384839.00
7,Chilko,1973,1,378922.00,0.85,12863.00,0.03,391785.00,0.88,447460.00
7,Chilko,1974,2,502776.00,0.76,46357.00,0.07,549133.00,0.83,659159.00
7,Chilko,1975,3,454693.00,0.58,83141.00,0.11,537834.00,0.69,782465.00
7,Chilko,1976,0,1468401.00,0.74,135255.00,0.07,1603656.00,0.81,1988046.00
7,Chilko,1977,1,251062.00,0.79,16307.00,0.05,267369.00,0.84,318699.00
7,Chilko,1978,2,481761.00,0.71,47110.00,0.07,528871.00,0.78,675713.00
7,Chilko,1979,3,1101067.00,0.77,71962.00,0.05,1173029.00,0.82,1431420.00
7,Chilko,1980,0,1113208.00,0.64,103687.00,0.06,1216895.00,0.70,1732131.00
7,Chilko,1981,1,177807.00,0.79,13497.00,0.06,191304.00,0.85,225844.00
7,Chilko,1982,2,818952.00,0.70,105831.00,0.09,924783.00,0.79,1174361.00
7,Chilko,1983,3,1139048.00,0.67,181124.00,0.11,1320172.00,0.78,1703005.00
7,Chilko,1984,0,3174455.00,0.79,254587.00,0.06,3429042.00,0.86,4009221.00
7,Chilko,1985,1,598589.00,0.86,24035.00,0.03,622624.00,0.90,694599.00
7,Chilko,1986,2,937137.00,0.68,150736.00,0.11,1087873.00,0.79,1381677.00
7,Chilko,1987,3,1333683.00,0.70,151876.00,0.08,1485559.00,0.78,1906574.00
7,Chilko,1988,0,344573.00,0.41,141457.00,0.17,486030.00,0.57,849419.00
7,Chilko,1989,1,443147.00,0.84,20690.00,0.04,463837.00,0.88,527218.00
7,Chilko,1990,2,3562875.00,0.77,233570.00,0.05,3796445.00,0.82,4622282.00
7,Chilko,1991,3,3107286.00,0.71,222488.00,0.05,3329774.00,0.76,4367511.00
7,Chilko,1992,0,2519935.00,0.75,186766.00,0.06,2706701.00,0.81,3357669.00
7,Chilko,1993,1,2671400.00,0.80,104692.00,0.03,2776092.00,0.83,3331318.00
7,Chilko,1994,2,1676931.00,0.67,267496.00,0.11,1944427.00,0.78,2503023.00
7,Chilko,1995,3,467173.00,0.36,313969.00,0.24,781142.00,0.59,1315701.00
7,Chilko,1996,0,718302.00,0.35,331677.00,0.16,1049979.00,0.52,2024328.00
7,Chilko,1997,1,2316623.00,0.67,166911.00,0.05,2483534.00,0.72,3469361.00
7,Chilko,1998,2,504859.00,0.27,148338.00,0.08,653197.00,0.34,1896532.00
7,Chilko,1999,3,86432.00,0.08,67666.00,0.06,154098.00,0.14,1122569.00
7,Chilko,2000,0,518954.00,0.37,114232.00,0.08,640695.00,0.46,1399636.00
7,Chilko,2001,1,97973.00,0.11,81500.00,0.10,183397.00,0.22,852180.00
7,Chilko,2002,2,172475.00,0.27,83784.00,0.13,263625.00,0.41,646439.00
7,Chilko,2003,3,566232.28,0.36,256091.42,0.16,850132.65,0.55,1558511.54
7,Chilko,2004,0,245011.77,0.45,89554.53,0.16,342192.35,0.63,546610.57
7,Chilko,2005,1,198068.95,0.18,140962.57,0.13,347911.71,0.32,1070994.12
7,Chilko,2006,2,495461.34,0.39,172988.94,0.14,691171.76,0.54,1275250.76
7,Chilko,2007,3,60875.18,0.14,70496.12,0.16,131371.29,0.30,437224.29
7,Chilko,2008,0,47533.00,0.11,129458.03,0.29,180728.24,0.41,445318.99
7,Chilko,2009,1,12326.18,0.04,24495.56,0.08,37106.41,0.12,303830.16
7,Chilko,2010,2,1347114.52,0.30,407526.71,0.09,1796999.68,0.39,4560983.95
7,Chilko,2011,3,334530.98,0.20,303922.27,0.18,667785.71,0.40,1686277.94
8,Seymour,1952,0,22495.00,0.76,1200.00,0.04,23695.00,0.80,29658.00
8,Seymour,1953,1,19536.00,0.76,389.00,0.02,19925.00,0.78,25617.00
8,Seymour,1954,2,144031.00,0.85,631.00,0.00,144662.00,0.85,169436.00
8,Seymour,1955,3,57194.00,0.84,1799.00,0.03,58993.00,0.87,67964.00
8,Seymour,1956,0,8918.00,0.74,602.00,0.05,9520.00,0.79,12010.00
8,Seymour,1957,1,33479.00,0.75,521.00,0.01,34000.00,0.76,44870.00
8,Seymour,1958,2,349138.00,0.81,1449.00,0.00,350587.00,0.82,428958.00
8,Seymour,1959,3,261903.00,0.83,3244.00,0.01,265147.00,0.84,317457.00
8,Seymour,1960,0,8423.00,0.71,502.00,0.04,8925.00,0.75,11826.00
8,Seymour,1961,1,9190.00,0.67,913.00,0.07,10103.00,0.74,13725.00
8,Seymour,1962,2,139866.00,0.70,3036.00,0.02,142902.00,0.71,200738.00
8,Seymour,1963,3,96266.00,0.55,7782.00,0.04,104048.00,0.59,175702.00
8,Seymour,1964,0,5532.00,0.61,788.00,0.09,6320.00,0.70,9065.00
8,Seymour,1965,1,18201.00,0.71,1448.00,0.06,19649.00,0.76,25738.00
8,Seymour,1966,2,146235.00,0.83,1926.00,0.01,148161.00,0.84,176859.00
8,Seymour,1967,3,101972.00,0.88,761.00,0.01,102733.00,0.88,116094.00
8,Seymour,1968,0,15612.00,0.79,305.00,0.02,15917.00,0.81,19668.00
8,Seymour,1969,1,27686.00,0.79,349.00,0.01,28035.00,0.80,35211.00
8,Seymour,1970,2,122766.00,0.88,2624.00,0.02,125390.00,0.90,139745.00
8,Seymour,1971,3,197190.00,0.90,1940.00,0.01,199130.00,0.91,218158.00
8,Seymour,1972,0,21221.00,0.82,1992.00,0.08,23213.00,0.89,26015.00
8,Seymour,1973,1,11878.00,0.80,180.00,0.01,12058.00,0.82,14762.00
8,Seymour,1974,2,171617.00,0.77,7433.00,0.03,179050.00,0.80,223638.00
8,Seymour,1975,3,91606.00,0.68,5782.00,0.04,97388.00,0.73,134229.00
8,Seymour,1976,0,48487.00,0.83,1532.00,0.03,50019.00,0.86,58399.00
8,Seymour,1977,1,17898.00,0.73,774.00,0.03,18672.00,0.77,24381.00
8,Seymour,1978,2,172649.00,0.70,11919.00,0.05,184568.00,0.75,247376.00
8,Seymour,1979,3,115740.00,0.66,9966.00,0.06,125706.00,0.72,175012.00
8,Seymour,1980,0,12587.00,0.57,1304.00,0.06,13891.00,0.63,22200.00
8,Seymour,1981,1,41013.00,0.76,1654.00,0.03,42667.00,0.79,54026.00
8,Seymour,1982,2,195927.00,0.72,13089.00,0.05,209016.00,0.77,272287.00
8,Seymour,1983,3,61405.00,0.63,6742.00,0.07,68147.00,0.70,97978.00
8,Seymour,1984,0,67120.00,0.77,3099.00,0.04,70219.00,0.80,87391.00
8,Seymour,1985,1,27267.00,0.80,1091.00,0.03,28358.00,0.83,33978.00
8,Seymour,1986,2,336248.00,0.68,34436.00,0.07,370684.00,0.75,496850.00
8,Seymour,1987,3,155078.00,0.56,34363.00,0.13,189441.00,0.69,274635.00
8,Seymour,1988,0,22833.00,0.52,4349.00,0.10,27182.00,0.62,44039.00
8,Seymour,1989,1,25641.00,0.80,970.00,0.03,26611.00,0.83,32118.00
8,Seymour,1990,2,492031.00,0.60,58868.00,0.07,550899.00,0.67,822940.00
8,Seymour,1991,3,279275.00,0.65,19896.00,0.05,299171.00,0.70,427424.00
8,Seymour,1992,0,8446.00,0.24,16306.00,0.47,24752.00,0.71,34832.00
8,Seymour,1993,1,9630.00,0.47,872.00,0.04,10502.00,0.51,20616.00
8,Seymour,1994,2,148676.00,0.55,27119.00,0.10,175795.00,0.65,272278.00
8,Seymour,1995,3,19696.00,0.25,16736.00,0.21,36432.00,0.45,80305.00
8,Seymour,1996,0,783.00,0.03,4498.00,0.17,5281.00,0.20,26382.00
8,Seymour,1997,1,6211.00,0.69,1157.00,0.13,7368.00,0.82,9030.00
8,Seymour,1998,2,50714.00,0.29,18120.00,0.11,68834.00,0.40,172350.00
8,Seymour,1999,3,2801.00,0.04,11483.00,0.17,14284.00,0.21,66984.00
8,Seymour,2000,0,5272.00,0.15,4851.00,0.14,10173.00,0.29,34691.00
8,Seymour,2001,1,672.00,0.08,828.00,0.10,1531.00,0.18,8423.00
8,Seymour,2002,2,71633.00,0.34,23404.00,0.11,99069.00,0.47,210538.00
8,Seymour,2003,3,54432.73,0.50,13095.90,0.12,69628.74,0.64,109586.82
8,Seymour,2004,0,36260.98,0.42,15267.41,0.18,52916.17,0.61,86532.53
8,Seymour,2005,1,1628.21,0.10,3099.98,0.19,4760.46,0.30,15946.81
8,Seymour,2006,2,173108.37,0.34,52587.77,0.10,235898.75,0.47,504071.42
8,Seymour,2007,3,4574.98,0.22,2160.04,0.11,6735.02,0.33,20513.74
8,Seymour,2008,0,911.77,0.12,1711.91,0.22,2739.39,0.35,7732.74
8,Seymour,2009,1,305.67,0.04,316.45,0.04,631.61,0.08,8274.61
8,Seymour,2010,2,326127.00,0.30,110061.82,0.10,450219.04,0.42,1070611.18
8,Seymour,2011,3,6848.05,0.17,11566.96,0.29,18958.97,0.47,40340.08
9,L. Shuswap,1952,0,15608.00,0.64,1373.00,0.06,16981.00,0.70,24298.00
9,L. Shuswap,1953,1,25691.00,0.87,293.00,0.01,25984.00,0.88,29456.00
9,L. Shuswap,1954,2,7241737.00,0.78,49669.00,0.01,7291406.00,0.78,9318160.00
9,L. Shuswap,1955,3,486786.00,0.87,11929.00,0.02,498715.00,0.89,562574.00
9,L. Shuswap,1956,0,11871.00,0.71,1641.00,0.10,13512.00,0.80,16833.00
9,L. Shuswap,1957,1,28820.00,0.91,73.00,0.00,28893.00,0.91,31702.00
9,L. Shuswap,1958,2,11738603.00,0.78,42160.00,0.00,11780763.00,0.78,15098012.00
9,L. Shuswap,1959,3,765434.00,0.84,8338.00,0.01,773772.00,0.85,908606.00
9,L. Shuswap,1960,0,5443.00,0.67,748.00,0.09,6191.00,0.76,8098.00
9,L. Shuswap,1961,1,2033.00,0.58,351.00,0.10,2384.00,0.67,3534.00
9,L. Shuswap,1962,2,873972.00,0.42,60001.00,0.03,933973.00,0.45,2078542.00
9,L. Shuswap,1963,3,210982.00,0.55,16991.00,0.04,227973.00,0.59,386328.00
9,L. Shuswap,1964,0,1658.00,0.68,193.00,0.08,1851.00,0.75,2455.00
9,L. Shuswap,1965,1,4858.00,0.66,373.00,0.05,5231.00,0.71,7318.00
9,L. Shuswap,1966,2,1377425.00,0.50,85925.00,0.03,1463350.00,0.53,2745530.00
9,L. Shuswap,1967,3,2249082.00,0.72,48106.00,0.02,2297188.00,0.73,3142142.00
9,L. Shuswap,1968,0,18170.00,0.82,251.00,0.01,18421.00,0.83,22092.00
9,L. Shuswap,1969,1,23146.00,0.79,212.00,0.01,23358.00,0.80,29343.00
9,L. Shuswap,1970,2,2363472.00,0.60,37775.00,0.01,2401247.00,0.61,3930109.00
9,L. Shuswap,1971,3,2841519.00,0.90,14046.00,0.00,2855565.00,0.91,3145757.00
9,L. Shuswap,1972,0,24802.00,0.81,1681.00,0.05,26483.00,0.86,30675.00
9,L. Shuswap,1973,1,24579.00,0.85,683.00,0.02,25262.00,0.87,29070.00
9,L. Shuswap,1974,2,4187590.00,0.78,49943.00,0.01,4237533.00,0.79,5388305.00
9,L. Shuswap,1975,3,529965.00,0.74,15001.00,0.02,544966.00,0.77,712331.00
9,L. Shuswap,1976,0,32828.00,0.85,1081.00,0.03,33909.00,0.88,38689.00
9,L. Shuswap,1977,1,52264.00,0.80,945.00,0.01,53209.00,0.81,65679.00
9,L. Shuswap,1978,2,4908286.00,0.72,56669.00,0.01,4964955.00,0.72,6852397.00
9,L. Shuswap,1979,3,833099.00,0.73,13835.00,0.01,846934.00,0.74,1146337.00
9,L. Shuswap,1980,0,9467.00,0.67,2006.00,0.14,11473.00,0.81,14127.00
9,L. Shuswap,1981,1,82179.00,0.88,1096.00,0.01,83275.00,0.89,93568.00
9,L. Shuswap,1982,2,5793576.00,0.66,123126.00,0.01,5916702.00,0.67,8780057.00
9,L. Shuswap,1983,3,1430078.00,0.86,12837.00,0.01,1442915.00,0.87,1654280.00
9,L. Shuswap,1984,0,32224.00,0.84,1849.00,0.05,34073.00,0.89,38407.00
9,L. Shuswap,1985,1,8281.00,0.84,97.00,0.01,8378.00,0.85,9910.00
9,L. Shuswap,1986,2,6692329.00,0.73,156338.00,0.02,6848667.00,0.74,9201910.00
9,L. Shuswap,1987,3,1448719.00,0.68,59841.00,0.03,1508560.00,0.71,2125885.00
9,L. Shuswap,1988,0,41317.00,0.84,2659.00,0.05,43976.00,0.90,48983.00
9,L. Shuswap,1989,1,3771.00,0.80,204.00,0.04,3975.00,0.84,4718.00
9,L. Shuswap,1990,2,6530497.00,0.63,172980.00,0.02,6703477.00,0.65,10303837.00
9,L. Shuswap,1991,3,2752088.00,0.68,47561.00,0.01,2799649.00,0.69,4042107.00
9,L. Shuswap,1992,0,60104.00,0.82,191.00,0.00,60295.00,0.82,73217.00
9,L. Shuswap,1993,1,14719.00,0.90,313.00,0.02,15032.00,0.92,16364.00
9,L. Shuswap,1994,2,5876876.00,0.80,111618.00,0.02,5988494.00,0.82,7305624.00
9,L. Shuswap,1995,3,400267.00,0.43,123000.00,0.13,523267.00,0.56,933969.00
9,L. Shuswap,1996,0,13173.66,0.42,4437.68,0.14,17611.33,0.56,31189.22
9,L. Shuswap,1997,1,17505.78,0.89,126.97,0.01,17678.74,0.90,19684.74
9,L. Shuswap,1998,2,368285.61,0.14,53706.41,0.02,422591.69,0.16,2569709.98
9,L. Shuswap,1999,3,87030.81,0.11,8692.85,0.01,97055.38,0.13,770717.59
9,L. Shuswap,2000,0,26298.38,0.51,6440.65,0.12,33603.28,0.65,51937.02
9,L. Shuswap,2001,1,19780.38,0.19,1876.36,0.02,21677.58,0.21,103259.25
9,L. Shuswap,2002,2,1015366.45,0.14,193056.27,0.03,1242510.60,0.18,7039971.45
9,L. Shuswap,2003,3,216137.93,0.32,52454.56,0.08,274315.28,0.41,674341.04
9,L. Shuswap,2004,0,6337.49,0.24,5577.55,0.21,12205.04,0.46,26291.87
9,L. Shuswap,2005,1,3896.77,0.12,7784.93,0.24,11942.08,0.36,33055.08
9,L. Shuswap,2006,2,2523694.50,0.34,322089.12,0.04,2903461.78,0.39,7415668.06
9,L. Shuswap,2007,3,21279.69,0.12,13241.28,0.08,34520.97,0.20,172328.22
9,L. Shuswap,2008,0,1823.49,0.15,2357.84,0.20,4248.28,0.36,11941.75
9,L. Shuswap,2009,1,4067.11,0.06,1096.67,0.02,5234.25,0.08,64607.38
9,L. Shuswap,2010,2,8332973.92,0.48,807486.98,0.05,9249174.52,0.53,17334140.11
9,L. Shuswap,2011,3,91803.08,0.25,33720.26,0.09,132208.80,0.36,368915.94
10,Birkenhead,1952,0,168773.00,0.74,11194.00,0.05,179967.00,0.79,227028.00
10,Birkenhead,1953,1,207761.00,0.80,10708.00,0.04,218469.00,0.84,260960.00
10,Birkenhead,1954,2,185751.00,0.89,4535.00,0.02,190286.00,0.91,208499.00
10,Birkenhead,1955,3,131563.00,0.88,3442.00,0.02,135005.00,0.90,149558.00
10,Birkenhead,1956,0,199274.00,0.77,8600.00,0.03,207874.00,0.81,257628.00
10,Birkenhead,1957,1,128901.00,0.87,5438.00,0.04,134339.00,0.90,148875.00
10,Birkenhead,1958,2,149098.00,0.88,5637.00,0.03,154735.00,0.91,169901.00
10,Birkenhead,1959,3,218893.00,0.87,5338.00,0.02,224231.00,0.90,250390.00
10,Birkenhead,1960,0,181242.00,0.80,7258.00,0.03,188500.00,0.84,225338.00
10,Birkenhead,1961,1,50723.00,0.57,6617.00,0.07,57340.00,0.64,89021.00
10,Birkenhead,1962,2,64371.00,0.62,12884.00,0.12,77255.00,0.75,103624.00
10,Birkenhead,1963,3,159328.00,0.72,11853.00,0.05,171181.00,0.78,220074.00
10,Birkenhead,1964,0,105398.00,0.64,10210.00,0.06,115608.00,0.70,164516.00
10,Birkenhead,1965,1,62406.00,0.74,6227.00,0.07,68633.00,0.81,84863.00
10,Birkenhead,1966,2,80778.00,0.76,4977.00,0.05,85755.00,0.81,105871.00
10,Birkenhead,1967,3,248536.00,0.84,6828.00,0.02,255364.00,0.86,295240.00
10,Birkenhead,1968,0,235860.00,0.78,6619.00,0.02,242479.00,0.81,300583.00
10,Birkenhead,1969,1,169181.00,0.81,2460.00,0.01,171641.00,0.82,209023.00
10,Birkenhead,1970,2,143774.00,0.81,2784.00,0.02,146558.00,0.83,177214.00
10,Birkenhead,1971,3,434860.00,0.94,5136.00,0.01,439996.00,0.95,464625.00
10,Birkenhead,1972,0,226074.00,0.80,3075.00,0.01,229149.00,0.81,283871.00
10,Birkenhead,1973,1,432676.00,0.87,6305.00,0.01,438981.00,0.89,495716.00
10,Birkenhead,1974,2,652333.00,0.82,23431.00,0.03,675764.00,0.85,795578.00
10,Birkenhead,1975,3,236640.00,0.76,11285.00,0.04,247925.00,0.80,309506.00
10,Birkenhead,1976,0,394693.00,0.81,13950.00,0.03,408643.00,0.84,486178.00
10,Birkenhead,1977,1,146705.00,0.77,20265.00,0.11,166970.00,0.88,190815.00
10,Birkenhead,1978,2,336568.00,0.74,22183.00,0.05,358751.00,0.79,453892.00
10,Birkenhead,1979,3,243639.00,0.76,16546.00,0.05,260185.00,0.81,321173.00
10,Birkenhead,1980,0,408159.00,0.80,19743.00,0.04,427902.00,0.84,512396.00
10,Birkenhead,1981,1,336045.00,0.85,9037.00,0.02,345082.00,0.88,394105.00
10,Birkenhead,1982,2,473278.00,0.77,21735.00,0.04,495013.00,0.81,614751.00
10,Birkenhead,1983,3,351534.00,0.86,12659.00,0.03,364193.00,0.89,408222.00
10,Birkenhead,1984,0,189229.00,0.78,12673.00,0.05,201902.00,0.83,242147.00
10,Birkenhead,1985,1,128624.00,0.89,3115.00,0.02,131739.00,0.92,143866.00
10,Birkenhead,1986,2,1269828.00,0.78,19588.00,0.01,1289416.00,0.79,1627917.00
10,Birkenhead,1987,3,731973.00,0.80,22895.00,0.02,754868.00,0.82,919814.00
10,Birkenhead,1988,0,328419.00,0.64,18226.00,0.04,346645.00,0.68,513236.00
10,Birkenhead,1989,1,205772.00,0.86,3253.00,0.01,209025.00,0.88,238631.00
10,Birkenhead,1990,2,809031.00,0.83,4474.00,0.00,813505.00,0.83,980278.00
10,Birkenhead,1991,3,716416.00,0.70,7231.00,0.01,723647.00,0.71,1017673.00
10,Birkenhead,1992,0,289313.00,0.60,8265.00,0.02,297578.00,0.61,484121.00
10,Birkenhead,1993,1,1386697.00,0.85,6995.00,0.00,1393692.00,0.85,1638646.00
10,Birkenhead,1994,2,335848.00,0.89,4322.00,0.01,340170.00,0.90,379404.00
10,Birkenhead,1995,3,28260.00,0.34,15121.00,0.18,43381.00,0.53,81969.00
10,Birkenhead,1996,0,52676.08,0.47,3715.07,0.03,56391.15,0.50,112038.15
10,Birkenhead,1997,1,172267.06,0.75,5152.56,0.02,178721.21,0.78,228923.21
10,Birkenhead,1998,2,98329.98,0.24,7913.34,0.02,106544.97,0.26,407316.10
10,Birkenhead,1999,3,19526.39,0.10,510.99,0.00,20705.66,0.11,187912.95
10,Birkenhead,2000,0,41282.83,0.65,966.38,0.02,42940.96,0.68,63090.80
10,Birkenhead,2001,1,11930.22,0.19,5743.63,0.09,17829.19,0.29,62279.19
10,Birkenhead,2002,2,35275.12,0.16,1020.52,0.00,36295.64,0.16,225740.64
10,Birkenhead,2003,3,118415.49,0.26,19229.92,0.04,141124.66,0.31,452084.66
10,Birkenhead,2004,0,31953.92,0.32,3522.87,0.03,35476.79,0.35,100930.72
10,Birkenhead,2005,1,15615.90,0.11,3262.28,0.02,18878.18,0.13,148359.90
10,Birkenhead,2006,2,169266.58,0.29,6334.03,0.01,175600.61,0.30,584188.49
10,Birkenhead,2007,3,39294.40,0.29,3187.89,0.02,42482.30,0.31,135962.30
10,Birkenhead,2008,0,5459.52,0.10,3477.94,0.06,8937.46,0.17,53880.20
10,Birkenhead,2009,1,4109.34,0.06,620.11,0.01,4729.45,0.07,63400.28
10,Birkenhead,2010,2,151804.36,0.49,9932.43,0.03,163953.73,0.53,309732.14
10,Birkenhead,2011,3,74226.66,0.20,30757.93,0.08,114467.03,0.31,373428.14
11,Cultus,1952,0,19931.00,0.53,56.00,0.00,19987.00,0.53,37820.00
11,Cultus,1953,1,29009.00,0.72,20.00,0.00,29029.00,0.72,40572.00
11,Cultus,1954,2,79603.00,0.78,25.00,0.00,79628.00,0.78,101664.00
11,Cultus,1955,3,143073.00,0.85,122.00,0.00,143195.00,0.85,169117.00
11,Cultus,1956,0,23341.00,0.62,467.00,0.01,23808.00,0.63,37526.00
11,Cultus,1957,1,53127.00,0.72,81.00,0.00,53208.00,0.72,73583.00
11,Cultus,1958,2,49114.00,0.79,48.00,0.00,49162.00,0.79,62486.00
11,Cultus,1959,3,234176.00,0.83,525.00,0.00,234701.00,0.83,282480.00
11,Cultus,1960,0,22009.00,0.55,295.00,0.01,22304.00,0.56,39944.00
11,Cultus,1961,1,13979.00,0.50,416.00,0.01,14395.00,0.52,27791.00
11,Cultus,1962,2,20344.00,0.43,192.00,0.00,20536.00,0.43,47533.00
11,Cultus,1963,3,30847.00,0.59,694.00,0.01,31541.00,0.61,51844.00
11,Cultus,1964,0,13138.00,0.53,584.00,0.02,13722.00,0.55,24789.00
11,Cultus,1965,1,4239.00,0.62,110.00,0.02,4349.00,0.64,6804.00
11,Cultus,1966,2,18309.00,0.52,255.00,0.01,18564.00,0.52,35483.00
11,Cultus,1967,3,98340.00,0.75,462.00,0.00,98802.00,0.75,132000.00
11,Cultus,1968,0,44779.00,0.63,760.00,0.01,45539.00,0.64,70853.00
11,Cultus,1969,1,15894.00,0.72,117.00,0.01,16011.00,0.73,21953.00
11,Cultus,1970,2,24889.00,0.62,1249.00,0.03,26138.00,0.65,40079.00
11,Cultus,1971,3,87978.00,0.91,0.00,0.00,87978.00,0.91,97106.00
11,Cultus,1972,0,38567.00,0.79,72.00,0.00,38639.00,0.79,49005.00
11,Cultus,1973,1,4372.00,0.87,18.00,0.00,4390.00,0.87,5031.00
11,Cultus,1974,2,35076.00,0.78,737.00,0.02,35813.00,0.80,44797.00
11,Cultus,1975,3,36111.00,0.75,624.00,0.01,36735.00,0.76,48084.00
11,Cultus,1976,0,26280.00,0.85,130.00,0.00,26410.00,0.86,30845.00
11,Cultus,1977,1,385.00,0.80,16.00,0.03,401.00,0.83,483.00
11,Cultus,1978,2,22265.00,0.81,99.00,0.00,22364.00,0.82,27440.00
11,Cultus,1979,3,75498.00,0.69,2122.00,0.02,77620.00,0.71,109651.00
11,Cultus,1980,0,4613.00,0.72,106.00,0.02,4719.00,0.74,6376.00
11,Cultus,1981,1,1201.00,0.82,0.00,0.00,1201.00,0.82,1457.00
11,Cultus,1982,2,51978.00,0.75,408.00,0.01,52386.00,0.76,69111.00
11,Cultus,1983,3,87565.00,0.81,387.00,0.00,87952.00,0.82,107896.00
11,Cultus,1984,0,5790.00,0.84,92.00,0.01,5882.00,0.86,6876.00
11,Cultus,1985,1,541.00,0.56,0.00,0.00,541.00,0.56,965.00
11,Cultus,1986,2,9034.00,0.73,129.00,0.01,9163.00,0.74,12419.00
11,Cultus,1987,3,68537.00,0.68,0.00,0.00,68537.00,0.68,100721.00
11,Cultus,1988,0,8904.00,0.91,20.00,0.00,8924.00,0.91,9785.00
11,Cultus,1989,1,1679.00,0.80,0.00,0.00,1679.00,0.80,2097.00
11,Cultus,1990,2,8537.00,0.82,3.00,0.00,8540.00,0.82,10400.00
11,Cultus,1991,3,43601.00,0.67,1161.00,0.02,44762.00,0.69,64919.00
11,Cultus,1992,0,6298.00,0.84,0.00,0.00,6298.00,0.84,7501.00
11,Cultus,1993,1,9805.00,0.90,3.00,0.00,9808.00,0.90,10871.00
11,Cultus,1994,2,18772.00,0.81,72.00,0.00,18844.00,0.81,23243.00
11,Cultus,1995,3,7804.00,0.40,1222.00,0.06,9026.00,0.47,19342.00
11,Cultus,1996,0,355.11,0.14,38.79,0.02,430.24,0.18,2452.24
11,Cultus,1997,1,834.62,0.89,10.36,0.01,845.98,0.91,933.98
11,Cultus,1998,2,290.20,0.13,45.82,0.02,339.55,0.15,2298.55
11,Cultus,1999,3,1472.05,0.10,126.22,0.01,1763.35,0.12,14166.35
11,Cultus,2000,0,723.08,0.36,54.00,0.03,804.82,0.40,2031.82
11,Cultus,2001,1,106.69,0.15,77.46,0.11,184.15,0.26,699.15
11,Cultus,2002,2,783.14,0.13,33.08,0.01,816.22,0.14,5965.22
11,Cultus,2003,3,639.39,0.22,62.00,0.02,701.39,0.24,2885.39
11,Cultus,2004,0,28.47,0.23,2.84,0.02,31.31,0.26,121.31
11,Cultus,2005,1,18.88,0.09,7.94,0.04,26.82,0.12,219.82
11,Cultus,2006,2,1157.40,0.23,97.00,0.02,1254.40,0.25,5039.40
11,Cultus,2007,3,97.47,0.12,35.99,0.04,133.46,0.16,822.46
11,Cultus,2008,0,32.99,0.08,22.20,0.06,55.19,0.14,395.19
11,Cultus,2009,1,42.45,0.05,2.74,0.00,45.20,0.05,934.20
11,Cultus,2010,2,9175.20,0.45,668.93,0.03,10115.83,0.50,20226.83
11,Cultus,2011,3,4571.90,0.37,395.23,0.03,5178.26,0.41,12520.26
12,Portage,1953,1,245.00,0.83,1.00,0.00,246.00,0.83,296.00
12,Portage,1954,2,24609.00,0.88,109.00,0.00,24718.00,0.88,28087.00
12,Portage,1955,3,181.00,0.80,4.00,0.02,185.00,0.82,226.00
12,Portage,1956,0,,,,,0.00,,0.00
12,Portage,1957,1,353.00,0.90,1.00,0.00,354.00,0.90,394.00
12,Portage,1958,2,31128.00,0.87,82.00,0.00,31210.00,0.87,35946.00
12,Portage,1959,3,4567.00,0.87,17.00,0.00,4584.00,0.88,5232.00
12,Portage,1960,0,,,,,0.00,,0.00
12,Portage,1961,1,22.00,0.47,2.00,0.04,24.00,0.51,47.00
12,Portage,1962,2,12108.00,0.49,695.00,0.03,12803.00,0.52,24738.00
12,Portage,1963,3,3272.00,0.60,160.00,0.03,3432.00,0.63,5443.00
12,Portage,1964,0,12.00,0.57,0.00,0.00,12.00,0.57,21.00
12,Portage,1965,1,1694.00,0.62,46.00,0.02,1740.00,0.64,2721.00
12,Portage,1966,2,36527.00,0.52,2248.00,0.03,38775.00,0.55,70118.00
12,Portage,1967,3,51607.00,0.92,510.00,0.01,52117.00,0.92,56398.00
12,Portage,1968,0,467.00,0.80,34.00,0.06,501.00,0.85,587.00
12,Portage,1969,1,2162.00,0.65,194.00,0.06,2356.00,0.71,3319.00
12,Portage,1970,2,26491.00,0.86,340.00,0.01,26831.00,0.87,30704.00
12,Portage,1971,3,3991.00,0.93,36.00,0.01,4027.00,0.93,4308.00
12,Portage,1972,0,838.00,0.72,132.00,0.11,970.00,0.84,1160.00
12,Portage,1973,1,26464.00,0.86,316.00,0.01,26780.00,0.87,30773.00
12,Portage,1974,2,47833.00,0.84,392.00,0.01,48225.00,0.85,56751.00
12,Portage,1975,3,12457.00,0.79,180.00,0.01,12637.00,0.80,15812.00
12,Portage,1976,0,11400.00,0.85,895.00,0.07,12295.00,0.92,13337.00
12,Portage,1977,1,72219.00,0.89,388.00,0.00,72607.00,0.90,80696.00
12,Portage,1978,2,29163.00,0.72,1561.00,0.04,30724.00,0.75,40702.00
12,Portage,1979,3,11137.00,0.74,243.00,0.02,11380.00,0.76,14955.00
12,Portage,1980,0,5003.00,0.68,457.00,0.06,5460.00,0.74,7332.00
12,Portage,1981,1,31669.00,0.82,957.00,0.02,32626.00,0.85,38435.00
12,Portage,1982,2,75728.00,0.75,1126.00,0.01,76854.00,0.76,100721.00
12,Portage,1983,3,53483.00,0.86,1140.00,0.02,54623.00,0.88,62370.00
12,Portage,1984,0,10050.00,0.82,482.00,0.04,10532.00,0.86,12242.00
12,Portage,1985,1,13495.00,0.84,201.00,0.01,13696.00,0.86,16014.00
12,Portage,1986,2,185319.00,0.92,2552.00,0.01,187871.00,0.93,202162.00
12,Portage,1987,3,40790.00,0.84,841.00,0.02,41631.00,0.86,48491.00
12,Portage,1988,0,22298.00,0.91,1090.00,0.04,23388.00,0.96,24456.00
12,Portage,1989,1,40989.00,0.83,438.00,0.01,41427.00,0.84,49327.00
12,Portage,1990,2,48635.00,0.71,167.00,0.00,48802.00,0.71,68750.00
12,Portage,1991,3,51295.00,0.80,1097.00,0.02,52392.00,0.81,64445.00
12,Portage,1992,0,14430.00,0.84,40.00,0.00,14470.00,0.84,17176.00
12,Portage,1993,1,171063.00,0.90,54.00,0.00,171117.00,0.90,190877.00
12,Portage,1994,2,52621.00,0.83,1584.00,0.02,54205.00,0.85,63475.00
12,Portage,1995,3,7496.00,0.46,997.00,0.06,8493.00,0.52,16368.00
12,Portage,1996,0,4724.57,0.33,209.65,0.01,5061.70,0.36,14111.65
12,Portage,1997,1,152942.46,0.89,883.89,0.01,154228.50,0.90,171611.13
12,Portage,1998,2,18032.85,0.14,1979.36,0.02,20053.28,0.15,130166.32
12,Portage,1999,3,4789.24,0.12,410.33,0.01,5369.60,0.13,40205.28
12,Portage,2000,0,43841.14,0.51,10666.33,0.12,55948.23,0.65,86582.45
12,Portage,2001,1,6597.83,0.15,1823.29,0.04,8421.12,0.19,43236.33
12,Portage,2002,2,2728.78,0.14,538.73,0.03,3359.75,0.18,18919.78
12,Portage,2003,3,2800.38,0.32,679.62,0.08,3554.15,0.41,8737.05
12,Portage,2004,0,3284.22,0.24,3146.11,0.23,6580.32,0.48,13604.41
12,Portage,2005,1,2190.95,0.12,4165.83,0.22,6503.18,0.35,18585.18
12,Portage,2006,2,16444.85,0.34,2098.79,0.04,18919.49,0.39,48321.84
12,Portage,2007,3,597.00,0.12,358.00,0.07,955.01,0.20,4834.68
12,Portage,2008,0,908.22,0.15,1151.31,0.19,2099.62,0.35,5947.81
12,Portage,2009,1,181.27,0.06,48.88,0.02,233.29,0.08,3051.56
12,Portage,2010,2,82304.80,0.48,6581.09,0.04,89978.15,0.53,171209.34
12,Portage,2011,3,970.40,0.25,254.30,0.07,1298.17,0.33,3899.60
13,Weaver,1952,0,100903.00,0.77,106.00,0.00,101009.00,0.77,130774.00
13,Weaver,1953,1,42295.00,0.83,16.00,0.00,42311.00,0.83,51100.00
13,Weaver,1954,2,153412.00,0.84,32.00,0.00,153444.00,0.85,181581.00
13,Weaver,1955,3,86771.00,0.80,100.00,0.00,86871.00,0.80,108507.00
13,Weaver,1956,0,17450.00,0.67,24.00,0.00,17474.00,0.67,25964.00
13,Weaver,1957,1,179013.00,0.90,80.00,0.00,179093.00,0.90,199330.00
13,Weaver,1958,2,217980.00,0.86,38.00,0.00,218018.00,0.86,253957.00
13,Weaver,1959,3,63939.00,0.88,275.00,0.00,64214.00,0.88,72577.00
13,Weaver,1960,0,14799.00,0.67,118.00,0.01,14917.00,0.68,21950.00
13,Weaver,1961,1,3483.00,0.44,196.00,0.02,3679.00,0.46,7925.00
13,Weaver,1962,2,15475.00,0.48,738.00,0.02,16213.00,0.50,32137.00
13,Weaver,1963,3,23566.00,0.61,582.00,0.02,24148.00,0.63,38617.00
13,Weaver,1964,0,2479.00,0.66,81.00,0.02,2560.00,0.68,3756.00
13,Weaver,1965,1,30947.00,0.62,846.00,0.02,31793.00,0.64,49717.00
13,Weaver,1966,2,33796.00,0.63,724.00,0.01,34520.00,0.64,54009.00
13,Weaver,1967,3,141846.00,0.86,239.00,0.00,142085.00,0.86,164666.00
13,Weaver,1968,0,18141.00,0.82,236.00,0.01,18377.00,0.83,22176.00
13,Weaver,1969,1,128146.00,0.68,1021.00,0.01,129167.00,0.69,187894.00
13,Weaver,1970,2,82713.00,0.88,409.00,0.00,83122.00,0.89,93557.00
13,Weaver,1971,3,73963.00,0.93,274.00,0.00,74237.00,0.94,79227.00
13,Weaver,1972,0,125363.00,0.83,77.00,0.00,125440.00,0.83,151178.00
13,Weaver,1973,1,332855.00,0.87,817.00,0.00,333672.00,0.87,382213.00
13,Weaver,1974,2,344841.00,0.84,1305.00,0.00,346146.00,0.84,410239.00
13,Weaver,1975,3,113511.00,0.79,1004.00,0.01,114515.00,0.79,144221.00
13,Weaver,1976,0,285273.00,0.85,1376.00,0.00,286649.00,0.85,336581.00
13,Weaver,1977,1,213769.00,0.79,2530.00,0.01,216299.00,0.80,268926.00
13,Weaver,1978,2,189036.00,0.71,1299.00,0.00,190335.00,0.72,265506.00
13,Weaver,1979,3,143087.00,0.75,3407.00,0.02,146494.00,0.76,191556.00
13,Weaver,1980,0,192776.00,0.71,3431.00,0.01,196207.00,0.72,272801.00
13,Weaver,1981,1,196369.00,0.82,2382.00,0.01,198751.00,0.83,240753.00
13,Weaver,1982,2,902655.00,0.75,2954.00,0.00,905609.00,0.75,1200623.00
13,Weaver,1983,3,259174.00,0.87,781.00,0.00,259955.00,0.87,299296.00
13,Weaver,1984,0,281574.00,0.82,2162.00,0.01,283736.00,0.83,343338.00
13,Weaver,1985,1,198755.00,0.84,519.00,0.00,199274.00,0.84,236621.00
13,Weaver,1986,2,1220312.00,0.91,3078.00,0.00,1223390.00,0.92,1335718.00
13,Weaver,1987,3,374790.00,0.84,1623.00,0.00,376413.00,0.84,445905.00
13,Weaver,1988,0,540984.00,0.91,3300.00,0.01,544284.00,0.92,593541.00
13,Weaver,1989,1,84482.00,0.83,18.00,0.00,84500.00,0.83,101667.00
13,Weaver,1990,2,42243.00,0.72,39.00,0.00,42282.00,0.72,58659.00
13,Weaver,1991,3,155594.00,0.80,1842.00,0.01,157436.00,0.81,195568.00
13,Weaver,1992,0,304202.00,0.84,37.00,0.00,304239.00,0.84,362925.00
13,Weaver,1993,1,782795.00,0.90,237.00,0.00,783032.00,0.90,867488.00
13,Weaver,1994,2,606520.00,0.90,1063.00,0.00,607583.00,0.90,672539.00
13,Weaver,1995,3,40022.00,0.51,4060.00,0.05,44082.00,0.56,78113.00
13,Weaver,1996,0,214421.43,0.33,95782.63,0.15,312896.57,0.49,640496.33
13,Weaver,1997,1,454050.34,0.89,6256.24,0.01,461356.80,0.91,509472.47
13,Weaver,1998,2,106149.96,0.14,102927.14,0.13,209170.23,0.27,765970.06
13,Weaver,1999,3,28730.03,0.12,7483.23,0.03,37104.40,0.15,240340.27
13,Weaver,2000,0,159053.18,0.36,12419.00,0.03,171884.44,0.38,446918.68
13,Weaver,2001,1,34322.14,0.15,5956.23,0.03,40278.36,0.18,224916.91
13,Weaver,2002,2,68800.01,0.13,110019.19,0.21,178819.20,0.34,524044.01
13,Weaver,2003,3,55078.12,0.22,15006.49,0.06,71990.71,0.29,248551.11
13,Weaver,2004,0,39548.85,0.23,7377.88,0.04,46926.73,0.28,168587.20
13,Weaver,2005,1,13347.82,0.09,8567.11,0.06,21914.93,0.14,155387.18
13,Weaver,2006,2,64357.15,0.23,12278.00,0.04,76635.15,0.27,280214.58
13,Weaver,2007,3,17717.13,0.12,2060.74,0.01,19777.87,0.13,149500.73
13,Weaver,2008,0,10002.66,0.08,6733.06,0.06,16735.72,0.14,119837.24
13,Weaver,2009,1,5305.94,0.05,343.08,0.00,5649.02,0.05,116761.52
13,Weaver,2010,2,103597.50,0.45,18658.95,0.08,125324.28,0.55,228381.92
13,Weaver,2011,3,124967.05,0.37,51782.85,0.15,182521.14,0.53,342225.68
14,Fennell,1967,3,7526.00,0.87,205.00,0.02,7731.00,0.89,8647.00
14,Fennell,1968,0,2570.00,0.70,131.00,0.04,2701.00,0.74,3655.00
14,Fennell,1969,1,197.00,0.77,6.00,0.02,203.00,0.80,255.00
14,Fennell,1970,2,33.00,0.73,3.00,0.07,36.00,0.80,45.00
14,Fennell,1971,3,13728.00,0.90,180.00,0.01,13908.00,0.91,15201.00
14,Fennell,1972,0,11434.00,0.77,1481.00,0.10,12915.00,0.87,14846.00
14,Fennell,1973,1,846.00,0.80,7.00,0.01,853.00,0.81,1058.00
14,Fennell,1974,2,556.00,0.75,44.00,0.06,600.00,0.81,740.00
14,Fennell,1975,3,10458.00,0.68,944.00,0.06,11402.00,0.74,15407.00
14,Fennell,1976,0,24228.00,0.83,872.00,0.03,25100.00,0.86,29190.00
14,Fennell,1977,1,1344.00,0.76,49.00,0.03,1393.00,0.79,1764.00
14,Fennell,1978,2,410.00,0.76,19.00,0.04,429.00,0.80,536.00
14,Fennell,1979,3,38964.00,0.66,3354.00,0.06,42318.00,0.72,58892.00
14,Fennell,1980,0,12478.00,0.54,2378.00,0.10,14856.00,0.64,23293.00
14,Fennell,1981,1,7480.00,0.76,302.00,0.03,7782.00,0.79,9871.00
14,Fennell,1982,2,4156.00,0.79,0.00,0.00,4156.00,0.79,5288.00
14,Fennell,1983,3,3370.00,0.37,737.00,0.08,4107.00,0.45,9084.00
14,Fennell,1984,0,31371.00,0.70,2117.00,0.05,33488.00,0.75,44595.00
14,Fennell,1985,1,2924.00,0.61,274.00,0.06,3198.00,0.67,4796.00
14,Fennell,1986,2,1902.00,0.18,2383.00,0.23,4285.00,0.42,10309.00
14,Fennell,1987,3,11684.00,0.31,9514.00,0.25,21198.00,0.56,37831.00
14,Fennell,1988,0,16318.00,0.36,2677.00,0.06,18995.00,0.41,45922.00
14,Fennell,1989,1,23293.00,0.78,2665.00,0.09,25958.00,0.87,29946.00
14,Fennell,1990,2,13400.00,0.31,18198.00,0.42,31598.00,0.73,43460.00
14,Fennell,1991,3,36470.00,0.53,11477.00,0.17,47947.00,0.70,68501.00
14,Fennell,1992,0,14728.00,0.26,25674.00,0.45,40402.00,0.71,56652.00
14,Fennell,1993,1,12070.00,0.59,658.00,0.03,12728.00,0.62,20431.00
14,Fennell,1994,2,2404.00,0.12,2122.00,0.10,4526.00,0.22,20407.00
14,Fennell,1995,3,2927.00,0.16,4166.00,0.23,7093.00,0.38,18445.00
14,Fennell,1996,0,6470.00,0.14,6889.00,0.15,13359.00,0.29,45638.00
14,Fennell,1997,1,24801.00,0.69,4621.00,0.13,29422.00,0.82,36055.00
14,Fennell,1998,2,1040.00,0.06,2576.00,0.14,3616.00,0.19,18849.00
14,Fennell,1999,3,2126.00,0.05,11812.00,0.29,13938.00,0.34,41050.00
14,Fennell,2000,0,2208.00,0.15,2012.00,0.14,4220.00,0.29,14372.00
14,Fennell,2001,1,675.00,0.08,795.00,0.10,1470.00,0.18,8088.00
14,Fennell,2002,2,2823.00,0.24,1807.00,0.15,4630.00,0.39,11828.00
14,Fennell,2003,3,11622.47,0.34,4711.48,0.14,17089.05,0.50,34167.93
14,Fennell,2004,0,28724.71,0.41,10775.33,0.16,40427.45,0.58,69231.26
14,Fennell,2005,1,1584.75,0.11,1580.91,0.11,3237.81,0.23,13883.28
14,Fennell,2006,2,17085.90,0.25,6781.39,0.10,25006.09,0.37,68460.00
14,Fennell,2007,3,5162.51,0.26,1471.49,0.07,6634.00,0.34,19720.99
14,Fennell,2008,0,864.17,0.08,2309.28,0.23,3246.99,0.32,10187.93
14,Fennell,2009,1,107.31,0.07,40.00,0.02,149.53,0.09,1612.03
14,Fennell,2010,2,6996.47,0.34,1609.19,0.08,8843.71,0.42,20831.35
14,Fennell,2011,3,2945.88,0.17,2641.74,0.16,6057.93,0.36,17040.15
15,Scotch,1980,0,155.00,0.56,17.00,0.06,172.00,0.62,279.00
15,Scotch,1981,1,55640.00,0.73,1422.00,0.02,57062.00,0.75,76014.00
15,Scotch,1982,2,14696.00,0.71,1215.00,0.06,15911.00,0.77,20620.00
15,Scotch,1983,3,492.00,0.63,54.00,0.07,546.00,0.70,785.00
15,Scotch,1984,0,1039.00,0.68,77.00,0.05,1116.00,0.73,1525.00
15,Scotch,1985,1,21314.00,0.84,597.00,0.02,21911.00,0.87,25296.00
15,Scotch,1986,2,70140.00,0.68,7135.00,0.07,77275.00,0.74,103899.00
15,Scotch,1987,3,4954.00,0.63,845.00,0.11,5799.00,0.74,7888.00
15,Scotch,1988,0,1528.00,0.53,275.00,0.10,1803.00,0.63,2863.00
15,Scotch,1989,1,34029.00,0.80,1275.00,0.03,35304.00,0.83,42540.00
15,Scotch,1990,2,149483.00,0.60,18041.00,0.07,167524.00,0.67,250912.00
15,Scotch,1991,3,15282.00,0.57,1544.00,0.06,16826.00,0.63,26780.00
15,Scotch,1992,0,3174.00,0.24,6122.00,0.47,9296.00,0.71,13081.00
15,Scotch,1993,1,7063.00,0.44,729.00,0.05,7792.00,0.48,16151.00
15,Scotch,1994,2,169903.00,0.55,30992.00,0.10,200895.00,0.65,311153.00
15,Scotch,1995,3,6196.00,0.23,5651.00,0.21,11847.00,0.44,26662.00
15,Scotch,1996,0,170.00,0.03,995.00,0.17,1165.00,0.20,5774.00
15,Scotch,1997,1,8314.00,0.68,1589.00,0.13,9903.00,0.81,12176.00
15,Scotch,1998,2,53550.00,0.29,19133.00,0.11,72683.00,0.40,181989.00
15,Scotch,1999,3,607.00,0.04,2487.00,0.17,3094.00,0.21,14507.00
15,Scotch,2000,0,810.00,0.15,746.00,0.14,1564.00,0.29,5329.00
15,Scotch,2001,1,239.00,0.08,294.00,0.10,544.00,0.18,2993.00
15,Scotch,2002,2,65078.00,0.34,21262.00,0.11,90003.00,0.47,191272.00
15,Scotch,2003,3,8936.32,0.50,2149.98,0.12,11431.08,0.64,17991.07
15,Scotch,2004,0,21460.58,0.42,9035.81,0.18,31317.73,0.61,51213.13
15,Scotch,2005,1,1927.79,0.10,3670.43,0.19,5636.41,0.30,18880.83
15,Scotch,2006,2,232883.22,0.34,70746.49,0.10,317355.32,0.47,678128.82
15,Scotch,2007,3,3818.41,0.22,1802.83,0.11,5621.24,0.33,17121.34
15,Scotch,2008,0,482.05,0.12,905.09,0.22,1448.31,0.35,4088.29
15,Scotch,2009,1,232.74,0.04,240.94,0.04,480.91,0.08,6320.91
15,Scotch,2010,2,308536.25,0.30,104125.27,0.10,425934.97,0.42,1012864.19
15,Scotch,2011,3,12030.98,0.17,20321.38,0.29,33308.01,0.47,70871.34
16,Gates,1952,0,22636.00,0.75,320.00,0.01,22956.00,0.76,30026.00
16,Gates,1953,1,515.00,0.87,1.00,0.00,516.00,0.87,590.00
16,Gates,1954,2,250.00,0.83,5.00,0.02,255.00,0.85,300.00
16,Gates,1955,3,538.00,0.86,8.00,0.01,546.00,0.88,623.00
16,Gates,1956,0,29352.00,0.79,184.00,0.00,29536.00,0.79,37343.00
16,Gates,1957,1,7043.00,0.83,534.00,0.06,7577.00,0.89,8468.00
16,Gates,1958,2,352.00,0.84,5.00,0.01,357.00,0.85,418.00
16,Gates,1959,3,1828.00,0.75,19.00,0.01,1847.00,0.76,2429.00
16,Gates,1960,0,8763.00,0.60,391.00,0.03,9154.00,0.63,14567.00
16,Gates,1961,1,1973.00,0.88,24.00,0.01,1997.00,0.89,2245.00
16,Gates,1962,2,260.00,0.61,9.00,0.02,269.00,0.63,428.00
16,Gates,1963,3,4519.00,0.50,342.00,0.04,4861.00,0.54,8974.00
16,Gates,1964,0,59151.00,0.71,4682.00,0.06,63833.00,0.77,83229.00
16,Gates,1965,1,11733.00,0.86,338.00,0.02,12071.00,0.88,13713.00
16,Gates,1966,2,337.00,0.83,6.00,0.01,343.00,0.84,408.00
16,Gates,1967,3,5541.00,0.82,90.00,0.01,5631.00,0.83,6769.00
16,Gates,1968,0,85849.00,0.86,4117.00,0.04,89966.00,0.90,100210.00
16,Gates,1969,1,2005.00,0.71,26.00,0.01,2031.00,0.72,2808.00
16,Gates,1970,2,249.00,0.76,1.00,0.00,250.00,0.76,328.00
16,Gates,1971,3,4634.00,0.91,16.00,0.00,4650.00,0.92,5076.00
16,Gates,1972,0,65367.00,0.83,4944.00,0.06,70311.00,0.89,78634.00
16,Gates,1973,1,3045.00,0.77,119.00,0.03,3164.00,0.80,3959.00
16,Gates,1974,2,224.00,0.70,28.00,0.09,252.00,0.78,322.00
16,Gates,1975,3,5245.00,0.68,494.00,0.06,5739.00,0.74,7721.00
16,Gates,1976,0,105539.00,0.82,5365.00,0.04,110904.00,0.87,128111.00
16,Gates,1977,1,6778.00,0.69,408.00,0.04,7186.00,0.74,9768.00
16,Gates,1978,2,4841.00,0.91,208.00,0.04,5049.00,0.95,5307.00
16,Gates,1979,3,10507.00,0.66,1553.00,0.10,12060.00,0.76,15888.00
16,Gates,1980,0,35661.00,0.53,7086.00,0.10,42747.00,0.63,67835.00
16,Gates,1981,1,13961.00,0.72,800.00,0.04,14761.00,0.76,19431.00
16,Gates,1982,2,3277.00,0.74,215.00,0.05,3492.00,0.79,4422.00
16,Gates,1983,3,7374.00,0.46,1342.00,0.08,8716.00,0.54,16100.00
16,Gates,1984,0,41041.00,0.53,7013.00,0.09,48054.00,0.62,76953.00
16,Gates,1985,1,9988.00,0.63,1354.00,0.09,11342.00,0.71,15920.00
16,Gates,1986,2,2019.00,0.23,3188.00,0.36,5207.00,0.59,8779.00
16,Gates,1987,3,14996.00,0.55,2661.00,0.10,17657.00,0.65,27074.00
16,Gates,1988,0,51369.00,0.45,18997.00,0.16,70366.00,0.61,115364.00
16,Gates,1989,1,111260.00,0.82,7686.00,0.06,118946.00,0.87,135972.00
16,Gates,1990,2,13667.00,0.44,12115.00,0.39,25782.00,0.83,31156.00
16,Gates,1991,3,10343.00,0.45,3653.00,0.16,13996.00,0.60,23155.00
16,Gates,1992,0,133973.00,0.43,117849.00,0.38,251822.00,0.81,309327.00
16,Gates,1993,1,23220.00,0.54,1841.00,0.04,25061.00,0.58,43013.00
16,Gates,1994,2,7938.00,0.37,7973.00,0.37,15911.00,0.73,21700.00
16,Gates,1995,3,5581.00,0.26,8317.00,0.39,13898.00,0.66,21079.00
16,Gates,1996,0,27567.00,0.16,49646.00,0.28,77213.00,0.44,177211.00
16,Gates,1997,1,36601.00,0.59,5133.00,0.08,41734.00,0.67,62553.00
16,Gates,1998,2,4592.00,0.14,4763.00,0.14,9355.00,0.28,33595.00
16,Gates,1999,3,1490.00,0.04,5673.00,0.17,7163.00,0.21,33458.00
16,Gates,2000,0,59474.00,0.31,40853.00,0.22,100904.00,0.53,189551.00
16,Gates,2001,1,879.00,0.04,5958.00,0.30,7207.00,0.36,20128.00
16,Gates,2002,2,2392.00,0.48,369.00,0.07,2843.00,0.57,5016.00
16,Gates,2003,3,13025.50,0.34,5261.39,0.14,18884.50,0.49,38292.56
16,Gates,2004,0,25211.62,0.28,19042.09,0.21,45440.08,0.51,89632.90
16,Gates,2005,1,5416.78,0.11,5197.01,0.11,10866.83,0.23,47453.86
16,Gates,2006,2,4392.51,0.25,1743.38,0.10,6428.66,0.37,17599.95
16,Gates,2007,3,1197.40,0.26,386.83,0.08,1584.23,0.35,4574.12
16,Gates,2008,0,2503.85,0.06,11282.06,0.28,14081.26,0.35,40500.58
16,Gates,2009,1,1011.90,0.05,1612.17,0.07,2644.47,0.12,22400.47
16,Gates,2010,2,4928.60,0.19,1546.36,0.06,6594.75,0.26,25705.05
16,Gates,2011,3,12276.30,0.10,23109.07,0.19,36370.41,0.30,120160.41
17,Nadina,1952,0,7720.00,0.76,365.00,0.04,8085.00,0.79,10182.00
17,Nadina,1953,1,257861.00,0.85,4593.00,0.02,262454.00,0.86,303857.00
17,Nadina,1954,2,15379.00,0.83,340.00,0.02,15719.00,0.85,18521.00
17,Nadina,1955,3,7301.00,0.85,225.00,0.03,7526.00,0.88,8581.00
17,Nadina,1956,0,5972.00,0.76,285.00,0.04,6257.00,0.80,7839.00
17,Nadina,1957,1,270815.00,0.80,6856.00,0.02,277671.00,0.82,338551.00
17,Nadina,1958,2,9085.00,0.84,131.00,0.01,9216.00,0.85,10788.00
17,Nadina,1959,3,9168.00,0.73,280.00,0.02,9448.00,0.75,12557.00
17,Nadina,1960,0,7271.00,0.77,389.00,0.04,7660.00,0.82,9396.00
17,Nadina,1961,1,202948.00,0.83,6229.00,0.03,209177.00,0.85,245295.00
17,Nadina,1962,2,4420.00,0.61,370.00,0.05,4790.00,0.66,7219.00
17,Nadina,1963,3,13651.00,0.50,1843.00,0.07,15494.00,0.57,27145.00
17,Nadina,1964,0,5279.00,0.69,418.00,0.05,5697.00,0.74,7650.00
17,Nadina,1965,1,108711.00,0.86,3133.00,0.02,111844.00,0.88,127057.00
17,Nadina,1966,2,10752.00,0.84,304.00,0.02,11056.00,0.86,12873.00
17,Nadina,1967,3,63751.00,0.82,2115.00,0.03,65866.00,0.85,77888.00
17,Nadina,1968,0,23294.00,0.87,1217.00,0.05,24511.00,0.92,26781.00
17,Nadina,1969,1,86309.00,0.68,3862.00,0.03,90171.00,0.71,126747.00
17,Nadina,1970,2,25389.00,0.73,4454.00,0.13,29843.00,0.86,34595.00
17,Nadina,1971,3,134124.00,0.84,7289.00,0.05,141413.00,0.89,159196.00
17,Nadina,1972,0,63171.00,0.87,6201.00,0.09,69372.00,0.95,72875.00
17,Nadina,1973,1,94055.00,0.77,8371.00,0.07,102426.00,0.84,121905.00
17,Nadina,1974,2,22394.00,0.73,4321.00,0.14,26715.00,0.88,30479.00
17,Nadina,1975,3,52382.00,0.68,7611.00,0.10,59993.00,0.78,77119.00
17,Nadina,1976,0,14066.00,0.81,1547.00,0.09,15613.00,0.90,17406.00
17,Nadina,1977,1,47205.00,0.69,2595.00,0.04,49800.00,0.73,68111.00
17,Nadina,1978,2,20858.00,0.81,2316.00,0.09,23174.00,0.90,25758.00
17,Nadina,1979,3,74164.00,0.49,18568.00,0.12,92732.00,0.61,152807.00
17,Nadina,1980,0,8333.00,0.60,2343.00,0.17,10676.00,0.77,13898.00
17,Nadina,1981,1,93185.00,0.71,18413.00,0.14,111598.00,0.85,131431.00
17,Nadina,1982,2,25429.00,0.73,7193.00,0.21,32622.00,0.93,34971.00
17,Nadina,1983,3,45827.00,0.48,19369.00,0.20,65196.00,0.69,94982.00
17,Nadina,1984,0,22632.00,0.61,6577.00,0.18,29209.00,0.79,37085.00
17,Nadina,1985,1,49412.00,0.63,15410.00,0.20,64822.00,0.82,78647.00
17,Nadina,1986,2,1976.00,0.22,3429.00,0.38,5405.00,0.60,8954.00
17,Nadina,1987,3,80951.00,0.55,26468.00,0.18,107419.00,0.73,146934.00
17,Nadina,1988,0,14717.00,0.43,9891.00,0.29,24608.00,0.73,33919.00
17,Nadina,1989,1,36276.00,0.79,4451.00,0.10,40727.00,0.89,45735.00
17,Nadina,1990,2,9385.00,0.44,6104.00,0.28,15489.00,0.72,21522.00
17,Nadina,1991,3,78472.00,0.45,36013.00,0.21,114485.00,0.65,175659.00
17,Nadina,1992,0,27789.00,0.40,29468.00,0.43,57257.00,0.83,68658.00
17,Nadina,1993,1,11763.00,0.48,3309.00,0.13,15072.00,0.61,24667.00
17,Nadina,1994,2,3666.00,0.19,11264.00,0.58,14930.00,0.76,19545.00
17,Nadina,1995,3,13260.00,0.28,10585.00,0.22,23845.00,0.50,47843.00
17,Nadina,1996,0,9965.00,0.16,15336.00,0.24,25301.00,0.40,63955.00
17,Nadina,1997,1,58393.00,0.58,9127.00,0.09,67520.00,0.67,101188.00
17,Nadina,1998,2,2165.00,0.14,2033.00,0.13,4198.00,0.28,15156.00
17,Nadina,1999,3,3347.00,0.05,12694.00,0.17,16041.00,0.22,73962.00
17,Nadina,2000,0,141128.00,0.31,108764.00,0.24,251262.00,0.56,451556.00
17,Nadina,2001,1,4256.00,0.04,36662.00,0.38,42710.00,0.44,97481.00
17,Nadina,2002,2,2219.00,0.48,434.00,0.09,2729.00,0.59,4654.00
17,Nadina,2003,3,4199.33,0.34,1696.24,0.14,6088.24,0.49,12345.26
17,Nadina,2004,0,65809.41,0.28,51810.91,0.22,120701.94,0.52,233144.79
17,Nadina,2005,1,8448.19,0.11,8974.96,0.12,17806.29,0.24,74010.63
17,Nadina,2006,2,13302.01,0.25,5279.56,0.10,19468.18,0.37,53298.67
17,Nadina,2007,3,995.35,0.26,704.43,0.19,1699.79,0.45,3802.29
17,Nadina,2008,0,12195.70,0.06,61250.02,0.31,74884.27,0.38,197269.32
17,Nadina,2009,1,1387.33,0.05,3870.66,0.13,5287.44,0.17,30711.44
17,Nadina,2010,2,9187.32,0.19,6843.12,0.14,16229.05,0.34,47916.33
17,Nadina,2011,3,3251.13,0.10,13309.58,0.42,16738.03,0.53,31822.03
18,Upper Pitt,1952,0,156143.00,0.76,0.00,0.00,156143.00,0.76,205042.00
18,Upper Pitt,1953,1,82979.00,0.81,0.00,0.00,82979.00,0.81,102002.00
18,Upper Pitt,1954,2,88300.00,0.83,0.00,0.00,88300.00,0.83,105924.00
18,Upper Pitt,1955,3,78855.00,0.81,0.00,0.00,78855.00,0.81,96805.00
18,Upper Pitt,1956,0,86399.00,0.73,0.00,0.00,86399.00,0.73,118493.00
18,Upper Pitt,1957,1,32243.00,0.72,0.00,0.00,32243.00,0.72,44578.00
18,Upper Pitt,1958,2,41000.00,0.80,0.00,0.00,41000.00,0.80,51381.00
18,Upper Pitt,1959,3,75789.00,0.83,0.00,0.00,75789.00,0.83,91520.00
18,Upper Pitt,1960,0,90251.00,0.79,0.00,0.00,90251.00,0.79,114761.00
18,Upper Pitt,1961,1,34848.00,0.76,0.00,0.00,34848.00,0.76,46006.00
18,Upper Pitt,1962,2,23684.00,0.59,0.00,0.00,23684.00,0.59,40264.00
18,Upper Pitt,1963,3,12277.00,0.49,0.00,0.00,12277.00,0.49,24957.00
18,Upper Pitt,1964,0,32640.00,0.70,0.00,0.00,32640.00,0.70,46396.00
18,Upper Pitt,1965,1,47268.00,0.87,0.00,0.00,47268.00,0.87,54234.00
18,Upper Pitt,1966,2,79290.00,0.79,0.00,0.00,79290.00,0.79,100132.00
18,Upper Pitt,1967,3,112147.00,0.92,0.00,0.00,112147.00,0.92,122429.00
18,Upper Pitt,1968,0,85279.00,0.83,0.00,0.00,85279.00,0.83,102267.00
18,Upper Pitt,1969,1,133704.00,0.84,0.00,0.00,133704.00,0.84,158777.00
18,Upper Pitt,1970,2,42143.00,0.86,0.00,0.00,42143.00,0.86,48785.00
18,Upper Pitt,1971,3,61738.00,0.80,0.00,0.00,61738.00,0.80,77190.00
18,Upper Pitt,1972,0,68429.00,0.84,0.00,0.00,68429.00,0.84,81841.00
18,Upper Pitt,1973,1,64649.00,0.84,0.00,0.00,64649.00,0.84,76544.00
18,Upper Pitt,1974,2,53095.00,0.72,0.00,0.00,53095.00,0.72,73676.00
18,Upper Pitt,1975,3,84811.00,0.68,3.00,0.00,84814.00,0.68,124734.00
18,Upper Pitt,1976,0,167567.00,0.82,0.00,0.00,167567.00,0.82,204092.00
18,Upper Pitt,1977,1,44906.00,0.74,1966.00,0.03,46872.00,0.77,60724.00
18,Upper Pitt,1978,2,45990.00,0.65,138.00,0.00,46128.00,0.65,70914.00
18,Upper Pitt,1979,3,96704.00,0.66,11606.00,0.08,108310.00,0.74,145852.00
18,Upper Pitt,1980,0,18348.00,0.52,39.00,0.00,18387.00,0.52,35488.00
18,Upper Pitt,1981,1,81262.00,0.76,227.00,0.00,81489.00,0.76,106816.00
18,Upper Pitt,1982,2,20851.00,0.69,625.00,0.02,21476.00,0.71,30184.00
18,Upper Pitt,1983,3,10900.00,0.39,137.00,0.00,11037.00,0.40,27889.00
18,Upper Pitt,1984,0,29386.00,0.65,122.00,0.00,29508.00,0.65,45305.00
18,Upper Pitt,1985,1,5551.00,0.61,57.00,0.01,5608.00,0.61,9168.00
18,Upper Pitt,1986,2,6753.00,0.19,244.00,0.01,6997.00,0.19,36174.00
18,Upper Pitt,1987,3,17814.00,0.56,186.00,0.01,18000.00,0.57,31637.00
18,Upper Pitt,1988,0,28949.00,0.42,2216.00,0.03,31165.00,0.45,68912.00
18,Upper Pitt,1989,1,46488.00,0.74,633.00,0.01,47121.00,0.75,63158.00
18,Upper Pitt,1990,2,10570.00,0.45,941.00,0.04,11511.00,0.49,23713.00
18,Upper Pitt,1991,3,17256.00,0.42,1203.00,0.03,18459.00,0.45,40959.00
18,Upper Pitt,1992,0,7655.00,0.45,394.00,0.02,8049.00,0.47,17178.00
18,Upper Pitt,1993,1,41143.00,0.64,197.00,0.00,41340.00,0.64,64175.00
18,Upper Pitt,1994,2,3095.00,0.21,1813.00,0.13,4908.00,0.34,14408.00
18,Upper Pitt,1995,3,1399.00,0.15,2425.00,0.26,3824.00,0.41,9324.00
18,Upper Pitt,1996,0,9500.00,0.15,2480.00,0.04,11980.00,0.19,62057.00
18,Upper Pitt,1997,1,49683.00,0.57,1467.00,0.02,51150.00,0.59,86948.00
18,Upper Pitt,1998,2,12286.00,0.13,2079.00,0.02,14365.00,0.16,91253.00
18,Upper Pitt,1999,3,1726.00,0.04,1479.00,0.04,3205.00,0.08,39182.00
18,Upper Pitt,2000,0,20586.00,0.31,2632.00,0.04,23218.00,0.35,65856.00
18,Upper Pitt,2001,1,6197.00,0.04,4259.00,0.03,10456.00,0.07,141937.00
18,Upper Pitt,2002,2,25214.00,0.21,3876.00,0.03,29090.00,0.24,119370.00
18,Upper Pitt,2003,3,41975.36,0.34,3195.47,0.03,45170.83,0.37,123399.83
18,Upper Pitt,2004,0,89081.60,0.56,7138.39,0.04,96219.99,0.60,159988.99
18,Upper Pitt,2005,1,13120.25,0.17,1797.50,0.02,14917.75,0.19,76949.75
18,Upper Pitt,2006,2,28912.99,0.42,1136.31,0.02,30049.30,0.44,68865.30
18,Upper Pitt,2007,3,2392.53,0.05,328.35,0.01,2720.88,0.06,44549.88
18,Upper Pitt,2008,0,1856.98,0.08,464.92,0.02,2321.89,0.10,22220.56
18,Upper Pitt,2009,1,1617.09,0.05,136.01,0.00,1753.10,0.05,32787.10
18,Upper Pitt,2010,2,2266.35,0.12,488.71,0.02,2755.05,0.14,19573.05
18,Upper Pitt,2011,3,8278.03,0.13,1605.21,0.02,9883.24,0.15,65880.24
19,Harrison,1952,0,55719.00,0.68,82.00,0.00,55801.00,0.68,81595.00
19,Harrison,1953,1,97119.00,0.82,37.00,0.00,97156.00,0.82,118186.00
19,Harrison,1954,2,233947.00,0.89,33.00,0.00,233980.00,0.89,262780.00
19,Harrison,1955,3,43401.00,0.89,26.00,0.00,43427.00,0.89,49022.00
19,Harrison,1956,0,15412.00,0.86,9.00,0.00,15421.00,0.86,18007.00
19,Harrison,1957,1,20298.00,0.84,15.00,0.00,20313.00,0.84,24106.00
19,Harrison,1958,2,131210.00,0.90,15.00,0.00,131225.00,0.90,145926.00
19,Harrison,1959,3,175962.00,0.86,930.00,0.00,176892.00,0.86,204760.00
19,Harrison,1960,0,22150.00,0.56,288.00,0.01,22438.00,0.57,39648.00
19,Harrison,1961,1,52935.00,0.54,1979.00,0.02,54914.00,0.56,97687.00
19,Harrison,1962,2,9978.00,0.54,379.00,0.02,10357.00,0.56,18519.00
19,Harrison,1963,3,21757.00,0.48,897.00,0.02,22654.00,0.50,44912.00
19,Harrison,1964,0,3600.00,0.61,144.00,0.02,3744.00,0.63,5946.00
19,Harrison,1965,1,42660.00,0.73,1058.00,0.02,43718.00,0.74,58752.00
19,Harrison,1966,2,92128.00,0.73,1212.00,0.01,93340.00,0.74,125986.00
19,Harrison,1967,3,92845.00,0.82,217.00,0.00,93062.00,0.82,113610.00
19,Harrison,1968,0,13076.00,0.70,319.00,0.02,13395.00,0.71,18774.00
19,Harrison,1969,1,51911.00,0.77,191.00,0.00,52102.00,0.78,67061.00
19,Harrison,1970,2,50160.00,0.79,368.00,0.01,50528.00,0.80,63194.00
19,Harrison,1971,3,63705.00,0.94,202.00,0.00,63907.00,0.94,67697.00
19,Harrison,1972,0,1784.00,0.57,5.00,0.00,1789.00,0.57,3135.00
19,Harrison,1973,1,20634.00,0.87,79.00,0.00,20713.00,0.87,23773.00
19,Harrison,1974,2,92266.00,0.84,904.00,0.01,93170.00,0.85,110090.00
19,Harrison,1975,3,17413.00,0.74,71.00,0.00,17484.00,0.74,23471.00
19,Harrison,1976,0,27893.00,0.84,43.00,0.00,27936.00,0.84,33066.00
19,Harrison,1977,1,9209.00,0.80,103.00,0.01,9312.00,0.81,11558.00
19,Harrison,1978,2,37127.00,0.65,341.00,0.01,37468.00,0.66,57185.00
19,Harrison,1979,3,100318.00,0.67,3027.00,0.02,103345.00,0.69,149051.00
19,Harrison,1980,0,11905.00,0.69,89.00,0.01,11994.00,0.69,17260.00
19,Harrison,1981,1,11805.00,0.79,0.00,0.00,11805.00,0.79,14998.00
19,Harrison,1982,2,25331.00,0.73,127.00,0.00,25458.00,0.73,34647.00
19,Harrison,1983,3,19520.00,0.82,82.00,0.00,19602.00,0.82,23841.00
19,Harrison,1984,0,12074.00,0.90,102.00,0.01,12176.00,0.91,13443.00
19,Harrison,1985,1,4576.00,0.47,4.00,0.00,4580.00,0.47,9679.00
19,Harrison,1986,2,24964.00,0.77,267.00,0.01,25231.00,0.78,32536.00
19,Harrison,1987,3,8324.00,0.61,0.00,0.00,8324.00,0.61,13552.00
19,Harrison,1988,0,3683.00,0.70,35.00,0.01,3718.00,0.71,5262.00
19,Harrison,1989,1,13459.00,0.82,0.00,0.00,13459.00,0.82,16393.00
19,Harrison,1990,2,2703.00,0.37,9.00,0.00,2712.00,0.38,7227.00
19,Harrison,1991,3,28844.00,0.65,863.00,0.02,29707.00,0.66,44707.00
19,Harrison,1992,0,1999.00,0.86,0.00,0.00,1999.00,0.86,2312.00
19,Harrison,1993,1,71540.00,0.96,9.00,0.00,71549.00,0.96,74807.00
19,Harrison,1994,2,62502.00,0.87,156.00,0.00,62658.00,0.87,72173.00
19,Harrison,1995,3,15434.00,0.45,1979.00,0.06,17413.00,0.51,34173.00
19,Harrison,1996,0,2712.98,0.15,293.87,0.02,3282.15,0.18,17863.82
19,Harrison,1997,1,904.06,0.19,161.36,0.03,1065.42,0.22,4736.62
19,Harrison,1998,2,3048.66,0.14,95.11,0.00,3151.09,0.14,21992.63
19,Harrison,1999,3,6140.80,0.12,477.35,0.01,6836.27,0.13,51334.55
19,Harrison,2000,0,54.94,0.00,777.47,0.05,832.41,0.06,14858.70
19,Harrison,2001,1,11585.07,0.13,5661.89,0.06,17246.96,0.19,90043.03
19,Harrison,2002,2,10050.18,0.16,1473.67,0.02,11523.85,0.18,62988.18
19,Harrison,2003,3,16918.90,0.20,7285.80,0.09,26567.80,0.32,82605.92
19,Harrison,2004,0,20223.37,0.35,2825.18,0.05,23048.54,0.40,57832.30
19,Harrison,2005,1,19428.67,0.05,13050.72,0.03,32479.39,0.08,421084.39
19,Harrison,2006,2,62328.66,0.30,8901.88,0.04,71230.54,0.34,208109.54
19,Harrison,2007,3,11111.24,0.06,3827.18,0.02,14938.42,0.08,191373.90
19,Harrison,2008,0,2965.10,0.07,3740.50,0.09,6705.60,0.16,41515.26
19,Harrison,2009,1,4316.33,0.01,2424.85,0.01,6748.14,0.02,400607.12
19,Harrison,2010,2,270104.37,0.21,48144.29,0.04,326726.83,0.25,1303224.26
19,Harrison,2011,3,179377.12,0.13,84798.93,0.06,284822.96,0.21,1388379.12
